"crash_unit_id","crash_record_id","crash_date","unit_no","unit_type","num_passengers","vehicle_id","cmrc_veh_i","make","model","lic_plate_state","vehicle_year","vehicle_defect","vehicle_type","vehicle_use","travel_direction","maneuver","towed_i","fire_i","occupant_cnt","exceed_speed_limit_i","towed_by","towed_to","area_00_i","area_01_i","area_02_i","area_03_i","area_04_i","area_05_i","area_06_i","area_07_i","area_08_i","area_09_i","area_10_i","area_11_i","area_12_i","area_99_i","first_contact_point","cmv_id","usdot_no","ccmc_no","ilcc_no","commercial_src","gvwr","carrier_name","carrier_state","carrier_city","hazmat_placards_i","hazmat_name","un_no","hazmat_present_i","hazmat_report_i","hazmat_report_no","mcs_report_i","mcs_report_no","hazmat_vio_cause_crash_i","mcs_vio_cause_crash_i","idot_permit_no","wide_load_i","trailer1_width","trailer2_width","trailer1_length","trailer2_length","total_vehicle_length","axle_cnt","vehicle_config","cargo_body_type","load_type","hazmat_out_of_service_i","mcs_out_of_service_i","hazmat_class"
"1853618","16666580c2d289aedbbc29907671d4ff3a868ab972b6268c261df30b2ced1e003a66724b6f1821d24d80edcec4410d277969e34d59b6d5454c4a2be7cb5036b0","2024-06-30T02:47:00.000","1","DRIVER",,"1765798",,"KIA","FORTE","IL",,"UNKNOWN","PASSENGER","UNKNOWN/NA","N","STRAIGHT AHEAD",,,"1",,,,,,,,,,,,,,,"N",,"Y","FRONT-LEFT-CORNER",,,,,,,,,,,,,,,,,,,,,,,,,,,,,,,,,
"1853619","16666580c2d289aedbbc29907671d4ff3a868ab972b6268c261df30b2ced1e003a66724b6f1821d24d80edcec4410d277969e34d59b6d5454c4a2be7cb5036b0","2024-06-30T02:47:00.000","2","PEDESTRIAN",,,,,,,,,,,,,,,,,,,,,,,,,,,,,,,,,,,,,,,,,,,,,,,,,,,,,,,,,,,,,,,,,,
"1853597","1bef74541a6dc2d3aa275e59e5cff89dcca1d0ce4606950924c0ced8e5571f6c9f5d2623f54b3664d89a82a1013540386bd2531c1bda81e2363450e1ce856ae5","2024-06-30T02:30:00.000","1","DRIVER",,"1765768",,"UNKNOWN","OTHER (EXPLAIN IN NARRATIVE)","IL",,"UNKNOWN","PASSENGER","UNKNOWN/NA","S","STRAIGHT AHEAD",,,"1",,,,,,,,,,,,,,,,,"Y","FRONT",,,,,,,,,,,,,,,,,,,,,,,,,,,,,,,,,
"1853598","1bef74541a6dc2d3aa275e59e5cff89dcca1d0ce4606950924c0ced8e5571f6c9f5d2623f54b3664d89a82a1013540386bd2531c1bda81e2363450e1ce856ae5","2024-06-30T02:30:00.000","2","DRIVER",,"1765769",,"KIA","FORTE","IL","2017","NONE","PASSENGER","PERSONAL","S","SLOW/STOP IN TRAFFIC",,,"1",,,,,,,,,"Y","Y","Y",,,,,,,"REAR",,,,,,,,,,,,,,,,,,,,,,,,,,,,,,,,,
"1853599","25c40ebde4b673920943cf494fb0a0a310e17059982e93b33f40ab8a8db17df2d68ca3c66fc3555bd988299c22576c314a4e68cbd655e1c3f7b7732348a5df68","2024-06-30T02:15:00.000","1","DRIVER",,"1765770",,"NISSAN","MURANO","IL","2009","UNKNOWN","PASSENGER","UNKNOWN/NA","UNKNOWN","UNKNOWN/NA",,,"1",,,,,,,,,,,,,,,,,"Y","UNKNOWN",,,,,,,,,,,,,,,,,,,,,,,,,,,,,,,,,
"1853600","25c40ebde4b673920943cf494fb0a0a310e17059982e93b33f40ab8a8db17df2d68ca3c66fc3555bd988299c22576c314a4e68cbd655e1c3f7b7732348a5df68","2024-06-30T02:15:00.000","2","DRIVER",,"1765775",,"CHEVROLET","IMPALA","IL","2020","NONE","PASSENGER","PERSONAL","E","SLOW/STOP IN TRAFFIC",,,"1",,,,,"Y",,,,"Y","Y","Y",,,,"Y","Y",,"REAR",,,,,,,,,,,,,,,,,,,,,,,,,,,,,,,,,
"1853580","1e65651466fad115e0f4990777ea60081430cd24db057483c080bb359c97075fd216e5875397ad4b2e0b6f0227d5a596d1d821e26b173aa836483932e3e62d84","2024-06-30T01:54:00.000","1","DRIVER",,"1765755",,"NISSAN","ROGUE","IL","2020","UNKNOWN","PASSENGER","PERSONAL","N","STRAIGHT AHEAD",,,"1",,,,,"Y",,,,,,,,,,,,,"FRONT-RIGHT-CORNER",,,,,,,,,,,,,,,,,,,,,,,,,,,,,,,,,
"1853581","1e65651466fad115e0f4990777ea60081430cd24db057483c080bb359c97075fd216e5875397ad4b2e0b6f0227d5a596d1d821e26b173aa836483932e3e62d84","2024-06-30T01:54:00.000","2","DRIVER",,"1765774","Y","FONTAINE TRUCK EQUIPMENT COMPANY","FONTAINE TRUCK EQUIPMENT CO.","IN","2016","UNKNOWN","TRACTOR W/ SEMI-TRAILER","CONSTRUCTION/MAINTENANCE","N","STRAIGHT AHEAD",,,"1",,,,,,,,,,,,,,"Y",,,,"SIDE-LEFT","19556",,,,,,"SWIFT TRANSPORTATION CO OF ARIZONA LLC","IN","GARY",,,,"N","U",,"U",,"N","N",,,,,,,,,"TRUCK/TRACTOR","FLATBED","UNKNOWN","N","N",
"1853592","a21029e641f23a50dde5db7d7ac35284e1ba95303666e2a4acfc31652db7327859e27963192adada8c3706d0b35b08093fda7f7f3e27dd82f1da7423f55d5e63","2024-06-30T01:00:00.000","1","DRIVER","1","1765762",,"FORD","ESCAPE","IL","2001","UNKNOWN","PASSENGER","PERSONAL","N","UNKNOWN/NA","Y",,"2",,"city of chicago","pound 1",,,,,,,,,,,"Y","Y",,"Y","FRONT-LEFT-CORNER",,,,,,,,,,,,,,,,,,,,,,,,,,,,,,,,,
"1853593","a21029e641f23a50dde5db7d7ac35284e1ba95303666e2a4acfc31652db7327859e27963192adada8c3706d0b35b08093fda7f7f3e27dd82f1da7423f55d5e63","2024-06-30T01:00:00.000","2","PARKED",,"1765765",,"ACURA","TLX","IL","2005","UNKNOWN","PASSENGER","PERSONAL","N","PARKED",,,"0",,,,,,,"Y","Y","Y",,,,,,,,"Y","REAR-RIGHT-CORNER",,,,,,,,,,,,,,,,,,,,,,,,,,,,,,,,,
"1853553","525dad238435cd362c200e201cc91c31dce1674c81f57bb4fd3ba1470697927e8514da51ee904734fb40c214e1e1504a23999b58de566c123c8fc8dc6a9215c1","2024-06-30T00:58:00.000","1","DRIVER",,"1765729",,"HONDA","CIVIC","IL","2016","UNKNOWN","PASSENGER","PERSONAL","N","STRAIGHT AHEAD","Y",,"1",,,,,"Y",,,,,,,,,,"Y","Y",,"FRONT",,,,,,,,,,,,,,,,,,,,,,,,,,,,,,,,,
"1853554","525dad238435cd362c200e201cc91c31dce1674c81f57bb4fd3ba1470697927e8514da51ee904734fb40c214e1e1504a23999b58de566c123c8fc8dc6a9215c1","2024-06-30T00:58:00.000","2","PARKED",,"1765732",,"HONDA","HR-V","IL","2017","UNKNOWN","PASSENGER","UNKNOWN/NA","N","PARKED","Y",,"0",,,,,,,,,"Y","Y","Y",,,,,,,"REAR",,,,,,,,,,,,,,,,,,,,,,,,,,,,,,,,,
"1853544","64f9726fd75a5303ed41882f3a30cf3e791fcbcf000a435f31d68919d8695ebd4655d145bfe468b9ea41151f52a798badb849123df56278176265ab61f8dc9e1","2024-06-30T00:52:00.000","1","DRIVER",,"1765712",,"UNKNOWN","OTHER (EXPLAIN IN NARRATIVE)",,,"UNKNOWN","UNKNOWN/NA","UNKNOWN/NA","N","UNKNOWN/NA",,,"1",,,,,,,,,,,,,,,,,"Y","UNKNOWN",,,,,,,,,,,,,,,,,,,,,,,,,,,,,,,,,
"1853545","64f9726fd75a5303ed41882f3a30cf3e791fcbcf000a435f31d68919d8695ebd4655d145bfe468b9ea41151f52a798badb849123df56278176265ab61f8dc9e1","2024-06-30T00:52:00.000","2","PARKED",,"1765719",,"KIA","OPTIMA / K5","IL","2020","UNKNOWN","PASSENGER","PERSONAL","N","PARKED","Y",,"0",,"Private Insurance",,,"Y","N",,,"Y","Y","Y",,,"N","Y","Y",,"REAR",,,,,,,,,,,,,,,,,,,,,,,,,,,,,,,,,
"1853569","043cdd7924de3b4c54ad0235e5d8b7b3b2dd38cf44c3844bea4eae58b63b16fce0ae614aa3cac8ecc4a6309325b884896017febc56face8316df2ea962cb21fe","2024-06-30T00:48:00.000","1","DRIVER","2","1765746",,"CHEVROLET","TRAVERSE","IL","2012","NONE","PASSENGER","UNKNOWN/NA","N","AVOIDING VEHICLES/OBJECTS","Y",,"3",,"NATIONAL RECOVERY TOWING",,,"Y","Y",,,,,"Y","Y",,"Y","Y","Y",,"FRONT-LEFT-CORNER",,,,,,,,,,,,,,,,,,,,,,,,,,,,,,,,,
"1853570","043cdd7924de3b4c54ad0235e5d8b7b3b2dd38cf44c3844bea4eae58b63b16fce0ae614aa3cac8ecc4a6309325b884896017febc56face8316df2ea962cb21fe","2024-06-30T00:48:00.000","2","DRIVER","1","1765753",,"NISSAN","ROGUE","IL","2023","NONE","PASSENGER","PERSONAL","N","SLOW/STOP IN TRAFFIC",,,"2",,,,,,,,"Y","Y","Y",,,,,,,,"REAR-RIGHT-CORNER",,,,,,,,,,,,,,,,,,,,,,,,,,,,,,,,,
"1853576","f5aebdcf3d147b1dd371888291ee8523becc892b9602d5b202232f563b07273bcdd0be7f2eb4c02e6db5f519f47c95fef8c7e69511d1fcf08cce6677596fdec3","2024-06-30T00:40:00.000","1","DRIVER","1","1765751",,"JEEP","GRAND CHEROKEE","IL","2011","UNKNOWN","SPORT UTILITY VEHICLE (SUV)","PERSONAL","E","STRAIGHT AHEAD","Y",,"2",,"STREETS & SANITATION","CITY POUND",,"Y",,,,,,,,,,"Y","Y",,"FRONT",,,,,,,,,,,,,,,,,,,,,,,,,,,,,,,,,
"1853577","f5aebdcf3d147b1dd371888291ee8523becc892b9602d5b202232f563b07273bcdd0be7f2eb4c02e6db5f519f47c95fef8c7e69511d1fcf08cce6677596fdec3","2024-06-30T00:40:00.000","2","DRIVER",,"1765756",,"NISSAN","ROGUE","IL","2017","UNKNOWN","SPORT UTILITY VEHICLE (SUV)","PERSONAL","E","SLOW/STOP IN TRAFFIC","Y",,"1",,"INSURANCE","UNKNOWN",,,,,"Y","Y","Y","Y","Y",,,,,,"REAR",,,,,,,,,,,,,,,,,,,,,,,,,,,,,,,,,
"1853505","9eb111ab9bd7540cf5db27683e4c9279201fe02e59a1a214ee793c1148b2928d37b7994735c5490a7d39f8068d37103c8d01ca82af99ea253c85230225fbb96f","2024-06-29T23:55:00.000","1","DRIVER","1","1765684",,"FORD","ESCAPE","IN","2016","UNKNOWN","PASSENGER","UNKNOWN/NA","S","CHANGING LANES",,,"2",,,,,,,,,,,,,,,,,"Y","SIDE-RIGHT",,,,,,,,,,,,,,,,,,,,,,,,,,,,,,,,,
"1853506","9eb111ab9bd7540cf5db27683e4c9279201fe02e59a1a214ee793c1148b2928d37b7994735c5490a7d39f8068d37103c8d01ca82af99ea253c85230225fbb96f","2024-06-29T23:55:00.000","2","DRIVER","1","1765680",,"AUDI","A4","IL","2019","UNKNOWN","PASSENGER","PERSONAL","S","STRAIGHT AHEAD",,,"2",,,,,,,,,,,"Y","Y",,,,,,"SIDE-LEFT-REAR",,,,,,,,,,,,,,,,,,,,,,,,,,,,,,,,,
"1853494","b64bcb0e908f3d4cf5e5966ecf496596ed1a91986ba25a5bc719ca69aabb0ce50cca82826f33c8592f1fe39f337dc24964fe15072b012dde618663cb358c4132","2024-06-29T23:41:00.000","1","BICYCLE",,,,,,,,,,,,,,,,,,,,,,,,,,,,,,,,,,,,,,,,,,,,,,,,,,,,,,,,,,,,,,,,,,
"1853495","b64bcb0e908f3d4cf5e5966ecf496596ed1a91986ba25a5bc719ca69aabb0ce50cca82826f33c8592f1fe39f337dc24964fe15072b012dde618663cb358c4132","2024-06-29T23:41:00.000","2","DRIVER","1","1765672",,"HONDA","ACCORD","IL","2016","NONE","PASSENGER","PERSONAL","S","STRAIGHT AHEAD",,,"2",,,,,,,,,,,,,,,,"Y",,"FRONT",,,,,,,,,,,,,,,,,,,,,,,,,,,,,,,,,
"1853557","c4737f9f2ccfdba91d6c63cf4aeee3ce518561af3f9ad589c2df6fc6821b53f07ade94a26381e35ab39fa481d4f1b5837e10c92f24b5674666f4e7756d47b9c5","2024-06-29T23:25:00.000","1","DRIVER",,"1765734",,"PONTIAC","GRAND PRIX","IL","2004","UNKNOWN","PASSENGER","UNKNOWN/NA","N","STRAIGHT AHEAD","Y",,"1",,"city of chicago","doty road",,"Y","Y","Y","Y","N",,"N","Y","Y","Y","Y","Y",,"FRONT-LEFT-CORNER",,,,,,,,,,,,,,,,,,,,,,,,,,,,,,,,,
"1853558","c4737f9f2ccfdba91d6c63cf4aeee3ce518561af3f9ad589c2df6fc6821b53f07ade94a26381e35ab39fa481d4f1b5837e10c92f24b5674666f4e7756d47b9c5","2024-06-29T23:25:00.000","2","DRIVER","1","1765761",,"JEEP","CHEROKEE","IL","2017","UNKNOWN","PASSENGER","PERSONAL","N","STRAIGHT AHEAD",,,"2",,,,,,,,"Y","Y","Y",,,,,,,,"REAR-RIGHT-CORNER",,,,,,,,,,,,,,,,,,,,,,,,,,,,,,,,,
"1853559","c4737f9f2ccfdba91d6c63cf4aeee3ce518561af3f9ad589c2df6fc6821b53f07ade94a26381e35ab39fa481d4f1b5837e10c92f24b5674666f4e7756d47b9c5","2024-06-29T23:25:00.000","3","PARKED",,"1765764",,"BUICK","CENTURY","IL","2003","UNKNOWN","PASSENGER","PERSONAL","N","PARKED",,,"0",,,,,,,,,,,,,"Y","Y","Y",,,"SIDE-LEFT",,,,,,,,,,,,,,,,,,,,,,,,,,,,,,,,,
"1853560","c4737f9f2ccfdba91d6c63cf4aeee3ce518561af3f9ad589c2df6fc6821b53f07ade94a26381e35ab39fa481d4f1b5837e10c92f24b5674666f4e7756d47b9c5","2024-06-29T23:25:00.000","4","PARKED",,"1765766",,"VOLKSWAGEN","ATLAS","IL","2018","UNKNOWN","PASSENGER","PERSONAL","N","PARKED",,,"0",,,,,,,,,,"Y","Y","Y","Y","N","N",,,"REAR-LEFT-CORNER",,,,,,,,,,,,,,,,,,,,,,,,,,,,,,,,,
"1853481","0f060e2a919f8015856250deeb2cd79844e3a725c85a20b3532e4cf59980821e44b6ba01ae8b01d156cc58bcc8baa3d6b3e4c12eb8e7cd669dedd240a22244c7","2024-06-29T23:05:00.000","1","DRIVER","4","1765676",,"FORD","EXPLORER","IL","2021","NONE","PASSENGER","PERSONAL","S","STRAIGHT AHEAD","Y",,"5",,"PRIVATE TOW",,,"Y",,,,,,,,,,,"Y",,"FRONT-RIGHT-CORNER",,,,,,,,,,,,,,,,,,,,,,,,,,,,,,,,,
"1853482","0f060e2a919f8015856250deeb2cd79844e3a725c85a20b3532e4cf59980821e44b6ba01ae8b01d156cc58bcc8baa3d6b3e4c12eb8e7cd669dedd240a22244c7","2024-06-29T23:05:00.000","2","DRIVER","1","1765687",,"CHEVROLET","EQUINOX","IL","2022","UNKNOWN","PASSENGER","PERSONAL","NW","TURNING LEFT","Y",,"2",,"private tow",,,,,,"Y","Y",,,,,,,,,"REAR-RIGHT-CORNER",,,,,,,,,,,,,,,,,,,,,,,,,,,,,,,,,
"1853478","eec1e5e9173c4dadbc54333b17ef9e2339a3f73edc62e4e776b704d3d4f5b1fe064c47d59fbbe8fe085ba84ae6f24489a3dd70bef815c7bc2067a0bb2e397a1c","2024-06-29T22:43:00.000","1","DRIVER",,"1765647",,"FORD","FUSION","IA","2014","NONE","PASSENGER","PERSONAL","N","STRAIGHT AHEAD",,,"1",,,,,"Y",,,,,,,,,,"Y","Y",,"FRONT",,,,,,,,,,,,,,,,,,,,,,,,,,,,,,,,,
"1853479","eec1e5e9173c4dadbc54333b17ef9e2339a3f73edc62e4e776b704d3d4f5b1fe064c47d59fbbe8fe085ba84ae6f24489a3dd70bef815c7bc2067a0bb2e397a1c","2024-06-29T22:43:00.000","2","DRIVER",,"1765658",,"TOYOTA","CAMRY","IL","2014","NONE","PASSENGER","PERSONAL","N","STRAIGHT AHEAD",,,"1",,,,,"Y",,,,"Y","Y","Y",,,,"Y","Y",,"REAR",,,,,,,,,,,,,,,,,,,,,,,,,,,,,,,,,
"1853480","eec1e5e9173c4dadbc54333b17ef9e2339a3f73edc62e4e776b704d3d4f5b1fe064c47d59fbbe8fe085ba84ae6f24489a3dd70bef815c7bc2067a0bb2e397a1c","2024-06-29T22:43:00.000","3","DRIVER","1","1765666",,"HYUNDAI","KONA","IL","2018","NONE","PASSENGER","PERSONAL","N","STRAIGHT AHEAD",,,"2",,,,,,,,,"Y",,,,,,,,,"SIDE-RIGHT-REAR",,,,,,,,,,,,,,,,,,,,,,,,,,,,,,,,,
"1853463","3aa9e4419dddd3bba4d52f1715c5cd83d4180b939fad3535c25d9c801b2ea7b60438e6033f4356e93dfe5d7c563cab129d40d5566a19536af0f9ace44ec57367","2024-06-29T22:40:00.000","1","DRIVER",,"1765642",,"KIA","RIO / K2","IL","2009","NONE","PASSENGER","PERSONAL","N","STRAIGHT AHEAD",,,"1",,,,,,,,,,,,,,,,"Y",,"FRONT",,,,,,,,,,,,,,,,,,,,,,,,,,,,,,,,,
"1853464","3aa9e4419dddd3bba4d52f1715c5cd83d4180b939fad3535c25d9c801b2ea7b60438e6033f4356e93dfe5d7c563cab129d40d5566a19536af0f9ace44ec57367","2024-06-29T22:40:00.000","2","DRIVER","1","1765639",,"KIA","OPTIMA / K5","IL","2020","NONE","PASSENGER","PERSONAL","N","STRAIGHT AHEAD",,,"2",,,,,,,,,,"Y",,,,,,,,"REAR",,,,,,,,,,,,,,,,,,,,,,,,,,,,,,,,,
"1853496","6428564336a35e97acaa1616a152a9cdeb7ae7563e93fe3fe038b24a8ae76a33328d66f1ae1b00ef4e1bcc3c9f9d67595ca344a17a301cd5c1a00f017be74fab","2024-06-29T22:40:00.000","1","DRIVER",,"1765673",,"JEEP","CHEROKEE","IL","2017","NONE","PASSENGER","PERSONAL","S","STRAIGHT AHEAD","Y",,"1",,"PERSONAL TOW",,,"Y","Y","Y",,,,,,,,,"Y",,"SIDE-RIGHT",,,,,,,,,,,,,,,,,,,,,,,,,,,,,,,,,
"1853497","6428564336a35e97acaa1616a152a9cdeb7ae7563e93fe3fe038b24a8ae76a33328d66f1ae1b00ef4e1bcc3c9f9d67595ca344a17a301cd5c1a00f017be74fab","2024-06-29T22:40:00.000","2","PARKED",,"1765679",,"HONDA","CR-V","IL","2024","NONE","PASSENGER","NOT IN USE","S","PARKED","Y",,"0",,"PERSONAL TOW",,,,,,,,,"Y","Y","Y","Y","Y",,,"SIDE-LEFT",,,,,,,,,,,,,,,,,,,,,,,,,,,,,,,,,
"1853498","6428564336a35e97acaa1616a152a9cdeb7ae7563e93fe3fe038b24a8ae76a33328d66f1ae1b00ef4e1bcc3c9f9d67595ca344a17a301cd5c1a00f017be74fab","2024-06-29T22:40:00.000","3","PARKED",,"1765683",,"HONDA","CIVIC","IL","2015","NONE","PASSENGER","NOT IN USE","S","PARKED","Y",,"0",,"PERSONAL TOW",,,,,,,,,"Y","Y","Y","Y",,,,"SIDE-LEFT-REAR",,,,,,,,,,,,,,,,,,,,,,,,,,,,,,,,,
"1853476","517f83820d3ffbc4346c10af0c25a712348aeed9a90fec6b2b8188c9720ca7f82d7530b5d2a568ad3d2ded64f8592af69da87fbdcc6d675511c0546af393f5b5","2024-06-29T22:20:00.000","1","DRIVER",,"1765651",,"DODGE","DART","IL","2015","UNKNOWN","PASSENGER","PERSONAL","N","ENTER FROM DRIVE/ALLEY",,,"1",,,,,"Y","Y",,,,,,,,,,,,"FRONT-RIGHT-CORNER",,,,,,,,,,,,,,,,,,,,,,,,,,,,,,,,,
"1853477","517f83820d3ffbc4346c10af0c25a712348aeed9a90fec6b2b8188c9720ca7f82d7530b5d2a568ad3d2ded64f8592af69da87fbdcc6d675511c0546af393f5b5","2024-06-29T22:20:00.000","2","DRIVER",,"1765659",,"TOYOTA","CAMRY","IL","2012","UNKNOWN","PASSENGER","PERSONAL","E","STRAIGHT AHEAD",,,"1",,,,,,"Y","Y","Y",,,,,,,,,,"SIDE-RIGHT",,,,,,,,,,,,,,,,,,,,,,,,,,,,,,,,,
"1853483","654f65ba50eb0f5253bd6a9802f80482378f8d92c17fdf27b8a5ab6c2ef7704fcb4ddf266cac907f52856c4e0efc104fe1f1dde28d1bf96f57401f75ddeaf4fe","2024-06-29T22:15:00.000","1","DRIVER",,"1765652",,"UNKNOWN","OTHER (EXPLAIN IN NARRATIVE)","IL",,"UNKNOWN","MOTORCYCLE (OVER 150CC)","UNKNOWN/NA","S","STRAIGHT AHEAD",,,"1",,,,,,,,,,,,,,,,,"Y","FRONT",,,,,,,,,,,,,,,,,,,,,,,,,,,,,,,,,
"1853484","654f65ba50eb0f5253bd6a9802f80482378f8d92c17fdf27b8a5ab6c2ef7704fcb4ddf266cac907f52856c4e0efc104fe1f1dde28d1bf96f57401f75ddeaf4fe","2024-06-29T22:15:00.000","2","DRIVER",,"1765656",,"GENERAL MOTORS CORPORATION (GMC)","TERRAIN","IL","2012","NONE","PASSENGER","PERSONAL","N","TURNING LEFT",,,"1",,,,,"Y","Y",,,,,,,,"Y","Y","Y",,"FRONT",,,,,,,,,,,,,,,,,,,,,,,,,,,,,,,,,
"1853473","fed1ae226e3b6d6731fdffe6c13384f2288d9a492edf063f019cf2005782a6e4545c2e0459d35c98f89e29372ca8c9238f5fe0ede1d2630871b50cf2ee98c020","2024-06-29T22:15:00.000","1","DRIVER",,"1765644",,"HYUNDAI","SANTA FE",,,"UNKNOWN","UNKNOWN/NA","UNKNOWN/NA","S","STRAIGHT AHEAD",,,"1",,,,,"Y","Y","Y","Y","Y","Y","Y","Y","Y","Y","Y","Y",,"UNKNOWN",,,,,,,,,,,,,,,,,,,,,,,,,,,,,,,,,
"1853474","fed1ae226e3b6d6731fdffe6c13384f2288d9a492edf063f019cf2005782a6e4545c2e0459d35c98f89e29372ca8c9238f5fe0ede1d2630871b50cf2ee98c020","2024-06-29T22:15:00.000","2","DRIVER",,"1765653",,"CADILLAC","ESCALADE","IL",,"NONE","TRUCK - SINGLE UNIT","PERSONAL","W","STRAIGHT AHEAD","Y",,"1",,,,,,,"Y","Y","Y","Y",,,,,,,,"SIDE-RIGHT-REAR",,,,,,,,,,,,,,,,,,,,,,,,,,,,,,,,,
"1853475","fed1ae226e3b6d6731fdffe6c13384f2288d9a492edf063f019cf2005782a6e4545c2e0459d35c98f89e29372ca8c9238f5fe0ede1d2630871b50cf2ee98c020","2024-06-29T22:15:00.000","3","DRIVER",,"1765657",,"VOLKSWAGEN","TIGUAN",,,"UNKNOWN","PASSENGER","PERSONAL","W","STRAIGHT AHEAD",,,"1",,,,,"Y",,,,,,,,,"Y","Y","Y",,"FRONT",,,,,,,,,,,,,,,,,,,,,,,,,,,,,,,,,
"1853453","0a919730aee76e0fe4ce48b79928d91b951b99de89597dffa09c93f069b51a645c7d5c6433114b638c365fdf24e4305e85b632d250d93026da1a1f7889877776","2024-06-29T22:12:00.000","1","DRIVER","1","1765630",,"FORD","ESCAPE","IL","2005","UNKNOWN","PASSENGER","PERSONAL","W","AVOIDING VEHICLES/OBJECTS",,,"2",,,,,,,,,,,,,,"N","Y",,,"FRONT-LEFT-CORNER",,,,,,,,,,,,,,,,,,,,,,,,,,,,,,,,,
"1853454","0a919730aee76e0fe4ce48b79928d91b951b99de89597dffa09c93f069b51a645c7d5c6433114b638c365fdf24e4305e85b632d250d93026da1a1f7889877776","2024-06-29T22:12:00.000","2","DRIVER",,"1765634",,"CHEVROLET","MALIBU","IL","2017","UNKNOWN","PASSENGER","PERSONAL","W","STRAIGHT AHEAD",,,"1",,,,,"N","Y",,,,,,,,,,,,"FRONT-RIGHT-CORNER",,,,,,,,,,,,,,,,,,,,,,,,,,,,,,,,,
"1853459","211a07a2de1e72f74e8b1a518757a906293a9d33781f1833daadb20c908a2e776e70f0250b25bef7af21967cea2de424104655dc6a495bdc304d9305ef557594","2024-06-29T22:00:00.000","1","DRIVER",,"1765678",,"BMW","OTHER (EXPLAIN IN NARRATIVE)","IL","2001","UNKNOWN","PASSENGER","UNKNOWN/NA","W","STRAIGHT AHEAD",,,"1",,,,,,,,,,,,,,,,,"Y","UNKNOWN",,,,,,,,,,,,,,,,,,,,,,,,,,,,,,,,,
"1853460","211a07a2de1e72f74e8b1a518757a906293a9d33781f1833daadb20c908a2e776e70f0250b25bef7af21967cea2de424104655dc6a495bdc304d9305ef557594","2024-06-29T22:00:00.000","2","DRIVER",,"1765654",,"HONDA","ACCORD","IL","2005","UNKNOWN","PASSENGER","PERSONAL","W","STRAIGHT AHEAD",,,"1",,,,,,,,,,"Y",,,,,,,,"REAR",,,,,,,,,,,,,,,,,,,,,,,,,,,,,,,,,
"1853437","360d62c508341ac0e59f0a46cc3ee2c9e1d358edb51055ff3e2b4a16992c9c5c9db18222d95ea1ef0d534a3e5a50d5f69f0eed0417be8e2babba158703752949","2024-06-29T22:00:00.000","1","DRIVER",,"1765613",,"UNKNOWN","MOTORIZED","IL",,"UNKNOWN","UNKNOWN/NA","UNKNOWN/NA","W","STRAIGHT AHEAD",,,"1",,,,,,,,,,,,,,,,,"Y","UNKNOWN",,,,,,,,,,,,,,,,,,,,,,,,,,,,,,,,,
"1853438","360d62c508341ac0e59f0a46cc3ee2c9e1d358edb51055ff3e2b4a16992c9c5c9db18222d95ea1ef0d534a3e5a50d5f69f0eed0417be8e2babba158703752949","2024-06-29T22:00:00.000","2","DRIVER","1","1765617",,"HONDA","CIVIC","IL","2011","NONE","PASSENGER","PERSONAL","W","STRAIGHT AHEAD",,,"2",,,,,,,,,"Y","Y","Y",,,,,,,"REAR",,,,,,,,,,,,,,,,,,,,,,,,,,,,,,,,,
"1853507","c8134fe4e5a1c42c4b3ff9088a220f2b94da95594149d6acb0ee7a85c5f8b97450a395d9e44e0a44a9c158ef6e1f879426df170454ff747acaeb7d2f2959f679","2024-06-29T22:00:00.000","1","DRIVER",,"1765681",,"FORD","F150","IL","2010","UNKNOWN","PICKUP","PERSONAL","W","STRAIGHT AHEAD",,,"1",,,,,"N",,,,,,,,,,"N","N","Y","FRONT",,,,,,,,,,,,,,,,,,,,,,,,,,,,,,,,,
"1853508","c8134fe4e5a1c42c4b3ff9088a220f2b94da95594149d6acb0ee7a85c5f8b97450a395d9e44e0a44a9c158ef6e1f879426df170454ff747acaeb7d2f2959f679","2024-06-29T22:00:00.000","2","DRIVER",,"1765686",,"VOLKSWAGEN","PASSAT","IL","2014","NONE","PASSENGER","PERSONAL","W","STRAIGHT AHEAD","Y",,"1",,"PERSONAL TOW",,,,,,,"Y","Y","Y","Y",,,,,,"REAR",,,,,,,,,,,,,,,,,,,,,,,,,,,,,,,,,
"1853445","4c3f5cd6a8642b19a7432172066ea2552c3d3bfb289673e847add8b46baed819fb6c59de0c76e2817b7b38a967933728aa89dd3de8fcd806e5b2f0944d9ad8c4","2024-06-29T21:55:00.000","1","DRIVER",,"1765622",,"TOYOTA","PRIUS","IL","2014","UNKNOWN","PASSENGER","PERSONAL","W","STRAIGHT AHEAD",,,"1",,,,,,,,,,,,"Y","Y","Y",,,,"SIDE-LEFT",,,,,,,,,,,,,,,,,,,,,,,,,,,,,,,,,