"crash_unit_id","crash_record_id","crash_date","unit_no","unit_type","num_passengers","vehicle_id","cmrc_veh_i","make","model","lic_plate_state","vehicle_year","vehicle_defect","vehicle_type","vehicle_use","travel_direction","maneuver","towed_i","fire_i","occupant_cnt","exceed_speed_limit_i","towed_by","towed_to","area_00_i","area_01_i","area_02_i","area_03_i","area_04_i","area_05_i","area_06_i","area_07_i","area_08_i","area_09_i","area_10_i","area_11_i","area_12_i","area_99_i","first_contact_point","cmv_id","usdot_no","ccmc_no","ilcc_no","commercial_src","gvwr","carrier_name","carrier_state","carrier_city","hazmat_placards_i","hazmat_name","un_no","hazmat_present_i","hazmat_report_i","hazmat_report_no","mcs_report_i","mcs_report_no","hazmat_vio_cause_crash_i","mcs_vio_cause_crash_i","idot_permit_no","wide_load_i","trailer1_width","trailer2_width","trailer1_length","trailer2_length","total_vehicle_length","axle_cnt","vehicle_config","cargo_body_type","load_type","hazmat_out_of_service_i","mcs_out_of_service_i","hazmat_class"
"1853353","20c3a0b707c34e2d1900713c0996586d05e3c138a09bf93b93166ae03e7fb3b5425824209a98ea8b34de796d1d87948efdd9f80fa6054d1efea750fbce47e0b2","2024-06-29T18:50:00.000","2","DRIVER",,"1765537",,"FORD","ESCAPE","IL","2019","UNKNOWN","PASSENGER","PERSONAL","S","STRAIGHT AHEAD",,,"1",,,,,"Y",,,,,,,,,,,,,"FRONT-RIGHT-CORNER",,,,,,,,,,,,,,,,,,,,,,,,,,,,,,,,,
"1853354","20c3a0b707c34e2d1900713c0996586d05e3c138a09bf93b93166ae03e7fb3b5425824209a98ea8b34de796d1d87948efdd9f80fa6054d1efea750fbce47e0b2","2024-06-29T18:50:00.000","3","PARKED",,"1765548",,"MITSUBISHI","ECLIPSE","IL","2022","UNKNOWN","PASSENGER","PERSONAL","S","PARKED",,,"0",,,,,,,,,,,"Y","Y",,,,,,"REAR-LEFT-CORNER",,,,,,,,,,,,,,,,,,,,,,,,,,,,,,,,,
"1853320","4c7d5dfe30b95d7ebc931963f57ff8b4cd868c79231b8f221250d62982198d1d855cb4b1b352c91d329b8772e4c9780cbb88cd298e339f5252e5a8c2cd0bbe8a","2024-06-29T18:45:00.000","1","DRIVER",,"1765499",,"JEEP","CHEROKEE","IL","2018","UNKNOWN","SPORT UTILITY VEHICLE (SUV)","PERSONAL","E","TURNING LEFT","Y",,"1",,"PRIVATE TOW",,,,"N","N",,,,,,,"Y","Y",,,"FRONT",,,,,,,,,,,,,,,,,,,,,,,,,,,,,,,,,
"1853321","4c7d5dfe30b95d7ebc931963f57ff8b4cd868c79231b8f221250d62982198d1d855cb4b1b352c91d329b8772e4c9780cbb88cd298e339f5252e5a8c2cd0bbe8a","2024-06-29T18:45:00.000","2","DRIVER",,"1765507",,"CHEVROLET","TAHOE","IL","2014","UNKNOWN","SPORT UTILITY VEHICLE (SUV)","PERSONAL","S","STRAIGHT AHEAD","Y",,"1",,"PRIVATE TOW",,,"Y",,,,,,,,,,,,,"FRONT",,,,,,,,,,,,,,,,,,,,,,,,,,,,,,,,,
"1853364","c6b59fd06442adc8fdba371120c3100482909e9bda36f3572c5db7df69cf30c83cf56fffb0908c577e2e823dde2b64026eadbea38721d9042eee09d147b80a06","2024-06-29T18:45:00.000","1","DRIVER","3","1765541",,"BUICK","ENCORE","IL","2023","NONE","SPORT UTILITY VEHICLE (SUV)","PERSONAL","S","STRAIGHT AHEAD","Y",,"4",,"Private Tow",,,"Y",,,,,,,,,,"Y","Y",,"FRONT",,,,,,,,,,,,,,,,,,,,,,,,,,,,,,,,,
"1853365","c6b59fd06442adc8fdba371120c3100482909e9bda36f3572c5db7df69cf30c83cf56fffb0908c577e2e823dde2b64026eadbea38721d9042eee09d147b80a06","2024-06-29T18:45:00.000","2","DRIVER","1","1765563",,"SCION","XA","IL","2006","NONE","PASSENGER","PERSONAL","W","STRAIGHT AHEAD","Y",,"2",,"Private Tow",,,,,,,,,,,,,,"Y",,"FRONT",,,,,,,,,,,,,,,,,,,,,,,,,,,,,,,,,
"1853310","44ae63e8f0178140aa91fe24f17678910b26db26f1bcbeb4e4e3b40dfc835c06dde6e9af90aa80793469850fb17ed2174458f62404bdac8c9e086707aac61b63","2024-06-29T18:40:00.000","1","DRIVER",,"1765491",,"UNKNOWN","MOTORIZED",,,"UNKNOWN","UNKNOWN/NA","UNKNOWN/NA","UNKNOWN","UNKNOWN/NA",,,"1",,,,,,,,,,,,,,,,,"Y","UNKNOWN",,,,,,,,,,,,,,,,,,,,,,,,,,,,,,,,,
"1853311","44ae63e8f0178140aa91fe24f17678910b26db26f1bcbeb4e4e3b40dfc835c06dde6e9af90aa80793469850fb17ed2174458f62404bdac8c9e086707aac61b63","2024-06-29T18:40:00.000","2","PARKED",,"1765496",,"NISSAN","MAXIMA","IL","2009","UNKNOWN","PASSENGER","NOT IN USE","N","PARKED",,,"0",,,,,"Y","Y",,,,,,,,,,,,"FRONT-RIGHT-CORNER",,,,,,,,,,,,,,,,,,,,,,,,,,,,,,,,,
"1853324","585449bb480f5fdf183b7081204c619694ba5e780b883cc86781aabe0824cab77e4019180d37d840e9796bd22f4420bfb0fd8ea9dccc61a4329b7571ff7b03e7","2024-06-29T18:38:00.000","1","DRIVER","3","1765504",,"JEEP","GRAND CHEROKEE","IL","2005","NONE","PASSENGER","PERSONAL","N","STRAIGHT AHEAD",,,"4",,,,,"Y","Y","Y","Y","Y",,,,,,,,,"SIDE-RIGHT",,,,,,,,,,,,,,,,,,,,,,,,,,,,,,,,,
"1853325","585449bb480f5fdf183b7081204c619694ba5e780b883cc86781aabe0824cab77e4019180d37d840e9796bd22f4420bfb0fd8ea9dccc61a4329b7571ff7b03e7","2024-06-29T18:38:00.000","2","DRIVER",,"1765513",,"NISSAN","ALTIMA","IL","2009","NONE","PASSENGER","PERSONAL","W","STRAIGHT AHEAD","Y",,"1",,"PRIVATE TOW",,,"Y","Y",,,,,,,,"Y","Y","Y",,"FRONT",,,,,,,,,,,,,,,,,,,,,,,,,,,,,,,,,
"1853316","4c047f5cca798b7579af14aaf01dca64d44e32fb65cdeb1ab673b092f7dc202e3988f2bfebb9125582152557fedf70fdb5a74f8cd590f62494819ef1b1bd8f90","2024-06-29T18:35:00.000","1","DRIVER",,"1765495",,"MAZDA","OTHER (EXPLAIN IN NARRATIVE)","IL","2016","UNKNOWN","PASSENGER","PERSONAL","W","STRAIGHT AHEAD",,,"1",,,,,"Y",,,,,,,,,,"Y","Y",,"FRONT",,,,,,,,,,,,,,,,,,,,,,,,,,,,,,,,,
"1853317","4c047f5cca798b7579af14aaf01dca64d44e32fb65cdeb1ab673b092f7dc202e3988f2bfebb9125582152557fedf70fdb5a74f8cd590f62494819ef1b1bd8f90","2024-06-29T18:35:00.000","2","DRIVER","1","1765502",,"CADILLAC","ATS","IL","2014","NONE","PASSENGER","PERSONAL","S","STRAIGHT AHEAD",,,"2",,,,,,,,,,,,,"Y","Y","Y",,,"SIDE-LEFT-FRONT",,,,,,,,,,,,,,,,,,,,,,,,,,,,,,,,,
"1853314","e4817062ccedb6a31618addd791fd414df653bcee6403ccbd64891a7d9607d0fd7e1cf1de41b4803c6fa5a8cbd16d7dc07acacaa5bffb6f2c1c98c0a0a0085d4","2024-06-29T18:34:00.000","1","DRIVER",,"1765497",,"CHEVROLET","HHR","IL","2007","NONE","PASSENGER","PERSONAL","SE","TURNING LEFT",,,"1",,,,,"Y","Y",,,,,,,,,,,,"SIDE-LEFT-FRONT",,,,,,,,,,,,,,,,,,,,,,,,,,,,,,,,,
"1853315","e4817062ccedb6a31618addd791fd414df653bcee6403ccbd64891a7d9607d0fd7e1cf1de41b4803c6fa5a8cbd16d7dc07acacaa5bffb6f2c1c98c0a0a0085d4","2024-06-29T18:34:00.000","2","DRIVER",,"1765503",,"LEXUS","OTHER (EXPLAIN IN NARRATIVE)","IL","2014","UNKNOWN","PASSENGER","PERSONAL","N","STRAIGHT AHEAD","Y",,"1",,"PRIVATE",,,,,,,,,"Y","Y","Y","Y","Y",,,"SIDE-LEFT",,,,,,,,,,,,,,,,,,,,,,,,,,,,,,,,,
"1853346","1c50d9ecd0e1213063338eb3d2d414ccc50a2fadda4bc4b27c7d6d2b164574b653af22ba89449b2bd3807a086f9baa3b7f855753d7063f6013d3ae6e3629b91e","2024-06-29T18:30:00.000","1","DRIVER",,"1765523",,"UNKNOWN","OTHER (EXPLAIN IN NARRATIVE)","IL",,"UNKNOWN","UNKNOWN/NA","UNKNOWN/NA","UNKNOWN","UNKNOWN/NA",,,"1",,,,,,,,,,,,,,,,,"Y","UNKNOWN",,,,,,,,,,,,,,,,,,,,,,,,,,,,,,,,,
"1853347","1c50d9ecd0e1213063338eb3d2d414ccc50a2fadda4bc4b27c7d6d2b164574b653af22ba89449b2bd3807a086f9baa3b7f855753d7063f6013d3ae6e3629b91e","2024-06-29T18:30:00.000","2","PARKED",,"1765527",,"HONDA","CR-V","IL","2024","NONE","SPORT UTILITY VEHICLE (SUV)","NOT IN USE","N","PARKED",,,"0",,,,,"Y",,,,,,,,,,,,,"FRONT-RIGHT-CORNER",,,,,,,,,,,,,,,,,,,,,,,,,,,,,,,,,
"1853312","b01ea25064e95cd5105173c9471d99381831876f9d07a3a487b39889014f51304ac257223ef5f3764eccfb70cd3fe0ace4a70bfe6831b5e649d6c6ee329e6879","2024-06-29T18:30:00.000","1","DRIVER",,"1765492",,"UNKNOWN","OTHER (EXPLAIN IN NARRATIVE)",,,"UNKNOWN","VAN/MINI-VAN","UNKNOWN/NA","W","STRAIGHT AHEAD",,,"1",,,,,,,,,,,,,,,,,"Y","FRONT",,,,,,,,,,,,,,,,,,,,,,,,,,,,,,,,,
"1853313","b01ea25064e95cd5105173c9471d99381831876f9d07a3a487b39889014f51304ac257223ef5f3764eccfb70cd3fe0ace4a70bfe6831b5e649d6c6ee329e6879","2024-06-29T18:30:00.000","2","DRIVER",,"1765494",,"VOLKSWAGEN","JETTA","IL","2014","NONE","PASSENGER","PERSONAL","UNKNOWN","STRAIGHT AHEAD",,,"1",,,,,"Y",,,,,,,,,,,,,"FRONT-RIGHT-CORNER",,,,,,,,,,,,,,,,,,,,,,,,,,,,,,,,,
"1853335","7a8ee1bfee98179b61d2e9a852220bf6ed7cc2763d105b544bf9bd8eb3aa776d36fca61880f49b5cfe4903741aa829afd33a9747b52436d9d02d183bf851e7fe","2024-06-29T18:17:00.000","1","DRIVER","1","1765526",,"HONDA","CR-V","IN","2013","UNKNOWN","SPORT UTILITY VEHICLE (SUV)","PERSONAL","N","AVOIDING VEHICLES/OBJECTS",,,"2",,,,,"Y",,,,,,,,,,"Y","Y",,"FRONT",,,,,,,,,,,,,,,,,,,,,,,,,,,,,,,,,
"1853350","708030192bca979422321468687b29f8fe10dcada64df787a4d42e767676a499031f51a8c5b8e6ed4c014dfa3c19e48e1d58d2b9f42599000ad45f9eb6d2f26a","2024-06-29T18:12:00.000","1","DRIVER","1","1765530",,"JEEP","CHEROKEE","IL","2015","NONE","PASSENGER","PERSONAL","S","STRAIGHT AHEAD",,,"2",,,,,"Y",,,,,,,,,,"Y","Y",,"FRONT",,,,,,,,,,,,,,,,,,,,,,,,,,,,,,,,,
"1853351","708030192bca979422321468687b29f8fe10dcada64df787a4d42e767676a499031f51a8c5b8e6ed4c014dfa3c19e48e1d58d2b9f42599000ad45f9eb6d2f26a","2024-06-29T18:12:00.000","2","DRIVER","1","1765535",,"FORD","FUSION","IL","2019","NONE","PASSENGER","PERSONAL","S","STRAIGHT AHEAD",,,"2",,,,,,,,,"Y","Y","Y",,,,,,,"REAR",,,,,,,,,,,,,,,,,,,,,,,,,,,,,,,,,
"1853338","ae7c7e8ee7013647a4e1e3e929e79b5b522e4df77f0f4f5cd5f437561b4b1e87a30601311c789b738fd18c7e5be801bbb1fb75c29020ebdc294f61c56e34f7c8","2024-06-29T18:00:00.000","1","DRIVER",,"1765516",,"TOYOTA","CAMRY","IL","2005","UNKNOWN","PASSENGER","UNKNOWN/NA","E","BACKING",,,"1",,,,,,,"Y","Y","Y",,,,,,,,,"SIDE-RIGHT-REAR",,,,,,,,,,,,,,,,,,,,,,,,,,,,,,,,,
"1853339","ae7c7e8ee7013647a4e1e3e929e79b5b522e4df77f0f4f5cd5f437561b4b1e87a30601311c789b738fd18c7e5be801bbb1fb75c29020ebdc294f61c56e34f7c8","2024-06-29T18:00:00.000","2","PARKED","1","1765520",,"FORD","F150 XLT","IL","2004","UNKNOWN","PASSENGER","NOT IN USE","E","PARKED",,,"1",,,,,,,,,,,"Y","Y","Y","Y","Y",,,"FRONT-LEFT-CORNER",,,,,,,,,,,,,,,,,,,,,,,,,,,,,,,,,
"1853371","3c76e647a94caae756f43d02ea3ae9952dfdcb6afcf585d124eb67906143ad1b0daf0d5343730a315644c79d4bcf67d794e7423fdc91c894a995fd9095bba262","2024-06-29T17:54:00.000","1","DRIVER",,"1765544",,"HONDA","CIVIC","IL",,"NONE","PASSENGER","PERSONAL","S","STRAIGHT AHEAD",,,"1",,,,,,,,,,,,,,,,,,"FRONT-RIGHT-CORNER",,,,,,,,,,,,,,,,,,,,,,,,,,,,,,,,,
"1853372","3c76e647a94caae756f43d02ea3ae9952dfdcb6afcf585d124eb67906143ad1b0daf0d5343730a315644c79d4bcf67d794e7423fdc91c894a995fd9095bba262","2024-06-29T17:54:00.000","2","PARKED",,"1765556",,"HYUNDAI","SANTA FE","IL",,"NONE","SPORT UTILITY VEHICLE (SUV)","NOT IN USE","S","PARKED",,,"0",,,,,,,,,,,,,,,,,,"REAR",,,,,,,,,,,,,,,,,,,,,,,,,,,,,,,,,
"1853342","bba491e9ed41e615b0d3ce50a12e1566ca330439c3af9a32092e2be866ad2d551496451b9ba2f733541282c3a4fdfa34a933e9c189e773d03f676ac8cb05c8a1","2024-06-29T17:35:00.000","1","DRIVER",,"1765522",,"DODGE","CHARGER","IL","2014","UNKNOWN","PASSENGER","PERSONAL","E","BACKING",,,"1",,,,,,,,,,,"Y",,,,,,,"REAR-LEFT-CORNER",,,,,,,,,,,,,,,,,,,,,,,,,,,,,,,,,
"1853343","bba491e9ed41e615b0d3ce50a12e1566ca330439c3af9a32092e2be866ad2d551496451b9ba2f733541282c3a4fdfa34a933e9c189e773d03f676ac8cb05c8a1","2024-06-29T17:35:00.000","2","DRIVER","1","1765529",,"KIA","SOUL","IL","2024","UNKNOWN","SPORT UTILITY VEHICLE (SUV)","PERSONAL","W","SLOW/STOP IN TRAFFIC",,,"2",,,,,"Y",,,,,,,,,,,,,"FRONT-RIGHT-CORNER",,,,,,,,,,,,,,,,,,,,,,,,,,,,,,,,,
"1853276","49b6aa27d695855d2c51a61d0625eed615711166afed7095d7c9e80984fce7535e8c3c3c121e8c47a37f586bfbf17ed627ac5672c773fc71e4ef59f8157cc818","2024-06-29T17:30:00.000","2","DRIVER",,"1765458",,"INFINITI","QX60","IL","2015","NONE","PASSENGER","PERSONAL","NW","TURNING RIGHT",,,"1",,,,,,,,"Y",,,,,,,,,,"SIDE-LEFT-REAR",,,,,,,,,,,,,,,,,,,,,,,,,,,,,,,,,
"1853277","49b6aa27d695855d2c51a61d0625eed615711166afed7095d7c9e80984fce7535e8c3c3c121e8c47a37f586bfbf17ed627ac5672c773fc71e4ef59f8157cc818","2024-06-29T17:30:00.000","1","DRIVER",,"1765462",,"TOYOTA","COROLLA","IL","2013","NONE","PASSENGER","PERSONAL","N","ENTERING TRAFFIC LANE FROM PARKING",,,"1",,,,,,,,,,,,,,,"Y",,,"FRONT-LEFT-CORNER",,,,,,,,,,,,,,,,,,,,,,,,,,,,,,,,,
"1853358","3bffb97f0c96eef53d0458c005907ff63c3a4e13710e8cb063c6ef863e1fd2301845e5948858f386b42658e005418f16e0a257bfb2982f733883b85a4bba21e9","2024-06-29T17:20:00.000","1","DRIVER",,"1765534",,"HONDA","CR-V","IL","2004","UNKNOWN","PASSENGER","PERSONAL","SE","U-TURN","Y",,"1",,"private tow",,,,,,,,,,"Y","Y",,,,,"SIDE-LEFT-REAR",,,,,,,,,,,,,,,,,,,,,,,,,,,,,,,,,
"1853359","3bffb97f0c96eef53d0458c005907ff63c3a4e13710e8cb063c6ef863e1fd2301845e5948858f386b42658e005418f16e0a257bfb2982f733883b85a4bba21e9","2024-06-29T17:20:00.000","2","DRIVER",,"1765542",,"TOYOTA","CAMRY","IL","2000","UNKNOWN","PASSENGER","PERSONAL","W","STRAIGHT AHEAD",,,"1",,,,,"Y",,,,,,,,,,"Y","Y",,"FRONT",,,,,,,,,,,,,,,,,,,,,,,,,,,,,,,,,
"1853322","36fa6fc1aa909a25854054bc28e35ae0e7eaf7d23028a352ac1dbf542e6bacbd6670adb30c1b49177affb095202a23bd07f62b376b57917c44e8ffd17d4f1be4","2024-06-29T17:18:00.000","1","DRIVER","1","1765506",,"BMW","X5","IL","2012","UNKNOWN","SPORT UTILITY VEHICLE (SUV)","PERSONAL","E","STRAIGHT AHEAD",,,"2",,,,,"Y",,,,,,,,,,"Y","Y",,"FRONT",,,,,,,,,,,,,,,,,,,,,,,,,,,,,,,,,
"1853323","36fa6fc1aa909a25854054bc28e35ae0e7eaf7d23028a352ac1dbf542e6bacbd6670adb30c1b49177affb095202a23bd07f62b376b57917c44e8ffd17d4f1be4","2024-06-29T17:18:00.000","2","DRIVER",,"1765519",,"BMW","X5","IL","2008","UNKNOWN","SPORT UTILITY VEHICLE (SUV)","PERSONAL","E","STRAIGHT AHEAD",,,"1",,,,,,,,,"Y","Y","Y",,,,,,,"REAR",,,,,,,,,,,,,,,,,,,,,,,,,,,,,,,,,
"1853296","0fa958391ac0f001140396b54a1dcdd486b0513f6e9ab46f25c50da603c10b0ef5b4fa2c5be2a09dd18db8fb5ddc6f299cfb232e216d2ae8993ca59fb0df9f5f","2024-06-29T17:15:00.000","1","DRIVER",,"1765474",,"NISSAN","SENTRA","IL","2014","NONE","PASSENGER","PERSONAL","E","BACKING",,,"1",,,,,,,,,,,,,,,,,"Y","REAR",,,,,,,,,,,,,,,,,,,,,,,,,,,,,,,,,
"1853297","0fa958391ac0f001140396b54a1dcdd486b0513f6e9ab46f25c50da603c10b0ef5b4fa2c5be2a09dd18db8fb5ddc6f299cfb232e216d2ae8993ca59fb0df9f5f","2024-06-29T17:15:00.000","2","DRIVER",,"1765476",,"NISSAN","ROGUE","IL","2020","NONE","SPORT UTILITY VEHICLE (SUV)","PERSONAL","W","LEAVING TRAFFIC LANE TO PARK",,,"1",,,,,,,,,,,,,,,"Y",,,"FRONT-LEFT-CORNER",,,,,,,,,,,,,,,,,,,,,,,,,,,,,,,,,
"1853265","3de8b9bcce729b4ab3206b447072fed5d77ff0fc1d3a1e4244afcf4ec214976668334733d88dc77c1b8def6e96ec397a7c6b82bb44fd205a47a0662611627d5f","2024-06-29T17:15:00.000","1","DRIVER",,"1765456",,"KIA","RIO / K2","IL","2013","UNKNOWN","PASSENGER","PERSONAL","W","STRAIGHT AHEAD",,,"1",,,,,,,,,"Y",,,,,,,,,"REAR-RIGHT-CORNER",,,,,,,,,,,,,,,,,,,,,,,,,,,,,,,,,
"1853266","3de8b9bcce729b4ab3206b447072fed5d77ff0fc1d3a1e4244afcf4ec214976668334733d88dc77c1b8def6e96ec397a7c6b82bb44fd205a47a0662611627d5f","2024-06-29T17:15:00.000","2","DRIVER",,"1765453",,"TOYOTA","COROLLA","IL","2015","NONE","PASSENGER","PERSONAL","N","STRAIGHT AHEAD",,,"1",,,,,"Y",,,,,,,,,,"Y","Y",,"FRONT",,,,,,,,,,,,,,,,,,,,,,,,,,,,,,,,,
"1853375","517ba36387ae520d5eda676fb570f47f9757a2c99b69734510b15e1d9fc69a7768842575dcd06d25a5acb8b0d3c31b7bec03b28012e7254aeb7faeb92b2c30df","2024-06-29T17:15:00.000","1","DRIVER",,"1765545",,"NISSAN","TRUCK","IL","2004","UNKNOWN","PICKUP","UNKNOWN/NA","N","BACKING",,,"1",,,,,,,,,,,,,,,,,"Y","REAR",,,,,,,,,,,,,,,,,,,,,,,,,,,,,,,,,
"1853376","517ba36387ae520d5eda676fb570f47f9757a2c99b69734510b15e1d9fc69a7768842575dcd06d25a5acb8b0d3c31b7bec03b28012e7254aeb7faeb92b2c30df","2024-06-29T17:15:00.000","2","DRIVER",,"1765561",,"HONDA","HR-V","IL","2018","NONE","PASSENGER","PERSONAL","S","STRAIGHT AHEAD",,,"1",,,,,,,,,,,,,,,"Y","Y",,"FRONT-LEFT-CORNER",,,,,,,,,,,,,,,,,,,,,,,,,,,,,,,,,
"1853261","bf65d688481a73f60700f7eeec337fb5bbaf25047e4d597595fea609a9b72a84ae89f22bf273d7b29f0e9edb0dd501330caa3d44c0cc81629f912f23c0b25c0d","2024-06-29T17:10:00.000","1","DRIVER",,"1765443",,"KIA","SORENTO","IL","2020","NONE","PASSENGER","PERSONAL","E","STRAIGHT AHEAD",,,"1",,,,,"Y",,,,,,,,,,"N","Y",,"FRONT-RIGHT-CORNER",,,,,,,,,,,,,,,,,,,,,,,,,,,,,,,,,
"1853262","bf65d688481a73f60700f7eeec337fb5bbaf25047e4d597595fea609a9b72a84ae89f22bf273d7b29f0e9edb0dd501330caa3d44c0cc81629f912f23c0b25c0d","2024-06-29T17:10:00.000","2","DRIVER","1","1765448",,"CHEVROLET","EQUINOX","IL","2023","NONE","PASSENGER","PERSONAL","E","STRAIGHT AHEAD",,,"2",,,,,,,,,,"Y","Y",,,,,,,"REAR-LEFT-CORNER",,,,,,,,,,,,,,,,,,,,,,,,,,,,,,,,,
"1853240","079721aaa67de98775f852f017938e3b79fe34992369503a0e308d608b84cea771290538262720eb5add370dccd073861b01262598d689b9603cdccc89ce99b5","2024-06-29T17:00:00.000","1","DRIVER",,"1765420",,"CHEVROLET","EQUINOX","IL",,"UNKNOWN","PASSENGER","PERSONAL","W","STRAIGHT AHEAD",,,"1",,,,,,,,,,,,,,,"Y",,,"FRONT-LEFT-CORNER",,,,,,,,,,,,,,,,,,,,,,,,,,,,,,,,,
"1853241","079721aaa67de98775f852f017938e3b79fe34992369503a0e308d608b84cea771290538262720eb5add370dccd073861b01262598d689b9603cdccc89ce99b5","2024-06-29T17:00:00.000","2","DRIVER",,"1765426",,"FORD","TRANSIT","IL","2019","UNKNOWN","OTHER","AMBULANCE","W","STRAIGHT AHEAD",,,"1",,,,,"Y",,,,,,,,,,,,,"FRONT-RIGHT-CORNER",,,,,,,,,,,,,,,,,,,,,,,,,,,,,,,,,
"1853294","484c2d171376e1565611a9e8dd8ba6c8125a2916c191ee217dbfa26e2b2a23499b1ce79fdf9b352042bec9b924b6b8fb9035e6331c512d057f1228ef98d29242","2024-06-29T17:00:00.000","1","DRIVER",,"1765477",,"FORD","ECONOLINE E450","IL","2016","NONE","OTHER","AMBULANCE","S","PASSING/OVERTAKING",,,"1",,,,,,,,,,,"Y",,,,,,,"REAR-LEFT-CORNER",,,,,,,,,,,,,,,,,,,,,,,,,,,,,,,,,
"1853295","484c2d171376e1565611a9e8dd8ba6c8125a2916c191ee217dbfa26e2b2a23499b1ce79fdf9b352042bec9b924b6b8fb9035e6331c512d057f1228ef98d29242","2024-06-29T17:00:00.000","2","PARKED","1","1765480",,"FORD","ECONOLINE E550","IL","2018","NONE","OTHER","AMBULANCE","S","PARKED",,,"1",,,,,"Y",,,,,,,,,,,,,"FRONT-RIGHT-CORNER",,,,,,,,,,,,,,,,,,,,,,,,,,,,,,,,,
"1853290","77c606f8e4adeef4d35d04a10747e8865d8659035fb8f775eece4ef3d9c8d5409ad39b942e6298f8e65ced96164414ea34ae5e6a9333cbedf0c6dc708cdcf2a1","2024-06-29T17:00:00.000","1","DRIVER",,"1765472",,"MERCEDES-BENZ","500 SERIES","IL","2021","UNKNOWN","PASSENGER","PERSONAL","S","BACKING",,,"1",,,,,"Y",,,,,,,,,,,,,"FRONT-RIGHT-CORNER",,,,,,,,,,,,,,,,,,,,,,,,,,,,,,,,,
"1853291","77c606f8e4adeef4d35d04a10747e8865d8659035fb8f775eece4ef3d9c8d5409ad39b942e6298f8e65ced96164414ea34ae5e6a9333cbedf0c6dc708cdcf2a1","2024-06-29T17:00:00.000","2","PARKED",,"1765481",,"NISSAN","ARMADA","IL","2017","NONE","PASSENGER","PERSONAL","S","PARKED",,,"0",,,,,,,,,,,"Y",,,,,,,"REAR-LEFT-CORNER",,,,,,,,,,,,,,,,,,,,,,,,,,,,,,,,,
"1853292","338340e1b2dfc1e41d836ae731b7448b207d3c2828bac633ff83608bae9bd5eceb8cbf1545d4eabaed67d688f1d2ba72cc2fb60a249d545bb509a3520d4bcfe0","2024-06-29T16:56:00.000","1","DRIVER",,"1765471",,"VOLKSWAGEN","TIGUAN","IL","2011","UNKNOWN","SPORT UTILITY VEHICLE (SUV)","UNKNOWN/NA","UNKNOWN","UNKNOWN/NA","Y",,"1",,"CITY","POUND",,"Y",,,,,,,,,,,"Y",,"UNKNOWN",,,,,,,,,,,,,,,,,,,,,,,,,,,,,,,,,
"1853293","338340e1b2dfc1e41d836ae731b7448b207d3c2828bac633ff83608bae9bd5eceb8cbf1545d4eabaed67d688f1d2ba72cc2fb60a249d545bb509a3520d4bcfe0","2024-06-29T16:56:00.000","2","PARKED",,"1765473",,"FORD","FUSION","IL","2011","UNKNOWN","PASSENGER","UNKNOWN/NA","S","PARKED",,,"0",,,,,,,,,,"Y",,,,,,,,"UNKNOWN",,,,,,,,,,,,,,,,,,,,,,,,,,,,,,,,,
"1853286","eb8f9051e65f924ffe8abfd1db7451cf1720df3a2f56da0755a5355eab921b3bbd85b73195e2bf4598b89cbb7f17ae0250292628ed2c95b05b09a725d4a1a3fa","2024-06-29T16:52:00.000","1","DRIVER",,"1765466",,"FORD","ECONOLINE 100","AZ","2017","UNKNOWN","UNKNOWN/NA","COMMERCIAL - MULTI-UNIT","S","STRAIGHT AHEAD",,,"1",,,,,,,,,"Y",,,,,,,,,"REAR-LEFT-CORNER",,,,,,,,,,,,,,,,,,,,,,,,,,,,,,,,,
"1853287","eb8f9051e65f924ffe8abfd1db7451cf1720df3a2f56da0755a5355eab921b3bbd85b73195e2bf4598b89cbb7f17ae0250292628ed2c95b05b09a725d4a1a3fa","2024-06-29T16:52:00.000","2","DRIVERLESS",,"1765470",,"DODGE","GRAND CARAVAN","MO","2017","UNKNOWN","VAN/MINI-VAN","PERSONAL","N","PARKED IN TRAFFIC LANE",,,"0",,,,,,,,,"Y",,,,,,,,,"REAR-RIGHT-CORNER",,,,,,,,,,,,,,,,,,,,,,,,,,,,,,,,,
"1853282","15076e0654dec352c38d2d83cce62764c9d740bf2e53f8001a803a3859399827fb3745bb35292899c70b4e39e76ba6b4b6ef079d4c41abde8b71af0a97981c82","2024-06-29T16:50:00.000","1","DRIVER",,"1765490",,"VOLKSWAGEN","JETTA","IL","2013","UNKNOWN","PASSENGER","PERSONAL","N","BACKING",,,"1",,,,,,,,"Y","Y","Y",,,,,,,,"REAR-RIGHT-CORNER",,,,,,,,,,,,,,,,,,,,,,,,,,,,,,,,,