"crash_unit_id","crash_record_id","crash_date","unit_no","unit_type","num_passengers","vehicle_id","cmrc_veh_i","make","model","lic_plate_state","vehicle_year","vehicle_defect","vehicle_type","vehicle_use","travel_direction","maneuver","towed_i","fire_i","occupant_cnt","exceed_speed_limit_i","towed_by","towed_to","area_00_i","area_01_i","area_02_i","area_03_i","area_04_i","area_05_i","area_06_i","area_07_i","area_08_i","area_09_i","area_10_i","area_11_i","area_12_i","area_99_i","first_contact_point","cmv_id","usdot_no","ccmc_no","ilcc_no","commercial_src","gvwr","carrier_name","carrier_state","carrier_city","hazmat_placards_i","hazmat_name","un_no","hazmat_present_i","hazmat_report_i","hazmat_report_no","mcs_report_i","mcs_report_no","hazmat_vio_cause_crash_i","mcs_vio_cause_crash_i","idot_permit_no","wide_load_i","trailer1_width","trailer2_width","trailer1_length","trailer2_length","total_vehicle_length","axle_cnt","vehicle_config","cargo_body_type","load_type","hazmat_out_of_service_i","mcs_out_of_service_i","hazmat_class"
"1853283","15076e0654dec352c38d2d83cce62764c9d740bf2e53f8001a803a3859399827fb3745bb35292899c70b4e39e76ba6b4b6ef079d4c41abde8b71af0a97981c82","2024-06-29T16:50:00.000","2","PARKED",,"1765493",,"HONDA","CIVIC","IL","2001","UNKNOWN","PASSENGER","PERSONAL","N","PARKED",,,"0",,,,,,,,,,,,"Y","Y","Y",,,,"SIDE-LEFT",,,,,,,,,,,,,,,,,,,,,,,,,,,,,,,,,
"1853248","92558374972705538922d2bada9cb19bf86b777986fdd57239df13d32f95ec0416a89dec51d9da522a30bb77d4ca54d31c77d68597fab12e56a4415171618735","2024-06-29T16:50:00.000","1","DRIVER","2","1765437",,"TOYOTA","CAMRY","IL","2019","OTHER","PASSENGER","PERSONAL","W","STRAIGHT AHEAD",,,"3",,,,,,,,,,,,,,,,,,"FRONT",,,,,,,,,,,,,,,,,,,,,,,,,,,,,,,,,
"1853249","92558374972705538922d2bada9cb19bf86b777986fdd57239df13d32f95ec0416a89dec51d9da522a30bb77d4ca54d31c77d68597fab12e56a4415171618735","2024-06-29T16:50:00.000","2","DRIVER","1","1765445",,"TOYOTA","AVALON","WI","2013","UNKNOWN","PASSENGER","PERSONAL","W","STRAIGHT AHEAD",,,"2",,,,,,,,,,,,,,,,,,"REAR",,,,,,,,,,,,,,,,,,,,,,,,,,,,,,,,,
"1853427","7692112abfb0a5fcce573e0cfdd06e715afec09d743c15d59a46f47d9965ac5d3610e908230bb0a08157949cc9239c5c1914828e4155831933a999a3f9398cc4","2024-06-29T16:42:00.000","1","DRIVER",,"1765609",,"JEEP","CHEROKEE","IL","2000","UNKNOWN","PASSENGER","PERSONAL","NW","STRAIGHT AHEAD",,,"1",,,,,,,,,,,,,,,,,,"FRONT-RIGHT-CORNER",,,,,,,,,,,,,,,,,,,,,,,,,,,,,,,,,
"1853428","7692112abfb0a5fcce573e0cfdd06e715afec09d743c15d59a46f47d9965ac5d3610e908230bb0a08157949cc9239c5c1914828e4155831933a999a3f9398cc4","2024-06-29T16:42:00.000","2","DRIVER",,"1765612",,"HYUNDAI","ELANTRA","IL","2009","UNKNOWN","PASSENGER","PERSONAL","NW","STRAIGHT AHEAD",,,"1",,,,,,,,,,"Y","Y",,,,,,,"REAR-LEFT-CORNER",,,,,,,,,,,,,,,,,,,,,,,,,,,,,,,,,
"1853391","1b3872b05353ac228701a0c3c1d4a0d6db7ae2f881448ea53b965ac0b4e157597b8cc824867be82234d6140231ca94b2b24ea3deb30e97b8fed289eb87cb6be5","2024-06-29T16:40:00.000","1","DRIVER",,"1765573",,"KENWORTH MOTOR TRUCK COMPANY","KENWORTH MOTOR TRUCK CO.","IN","2024","NONE","TRUCK - SINGLE UNIT","OTHER","S","TURNING RIGHT",,,"1",,,,"Y",,,"Y","Y",,,,,,,,,,"SIDE-RIGHT",,,,,,,,,,,,,,,,,,,,,,,,,,,,,,,,,
"1853392","1b3872b05353ac228701a0c3c1d4a0d6db7ae2f881448ea53b965ac0b4e157597b8cc824867be82234d6140231ca94b2b24ea3deb30e97b8fed289eb87cb6be5","2024-06-29T16:40:00.000","2","DRIVER",,"1765576",,"TOYOTA","RAV4","IL","2019","NONE","SPORT UTILITY VEHICLE (SUV)","PERSONAL","S","STRAIGHT AHEAD",,,"1",,,,,,,,,,,,,"Y","Y","Y","Y",,"SIDE-LEFT",,,,,,,,,,,,,,,,,,,,,,,,,,,,,,,,,
"1853318","413a21247c9358578dad7762539bccb248044b926a0583929c405732bddf8e393fd70f7f8276991703b3716dcd94392c1bc73302640ed228adc288a731f87b73","2024-06-29T16:35:00.000","1","DRIVER","1","1765500",,"NISSAN","OTHER (EXPLAIN IN NARRATIVE)","IL","2004","UNKNOWN","OTHER","PERSONAL","W","STRAIGHT AHEAD",,,"2",,,,,"Y",,,,,,,,,,"Y","Y",,"FRONT",,,,,,,,,,,,,,,,,,,,,,,,,,,,,,,,,
"1853319","413a21247c9358578dad7762539bccb248044b926a0583929c405732bddf8e393fd70f7f8276991703b3716dcd94392c1bc73302640ed228adc288a731f87b73","2024-06-29T16:35:00.000","2","DRIVER","3","1765508",,"LINCOLN","NAVIGATOR","IL","2007","NONE","PASSENGER","PERSONAL","W","STRAIGHT AHEAD",,,"4",,,,,,,,,"Y","Y","Y",,,,,,,"REAR",,,,,,,,,,,,,,,,,,,,,,,,,,,,,,,,,
"1853272","f96b73a470422b5f326e7fda00902d7bbefc3bee676a21b96ec92e02fab38ba29c95c0d2ad64dfe8df862c0c7ae4ea9337616c06e5b20c78841c0a921071d99a","2024-06-29T16:31:00.000","1","DRIVER",,"1765454",,"BUICK","ENCORE","IL","2016","NONE","PASSENGER","PERSONAL","N","STRAIGHT AHEAD",,,"1",,,,,"Y","Y",,,,,,,,,,,,"SIDE-RIGHT-FRONT",,,,,,,,,,,,,,,,,,,,,,,,,,,,,,,,,
"1853273","f96b73a470422b5f326e7fda00902d7bbefc3bee676a21b96ec92e02fab38ba29c95c0d2ad64dfe8df862c0c7ae4ea9337616c06e5b20c78841c0a921071d99a","2024-06-29T16:31:00.000","2","BICYCLE",,,,,,,,,,,,,,,,,,,,,,,,,,,,,,,,,,,,,,,,,,,,,,,,,,,,,,,,,,,,,,,,,,
"1853389","3c5fd4296f218fe9f4a0a05260a0cdf91bee78f9735e17111eeb55ff31c76d5c5a2e3e5db29b69668e258c84ab9b49d51472264fd719142e9fa23317e55d3e34","2024-06-29T16:30:00.000","1","DRIVER",,"1765572",,"UNKNOWN","OTHER (EXPLAIN IN NARRATIVE)",,,"UNKNOWN","UNKNOWN/NA","UNKNOWN/NA","UNKNOWN","UNKNOWN/NA",,,"1",,,,,,,,,,,,,,,,,"Y","UNKNOWN",,,,,,,,,,,,,,,,,,,,,,,,,,,,,,,,,
"1853390","3c5fd4296f218fe9f4a0a05260a0cdf91bee78f9735e17111eeb55ff31c76d5c5a2e3e5db29b69668e258c84ab9b49d51472264fd719142e9fa23317e55d3e34","2024-06-29T16:30:00.000","2","PARKED",,"1765569",,"CHEVROLET","OTHER (EXPLAIN IN NARRATIVE)","IL","2023","NONE","VAN/MINI-VAN","OTHER","UNKNOWN","PARKED",,,"0",,,,,,"Y","Y","Y",,,,,,,,,,"SIDE-RIGHT",,,,,,,,,,,,,,,,,,,,,,,,,,,,,,,,,
"1853250","7733c8443da132456be2d7f1bb13e99f62d5699d84a806c3fe433b3d397bef4212daf13e246dbd1db66f74ff4eac142a76839cb2951559248f01652d16539e8f","2024-06-29T16:30:00.000","1","DRIVER","1","1765439",,"NISSAN","VERSA","IL","2016","NONE","PASSENGER","PERSONAL","SW","TURNING RIGHT",,,"2",,,,"Y",,,,,,,,,,,,,,"FRONT",,,,,,,,,,,,,,,,,,,,,,,,,,,,,,,,,
"1853251","7733c8443da132456be2d7f1bb13e99f62d5699d84a806c3fe433b3d397bef4212daf13e246dbd1db66f74ff4eac142a76839cb2951559248f01652d16539e8f","2024-06-29T16:30:00.000","2","BICYCLE",,,,,,,,,,,,,,,,,,,,,,,,,,,,,,,,,,,,,,,,,,,,,,,,,,,,,,,,,,,,,,,,,,
"1853220","ab983c3929b21aa61f34bff02ffaf46a21dff7400601881a67072ad0aa45264b0b50567079d67a403ec113b75e96bba17c3153373f15e76fd8927ab1be0a7900","2024-06-29T16:30:00.000","1","DRIVER",,"1765412",,"FORD","F150","IL","2019","UNKNOWN","PICKUP","UNKNOWN/NA","S","UNKNOWN/NA",,,"1",,,,,"Y",,,,,,,,,,"Y","Y",,"FRONT",,,,,,,,,,,,,,,,,,,,,,,,,,,,,,,,,
"1853221","ab983c3929b21aa61f34bff02ffaf46a21dff7400601881a67072ad0aa45264b0b50567079d67a403ec113b75e96bba17c3153373f15e76fd8927ab1be0a7900","2024-06-29T16:30:00.000","2","DRIVER",,"1765415",,"BMW","3 SERIES","IL","2008","NONE","PASSENGER","PERSONAL","S","STRAIGHT AHEAD",,,"1",,,,,,,,,"Y","Y","Y",,,,,,,"REAR",,,,,,,,,,,,,,,,,,,,,,,,,,,,,,,,,
"1853280","a03dd256891aaa34c71aa7a504688678dc11a7fed2eb71a19c0563adbda36b9b4cb8b7aaada9d6abe38b7d811c441857158ded6db81dd8f2919559da7402ae21","2024-06-29T16:26:00.000","1","DRIVER",,"1765459",,"BUICK","OTHER (EXPLAIN IN NARRATIVE)",,,"UNKNOWN","PASSENGER","UNKNOWN/NA","S","PASSING/OVERTAKING",,,"1",,,,,,,,,,,,,,,,,"Y","FRONT-RIGHT-CORNER",,,,,,,,,,,,,,,,,,,,,,,,,,,,,,,,,
"1853281","a03dd256891aaa34c71aa7a504688678dc11a7fed2eb71a19c0563adbda36b9b4cb8b7aaada9d6abe38b7d811c441857158ded6db81dd8f2919559da7402ae21","2024-06-29T16:26:00.000","2","BICYCLE",,,,,,,,,,,,,,,,,,,,,,,,,,,,,,,,,,,,,,,,,,,,,,,,,,,,,,,,,,,,,,,,,,
"1853246","79eca37504b90ce98150253af817558118c1db7756d4cdbc314bed9fe22dc69f49aa7f62a8bcdfa16d1d87b53c1aa0364692e8940c7ae281d08d75bd3d6aa35d","2024-06-29T16:24:00.000","1","DRIVER","1","1765434",,"FORD","EDGE",,"2008","UNKNOWN","SPORT UTILITY VEHICLE (SUV)","UNKNOWN/NA","S","TURNING LEFT",,,"2",,,,"Y",,,,,,,,,,,,,,"FRONT-LEFT-CORNER",,,,,,,,,,,,,,,,,,,,,,,,,,,,,,,,,
"1853247","79eca37504b90ce98150253af817558118c1db7756d4cdbc314bed9fe22dc69f49aa7f62a8bcdfa16d1d87b53c1aa0364692e8940c7ae281d08d75bd3d6aa35d","2024-06-29T16:24:00.000","2","PEDESTRIAN",,,,,,,,,,,,,,,,,,,,,,,,,,,,,,,,,,,,,,,,,,,,,,,,,,,,,,,,,,,,,,,,,,
"1853226","4436d559d29079507cf8f5107634c1471a6f1d83a75582aace5912ebe75240d3ced27184d240906c82c755bc30a5d125607356fc6d6ad56a9d396d1db9367f1e","2024-06-29T16:20:00.000","1","DRIVER",,"1765428",,"BMW","X5","WI","2024","UNKNOWN","PASSENGER","PERSONAL","W","SLOW/STOP IN TRAFFIC",,,"1",,,,,"Y",,,,,,,,,,,"Y",,"FRONT-RIGHT-CORNER",,,,,,,,,,,,,,,,,,,,,,,,,,,,,,,,,
"1853227","4436d559d29079507cf8f5107634c1471a6f1d83a75582aace5912ebe75240d3ced27184d240906c82c755bc30a5d125607356fc6d6ad56a9d396d1db9367f1e","2024-06-29T16:20:00.000","2","DRIVER",,"1765435",,"CHEVROLET","MALIBU","IL","2012","UNKNOWN","PASSENGER","PERSONAL","S","STRAIGHT AHEAD",,,"1",,,,,,"N","N",,,,,,"Y","Y",,,,"SIDE-LEFT",,,,,,,,,,,,,,,,,,,,,,,,,,,,,,,,,
"1853203","d8412cb6083ddd9b248d8fad28a4a815816453d97c7e838b016e9b1f27a53539a768a7aa52c113eeb2efee47d0d5a757f96bd72f0d163fc7f5dcff5a823f0a7d","2024-06-29T16:10:00.000","1","DRIVER",,"1765407",,"HYUNDAI","TUCSON","IL",,"UNKNOWN","PASSENGER","UNKNOWN/NA","N","STRAIGHT AHEAD",,,"1",,,,,"Y",,,,,,,,,,"Y","Y",,"FRONT",,,,,,,,,,,,,,,,,,,,,,,,,,,,,,,,,
"1853204","d8412cb6083ddd9b248d8fad28a4a815816453d97c7e838b016e9b1f27a53539a768a7aa52c113eeb2efee47d0d5a757f96bd72f0d163fc7f5dcff5a823f0a7d","2024-06-29T16:10:00.000","2","DRIVER",,"1765397",,"UNKNOWN","MOTORIZED",,,"UNKNOWN","PASSENGER","PERSONAL","N","STRAIGHT AHEAD",,,"1",,,,,,,,,"Y","Y","Y",,,,,,,"REAR",,,,,,,,,,,,,,,,,,,,,,,,,,,,,,,,,
"1853255","a523c32752fd254ff02db697bfa1564fd955921207da4374e40bdffef915e59ad0d7ea5484987234ca86a3cf7df2a389ab3fcacc9f7f9c8206372b433197c293","2024-06-29T16:08:00.000","1","DRIVER",,"1765450",,"KIA","SPORTAGE","IL","2017","UNKNOWN","PASSENGER","UNKNOWN/NA","SE","TURNING LEFT",,,"1",,,,,"Y",,,,,,,,,,"Y","Y","N","FRONT-RIGHT-CORNER",,,,,,,,,,,,,,,,,,,,,,,,,,,,,,,,,
"1853256","a523c32752fd254ff02db697bfa1564fd955921207da4374e40bdffef915e59ad0d7ea5484987234ca86a3cf7df2a389ab3fcacc9f7f9c8206372b433197c293","2024-06-29T16:08:00.000","2","DRIVER",,"1765444",,"FORD","FUSION","IL","2012","UNKNOWN","PASSENGER","UNKNOWN/NA","N","STRAIGHT AHEAD","Y",,"1",,"UNKNOWN",,,"Y",,,,,,,,"Y",,"Y","Y",,"REAR-LEFT-CORNER",,,,,,,,,,,,,,,,,,,,,,,,,,,,,,,,,
"1853336","599dd449e07efa9ed5b26659d29116d067fcce068b258d0088a413344a25131c32ae7249821228e8b84008a8804965b1ce1ceb53019fd57cc1142321ae7dc353","2024-06-29T16:05:00.000","1","DRIVER",,"1765514",,"JEEP","WRANGLER","IL","2018","NONE","SPORT UTILITY VEHICLE (SUV)","PERSONAL","W","STRAIGHT AHEAD",,,"1",,,,,,,,,,,,,,,,"Y",,"FRONT",,,,,,,,,,,,,,,,,,,,,,,,,,,,,,,,,
"1853337","599dd449e07efa9ed5b26659d29116d067fcce068b258d0088a413344a25131c32ae7249821228e8b84008a8804965b1ce1ceb53019fd57cc1142321ae7dc353","2024-06-29T16:05:00.000","2","DRIVER","1","1765518",,"LEXUS","NX","IL","2016","NONE","SPORT UTILITY VEHICLE (SUV)","PERSONAL","W","STRAIGHT AHEAD",,,"2",,,,,,,,,,"Y",,,,,,,,"REAR",,,,,,,,,,,,,,,,,,,,,,,,,,,,,,,,,
"1853270","b1af778aca28252a98ce966eec35d06d9272cdbc2fdfa386270535ff22e49b4f360d5c73290daeb7aa9ba2ebd2c8c7ed4eb160130b2318ed70248b0ed54d6666","2024-06-29T16:05:00.000","1","DRIVER","1","1765452",,"CHEVROLET","EQUINOX","IL","2019","UNKNOWN","PASSENGER","PERSONAL","E","STRAIGHT AHEAD",,,"2",,,,,,,,,,,,,,,,,"Y","FRONT-LEFT-CORNER",,,,,,,,,,,,,,,,,,,,,,,,,,,,,,,,,
"1853271","b1af778aca28252a98ce966eec35d06d9272cdbc2fdfa386270535ff22e49b4f360d5c73290daeb7aa9ba2ebd2c8c7ed4eb160130b2318ed70248b0ed54d6666","2024-06-29T16:05:00.000","2","DRIVER","1","1765455",,"NISSAN","ROGUE","IN","2016","UNKNOWN","PASSENGER","NOT IN USE","E","OTHER",,,"2",,,,,,,,,,,,,,,,,,"SIDE-RIGHT-FRONT",,,,,,,,,,,,,,,,,,,,,,,,,,,,,,,,,
"1853244","33404a0ff4b489cc6690b972d774acedf358570f30c5f1a04475bd7610aed5b042453af1a33297105e304725b686b2eac068550bec33a10ac02144a3249a071b","2024-06-29T16:00:00.000","1","DRIVER",,"1765436",,"UNKNOWN","OTHER (EXPLAIN IN NARRATIVE)","IL",,"UNKNOWN","PASSENGER","UNKNOWN/NA","W","ENTERING TRAFFIC LANE FROM PARKING",,,"1",,,,,,,,,,,,,,,,,"Y","UNKNOWN",,,,,,,,,,,,,,,,,,,,,,,,,,,,,,,,,
"1853245","33404a0ff4b489cc6690b972d774acedf358570f30c5f1a04475bd7610aed5b042453af1a33297105e304725b686b2eac068550bec33a10ac02144a3249a071b","2024-06-29T16:00:00.000","2","DRIVER",,"1765432",,"NISSAN","MURANO","IL","2012","UNKNOWN","PASSENGER","PERSONAL","W","STRAIGHT AHEAD",,,"1",,,,,,,,,,,,"Y","Y","Y",,,,"SIDE-LEFT",,,,,,,,,,,,,,,,,,,,,,,,,,,,,,,,,
"1853288","335d06cc6085f1765d95bd882acc7ad6b89ba081baaf05a0c5d3a38dcf2756fb779b467e9a8ede89d732f17ac9edce8d8559885f2f4128746a617887967aef3c","2024-06-29T16:00:00.000","1","DRIVER",,"1765467",,"UNKNOWN","OTHER (EXPLAIN IN NARRATIVE)",,,"UNKNOWN","UNKNOWN/NA","UNKNOWN/NA","UNKNOWN","UNKNOWN/NA",,,"1",,,,,,,,,,,,,,,,,"Y","UNKNOWN",,,,,,,,,,,,,,,,,,,,,,,,,,,,,,,,,
"1853289","335d06cc6085f1765d95bd882acc7ad6b89ba081baaf05a0c5d3a38dcf2756fb779b467e9a8ede89d732f17ac9edce8d8559885f2f4128746a617887967aef3c","2024-06-29T16:00:00.000","2","PARKED",,"1765469",,"TOYOTA","COROLLA","IL","2017","NONE","PASSENGER","PERSONAL","UNKNOWN","PARKED",,,"0",,,,,,,,,,,,,,,"Y",,,"FRONT-LEFT-CORNER",,,,,,,,,,,,,,,,,,,,,,,,,,,,,,,,,
"1853236","01a4f414e53ef97bc9b5d6fc5ae117d0c1f8f8adf2bb4aa3f7b295b7b92530711f271987a45d4fa01b00b4c0eed2bc40bf5cb124857e3dca44cd1d50494c0f33","2024-06-29T15:56:00.000","1","DRIVER",,"1765421",,"HONDA","CIVIC","IL","2016","UNKNOWN","PASSENGER","OTHER","W","STRAIGHT AHEAD",,,"1",,,,,,,,,,,,,,,"Y",,,"FRONT",,,,,,,,,,,,,,,,,,,,,,,,,,,,,,,,,
"1853237","01a4f414e53ef97bc9b5d6fc5ae117d0c1f8f8adf2bb4aa3f7b295b7b92530711f271987a45d4fa01b00b4c0eed2bc40bf5cb124857e3dca44cd1d50494c0f33","2024-06-29T15:56:00.000","2","DRIVER",,"1765427",,"NISSAN","ROGUE","IL","2016","NONE","PASSENGER","PERSONAL","W","STRAIGHT AHEAD",,,"1",,,,,,,,,"Y","Y",,,,,,,,"REAR-RIGHT-CORNER",,,,,,,,,,,,,,,,,,,,,,,,,,,,,,,,,
"1853238","994a3cf659a978a27c11f7395ee1769d89e5588a21353d910b827e89d337b6129575bddaa1bb1cda145e9f0abcf4c2e813dbbcd778993a6b26098ed25bcb63d9","2024-06-29T15:50:00.000","1","DRIVER","1","1765423",,"NISSAN","MAXIMA","IL","2014","NONE","PASSENGER","PERSONAL","SW","TURNING LEFT","Y",,"2",,"platinum towing and recovery","5627 S Western Ave",,,,,,,,,,,,,"Y",,"FRONT",,,,,,,,,,,,,,,,,,,,,,,,,,,,,,,,,
"1853239","994a3cf659a978a27c11f7395ee1769d89e5588a21353d910b827e89d337b6129575bddaa1bb1cda145e9f0abcf4c2e813dbbcd778993a6b26098ed25bcb63d9","2024-06-29T15:50:00.000","2","DRIVER","1","1765433",,"NISSAN","ROGUE","IL","2018","NONE","SPORT UTILITY VEHICLE (SUV)","PERSONAL","E","STRAIGHT AHEAD","Y",,"2",,"Platinum Towing and Recovery","5627 S Western",,,,,,,,,,,,"Y","Y",,"FRONT-LEFT-CORNER",,,,,,,,,,,,,,,,,,,,,,,,,,,,,,,,,
"1853199","565a001df88d4de08d4de7510d6a9bc98863882e68f9db8887edbfd8800237274bcf55af02c49d8abd95731ce5f4b97c16a4845341fffd850e2d42b06032f0d4","2024-06-29T15:46:00.000","1","DRIVER",,"1765392",,"TOYOTA","COROLLA",,"2001","NONE","PASSENGER","PERSONAL","S","TURNING LEFT","Y",,"1",,"private tow",,,"Y",,,,,,,,,,"Y","Y",,"FRONT-LEFT-CORNER",,,,,,,,,,,,,,,,,,,,,,,,,,,,,,,,,
"1853200","565a001df88d4de08d4de7510d6a9bc98863882e68f9db8887edbfd8800237274bcf55af02c49d8abd95731ce5f4b97c16a4845341fffd850e2d42b06032f0d4","2024-06-29T15:46:00.000","2","DRIVER",,"1765402",,"NISSAN","NV200 COMPACT CARGO","IL","2018","NONE","PASSENGER","PERSONAL","N","STRAIGHT AHEAD",,,"1",,,,,,,,,,,,,,"Y","Y",,,"FRONT-LEFT-CORNER",,,,,,,,,,,,,,,,,,,,,,,,,,,,,,,,,
"1853259","e0a4f90f335b2d27330fc040ecfbe264a5979dfb6f3677b1b0f650ff92a96369ab44c65230a284bba67590095b8a1e7b2d6833c9bfe8f2e47b0995d15a79552b","2024-06-29T15:45:00.000","1","DRIVER",,"1765438",,"UNKNOWN","ENCLOSED BODY","WI",,"UNKNOWN","TRUCK - SINGLE UNIT","COMMERCIAL - SINGLE UNIT","UNKNOWN","BACKING",,,"1",,,,,,,,,,,,,,,,,"Y","UNKNOWN",,,,,,,,,,,,,,,,,,,,,,,,,,,,,,,,,
"1853260","e0a4f90f335b2d27330fc040ecfbe264a5979dfb6f3677b1b0f650ff92a96369ab44c65230a284bba67590095b8a1e7b2d6833c9bfe8f2e47b0995d15a79552b","2024-06-29T15:45:00.000","2","PARKED",,"1765441",,"CHEVROLET","TAHOE","IL","2000","NONE","TRUCK - SINGLE UNIT","NOT IN USE","UNKNOWN","PARKED",,,"0",,,,,,,,,,,,"Y","Y",,,,,"SIDE-LEFT",,,,,,,,,,,,,,,,,,,,,,,,,,,,,,,,,
"1853191","f0c92da30f4ffc62acae1bee302fe640637495f58c17c711e1153220dcc1159e494e65c4531d28f2814f979ba5136cb55997cbcb094e8971f67e06d9dd268f6d","2024-06-29T15:40:00.000","1","DRIVER",,"1765377",,"UNKNOWN","OTHER (EXPLAIN IN NARRATIVE)",,,"UNKNOWN","UNKNOWN/NA","UNKNOWN/NA","W","UNKNOWN/NA",,,"1",,,,,,,,,,,,,,,,,"Y","UNKNOWN",,,,,,,,,,,,,,,,,,,,,,,,,,,,,,,,,
"1853192","f0c92da30f4ffc62acae1bee302fe640637495f58c17c711e1153220dcc1159e494e65c4531d28f2814f979ba5136cb55997cbcb094e8971f67e06d9dd268f6d","2024-06-29T15:40:00.000","2","PARKED",,"1765380",,"HONDA","ACCORD","IL","2014","NONE","PASSENGER","PERSONAL","W","PARKED",,,"0",,,,,,,,,,,,,,,,,"Y","REAR",,,,,,,,,,,,,,,,,,,,,,,,,,,,,,,,,
"1853230","5da5f8b5482f28c21631c793a08cc364ef946399f08558656b003dfd4c00ae36a84b6686825fa290c5bba7bd1d9bd1e1ad27f2699af601de6242ce4732281e75","2024-06-29T15:30:00.000","1","DRIVER",,"1765419",,"FORD","FUSION","IL","2012","UNKNOWN","PASSENGER","PERSONAL","N","PASSING/OVERTAKING","N",,"1",,,,,"Y",,,,,,,,,"Y","Y","Y",,"FRONT",,,,,,,,,,,,,,,,,,,,,,,,,,,,,,,,,
"1853231","5da5f8b5482f28c21631c793a08cc364ef946399f08558656b003dfd4c00ae36a84b6686825fa290c5bba7bd1d9bd1e1ad27f2699af601de6242ce4732281e75","2024-06-29T15:30:00.000","2","DRIVER",,"1765422",,"KIA","SPORTAGE","IL","2017","UNKNOWN","PASSENGER","PERSONAL","N","STRAIGHT AHEAD","Y",,"1",,,,,"Y","Y",,,,,,,,,,,,"FRONT-RIGHT-CORNER",,,,,,,,,,,,,,,,,,,,,,,,,,,,,,,,,
"1853304","72a570da1c703cbbf6befa4c818b74a19615a584024d8a73e82600d9a190970033df74237e7a2ae15bb7fef38699fe1a4fe7126fb13b658706d3ca88d3da0b16","2024-06-29T15:30:00.000","1","DRIVER",,"1765482",,"NISSAN","ALTIMA","IL","2022","UNKNOWN","PASSENGER","UNKNOWN/NA","N","UNKNOWN/NA",,,"1",,,,,"Y",,,,,,,,,,"Y","Y",,"FRONT",,,,,,,,,,,,,,,,,,,,,,,,,,,,,,,,,
"1853305","72a570da1c703cbbf6befa4c818b74a19615a584024d8a73e82600d9a190970033df74237e7a2ae15bb7fef38699fe1a4fe7126fb13b658706d3ca88d3da0b16","2024-06-29T15:30:00.000","2","DRIVER",,"1765487",,"NISSAN","ROGUE","IL","2012","NONE","PASSENGER","PERSONAL","N","STRAIGHT AHEAD",,,"1",,,,,,,,,"Y","Y","Y",,,,,,,"REAR",,,,,,,,,,,,,,,,,,,,,,,,,,,,,,,,,
"1853201","28e9c9635a2d5a0133962d505d9527360654dc472affdcc2633e873ee2ca1d761b2b05acb9aabf8ea2bff33006a110f73e0aa8389c2ee6119d5d3a0c595ba55b","2024-06-29T15:25:00.000","1","DRIVER",,"1765386",,"LINCOLN","MKZ","IL","2016","NONE","PASSENGER","PERSONAL","E","PASSING/OVERTAKING",,,"1",,,,,,,,,"Y",,,,,,,,,"REAR-RIGHT-CORNER",,,,,,,,,,,,,,,,,,,,,,,,,,,,,,,,,
"1853202","28e9c9635a2d5a0133962d505d9527360654dc472affdcc2633e873ee2ca1d761b2b05acb9aabf8ea2bff33006a110f73e0aa8389c2ee6119d5d3a0c595ba55b","2024-06-29T15:25:00.000","2","DRIVER",,"1765400",,"NOVA BUS","OTHER (EXPLAIN IN NARRATIVE)","IL","2022","NONE","BUS OVER 15 PASS.","CTA","E","SLOW/STOP IN TRAFFIC",,,"1",,,,,,,,,,,"Y",,,,,,,"REAR-LEFT-CORNER",,,,,,,,,,,,,,,,,,,,,,,,,,,,,,,,,
"1853189","99fb308b4ccd75a565f4c99663d4f6b41f93198a936e9c8f456722cb8922bb48098acf7ca6e13f00db85781e24c84dfeb7498d158b4394581a1d8803663d79c5","2024-06-29T15:17:00.000","1","DRIVER","1","1765372",,"CHEVROLET","TRAVERSE","IL","2012","NONE","PASSENGER","PERSONAL","E","TURNING RIGHT",,,"2",,,,,"Y",,,,,,,,,,,"Y",,"FRONT-RIGHT-CORNER",,,,,,,,,,,,,,,,,,,,,,,,,,,,,,,,,
"1853190","99fb308b4ccd75a565f4c99663d4f6b41f93198a936e9c8f456722cb8922bb48098acf7ca6e13f00db85781e24c84dfeb7498d158b4394581a1d8803663d79c5","2024-06-29T15:17:00.000","2","DRIVER","2","1765385",,"BUICK","LACROSSE","IN","2010","NONE","PASSENGER","PERSONAL","S","STRAIGHT AHEAD",,,"3",,,,,,,,,"Y","Y","Y",,,,,,,"REAR-RIGHT-CORNER",,,,,,,,,,,,,,,,,,,,,,,,,,,,,,,,,
"1853257","d0bb80df80234c22bba02a64ed17217375a1b3545049257ba324dc4f67043fc0bd98603bb58d87e5741b08e44d589aefb17252eb9a0bf5dec8671f9c31681433","2024-06-29T15:10:00.000","1","DRIVER",,"1765442",,"NISSAN","MURANO","IL","2011","UNKNOWN","PASSENGER","PERSONAL","N","CHANGING LANES",,,"1",,,,,"Y",,,,,,,,,,,,,"FRONT-RIGHT-CORNER",,,,,,,,,,,,,,,,,,,,,,,,,,,,,,,,,