"crash_unit_id","crash_record_id","crash_date","unit_no","unit_type","num_passengers","vehicle_id","cmrc_veh_i","make","model","lic_plate_state","vehicle_year","vehicle_defect","vehicle_type","vehicle_use","travel_direction","maneuver","towed_i","fire_i","occupant_cnt","exceed_speed_limit_i","towed_by","towed_to","area_00_i","area_01_i","area_02_i","area_03_i","area_04_i","area_05_i","area_06_i","area_07_i","area_08_i","area_09_i","area_10_i","area_11_i","area_12_i","area_99_i","first_contact_point","cmv_id","usdot_no","ccmc_no","ilcc_no","commercial_src","gvwr","carrier_name","carrier_state","carrier_city","hazmat_placards_i","hazmat_name","un_no","hazmat_present_i","hazmat_report_i","hazmat_report_no","mcs_report_i","mcs_report_no","hazmat_vio_cause_crash_i","mcs_vio_cause_crash_i","idot_permit_no","wide_load_i","trailer1_width","trailer2_width","trailer1_length","trailer2_length","total_vehicle_length","axle_cnt","vehicle_config","cargo_body_type","load_type","hazmat_out_of_service_i","mcs_out_of_service_i","hazmat_class"
"1853051","342c63e2aa6a6eabb51bc27b80a351b89f1b3a1f7ca78ee7ec2e9e25f9046f9e3ba99b7a02cef4b00be43fe2db788c81f33a87f595cf9653779d8c9dad889d7a","2024-06-29T12:05:00.000","2","DRIVER",,"1765248",,"TOYOTA","SIENNA","IL","2020","UNKNOWN","VAN/MINI-VAN","UNKNOWN/NA","N","STRAIGHT AHEAD",,,"1",,,,,,,,,,,,,"Y","Y","Y",,,"FRONT-LEFT-CORNER",,,,,,,,,,,,,,,,,,,,,,,,,,,,,,,,,
"1853020","c7acd4264c63dc627cf3120a0b238346a0807e0ee6b79abe7fa16072c304f6199983a9ce4b7003821e06b2524bfd6483788bd081cf5bc473375b3b986afcf8a4","2024-06-29T12:05:00.000","1","DRIVER",,"1765216",,"NISSAN","ALTIMA","IL","2008","UNKNOWN","PASSENGER","PERSONAL","S","CHANGING LANES",,,"1",,,,,,,"Y","Y","Y",,,,,,,,,"SIDE-RIGHT-REAR",,,,,,,,,,,,,,,,,,,,,,,,,,,,,,,,,
"1853021","c7acd4264c63dc627cf3120a0b238346a0807e0ee6b79abe7fa16072c304f6199983a9ce4b7003821e06b2524bfd6483788bd081cf5bc473375b3b986afcf8a4","2024-06-29T12:05:00.000","2","DRIVER",,"1765220",,"FORD","ECONOLINE 100","IL","2001","NONE","VAN/MINI-VAN","PERSONAL","S","STRAIGHT AHEAD",,,"1",,,,,,,,,,,,,,,"Y","Y",,"FRONT-LEFT-CORNER",,,,,,,,,,,,,,,,,,,,,,,,,,,,,,,,,
"1853048","217c2a5f31be301e5c51b66e72dbacc4a5c74cf61b4844b6f921f6dbf17a5c116ded040f10a8ffe062d5715c67f7ec9d55f66f3cd71fa816b75d642db3fdff5d","2024-06-29T12:00:00.000","1","DRIVER",,"1765233",,"UNKNOWN","MOTORIZED",,,"UNKNOWN","SPORT UTILITY VEHICLE (SUV)","NOT IN USE","W","UNKNOWN/NA",,,"1",,,,,"Y",,,,,,,,,,"Y","Y",,"FRONT",,,,,,,,,,,,,,,,,,,,,,,,,,,,,,,,,
"1853049","217c2a5f31be301e5c51b66e72dbacc4a5c74cf61b4844b6f921f6dbf17a5c116ded040f10a8ffe062d5715c67f7ec9d55f66f3cd71fa816b75d642db3fdff5d","2024-06-29T12:00:00.000","2","DRIVER",,"1765236",,"CHEVROLET","TRAX","IL","2020","NONE","PASSENGER","PERSONAL","W","STRAIGHT AHEAD",,,"1",,,,,,,,,"Y","Y","Y",,,,,,,"REAR",,,,,,,,,,,,,,,,,,,,,,,,,,,,,,,,,
"1853169","4083f07d7b08c17e9d129a680073b5a5d35fd6c127bc1a4c20abf206b12d22689bd45588c34dc38502f3fba790013778634ae544f904f0884a09e72f37a22cf3","2024-06-29T12:00:00.000","1","DRIVER",,"1765350",,"UNKNOWN","ENCLOSED BODY",,,"NONE","UNKNOWN/NA","UNKNOWN/NA","NW","UNKNOWN/NA",,,"1",,,,,,,,,,,,,,,,,"Y","UNKNOWN",,,,,,,,,,,,,,,,,,,,,,,,,,,,,,,,,
"1853170","4083f07d7b08c17e9d129a680073b5a5d35fd6c127bc1a4c20abf206b12d22689bd45588c34dc38502f3fba790013778634ae544f904f0884a09e72f37a22cf3","2024-06-29T12:00:00.000","2","PARKED",,"1765352",,"DODGE","CALIBER","IL","2010","NONE","PICKUP","NOT IN USE","E","PARKED",,,"0",,,,,,,,,,,,"Y","Y",,,,,"SIDE-LEFT",,,,,,,,,,,,,,,,,,,,,,,,,,,,,,,,,
"1853028","8355f70ed0b02c3496998596ff49a6528cc50a585251325f8d73864fc5b36c84643a51fef7948eb19c39d23e309d315036628f6d1fbd00c4240558f4d0d133ab","2024-06-29T12:00:00.000","1","DRIVER",,"1765221",,"DODGE","RAM 1500 VAN","IL","2024","UNKNOWN","VAN/MINI-VAN","UNKNOWN/NA","W","TURNING RIGHT",,,"1",,,,,,,,"Y","Y",,,,,,,,,"SIDE-RIGHT-REAR",,,,,,,,,,,,,,,,,,,,,,,,,,,,,,,,,
"1853029","8355f70ed0b02c3496998596ff49a6528cc50a585251325f8d73864fc5b36c84643a51fef7948eb19c39d23e309d315036628f6d1fbd00c4240558f4d0d133ab","2024-06-29T12:00:00.000","2","PARKED",,"1765226",,"MERCEDES-BENZ","GLC",,,"UNKNOWN","PASSENGER","UNKNOWN/NA","N","PARKED",,,"0",,,,,,,,,,,"Y",,,,,,,"REAR-LEFT-CORNER",,,,,,,,,,,,,,,,,,,,,,,,,,,,,,,,,
"1853344","ff016b8d90c73cc91f84c5bfc9e189d3983758fc97866532395f0a9ad97634cd3ef342e04a73baf168cbef4a414b0e8b97c6274b7c83687dbecc25c7dc53bc4e","2024-06-29T12:00:00.000","1","DRIVER",,"1765521",,"UNKNOWN","OTHER (EXPLAIN IN NARRATIVE)",,,"UNKNOWN","OTHER","OTHER","UNKNOWN","UNKNOWN/NA",,,"1",,,,,,,,,,,,,,,,,"Y","UNKNOWN",,,,,,,,,,,,,,,,,,,,,,,,,,,,,,,,,
"1853345","ff016b8d90c73cc91f84c5bfc9e189d3983758fc97866532395f0a9ad97634cd3ef342e04a73baf168cbef4a414b0e8b97c6274b7c83687dbecc25c7dc53bc4e","2024-06-29T12:00:00.000","2","PARKED",,"1765524",,"TOYOTA","CAMRY","IL","2022","NONE","PASSENGER","PERSONAL","N","PARKED",,,"0",,,,,,,,,,,"Y",,,,,,,"REAR-LEFT-CORNER",,,,,,,,,,,,,,,,,,,,,,,,,,,,,,,,,
"1853046","6153b2a35429748df64ced0f62768f1d53e574f8728c9ffe84034418ea5c435d0593a68f2d803d445b1b8b01b8410537081157868206990a939cdba0c904236f","2024-06-29T11:54:00.000","1","DRIVER",,"1765241",,"HYUNDAI","SONATA","IL","2016","NONE","PASSENGER","PERSONAL","S","BACKING",,,"1",,,,,,,,,,,,,,,,,,"REAR-LEFT-CORNER",,,,,,,,,,,,,,,,,,,,,,,,,,,,,,,,,
"1853047","6153b2a35429748df64ced0f62768f1d53e574f8728c9ffe84034418ea5c435d0593a68f2d803d445b1b8b01b8410537081157868206990a939cdba0c904236f","2024-06-29T11:54:00.000","2","DRIVER",,"1765252",,"VOLKSWAGEN","PASSAT","IL","2013","NONE","PASSENGER","PERSONAL","N","BACKING",,,"1",,,,,,,,,,,,,,,,,,"REAR-RIGHT-CORNER",,,,,,,,,,,,,,,,,,,,,,,,,,,,,,,,,
"1852994","542f15928055b7fe6cc5f6d10e03367212cf49754e9cff2d900203f3c9ca4ea1e3e1873a5a70b394f55c21d8d9a9bd11d23a7de6b0ea29b520307f6c6c6a8791","2024-06-29T11:40:00.000","1","DRIVER","2","1765195",,"UNKNOWN","MOTORIZED","IL",,"UNKNOWN","SPORT UTILITY VEHICLE (SUV)","UNKNOWN/NA","SW","TURNING RIGHT",,,"3",,,,,,,,,,,,,,,,,"Y","UNKNOWN",,,,,,,,,,,,,,,,,,,,,,,,,,,,,,,,,
"1852995","542f15928055b7fe6cc5f6d10e03367212cf49754e9cff2d900203f3c9ca4ea1e3e1873a5a70b394f55c21d8d9a9bd11d23a7de6b0ea29b520307f6c6c6a8791","2024-06-29T11:40:00.000","2","DRIVER",,"1765185",,"SUBARU","FORESTER","IL","2024","UNKNOWN","SPORT UTILITY VEHICLE (SUV)","PERSONAL","SW","TURNING RIGHT",,,"1",,,,,,,,,"Y","Y","Y",,,,,,,"REAR",,,,,,,,,,,,,,,,,,,,,,,,,,,,,,,,,
"1853002","9055caea7ba49f7f764302ed410cfa4d19f24396e3fdaeea6e246ee9cb94270b4dba9f7c3e5118442e7f548a3459d9150cbac23556cebe2799d2ef39d256e738","2024-06-29T11:40:00.000","1","DRIVER",,"1765199",,"KIA","SPORTAGE","IL","2009","NONE","SPORT UTILITY VEHICLE (SUV)","PERSONAL","W","STRAIGHT AHEAD",,,"1",,,,,,,,,,,,,,,,"Y",,"FRONT",,,,,,,,,,,,,,,,,,,,,,,,,,,,,,,,,
"1853003","9055caea7ba49f7f764302ed410cfa4d19f24396e3fdaeea6e246ee9cb94270b4dba9f7c3e5118442e7f548a3459d9150cbac23556cebe2799d2ef39d256e738","2024-06-29T11:40:00.000","2","DRIVER",,"1765207",,"FREIGHTLINER CORPORATION","FREIGHTLINER CORP.","IL","2020","NONE","VAN/MINI-VAN","COMMERCIAL - SINGLE UNIT","W","STRAIGHT AHEAD",,,"1",,,,,,,,,,"Y",,,,,,,,"REAR",,,,,,,,,,,,,,,,,,,,,,,,,,,,,,,,,
"1853006","974d1b168ba5d7158460afa6a88a5ed4804c47184ed6401750518d248e0abb660a8b7d0f7f600e41384130826a9f65d014947b30da17253fc93fd587ec76b32c","2024-06-29T11:30:00.000","1","DRIVER",,"1765208",,"HONDA","ACCORD","TN","2020","NONE","PASSENGER","PERSONAL","E","AVOIDING VEHICLES/OBJECTS",,,"1",,,,,,"Y","Y","Y",,,,,,,,,,"SIDE-RIGHT",,,,,,,,,,,,,,,,,,,,,,,,,,,,,,,,,
"1853007","974d1b168ba5d7158460afa6a88a5ed4804c47184ed6401750518d248e0abb660a8b7d0f7f600e41384130826a9f65d014947b30da17253fc93fd587ec76b32c","2024-06-29T11:30:00.000","2","PARKED",,"1765209",,"HONDA","ACCORD","IL","2015","NONE","PASSENGER","NOT IN USE","E","PARKED",,,"0",,,,,,,,,,,"Y","Y",,,,,,"SIDE-LEFT-REAR",,,,,,,,,,,,,,,,,,,,,,,,,,,,,,,,,
"1853195","eef8e8729ea259e843fa7f27c58c1a2f1726b5759b594514acce4b4e80f1f8fc00fdb9fabd89d70dec0cc633043745d923d3e332e08fa15e847367f7ff2f10b2","2024-06-29T11:30:00.000","1","DRIVER",,"1765384",,"GENERAL MOTORS CORPORATION (GMC)","OTHER (EXPLAIN IN NARRATIVE)","IL","2000","UNKNOWN","UNKNOWN/NA","UNKNOWN/NA","N","STRAIGHT AHEAD",,,"1",,,,,"Y","Y","Y","Y","Y",,,,,,,,,"SIDE-RIGHT",,,,,,,,,,,,,,,,,,,,,,,,,,,,,,,,,
"1853196","eef8e8729ea259e843fa7f27c58c1a2f1726b5759b594514acce4b4e80f1f8fc00fdb9fabd89d70dec0cc633043745d923d3e332e08fa15e847367f7ff2f10b2","2024-06-29T11:30:00.000","2","PARKED",,"1765388",,"FORD","RANGER","IA","2019","NONE","PICKUP","NOT IN USE","N","PARKED",,,"0",,,,,,,,,,,"Y","Y","Y","Y","Y",,,"SIDE-LEFT",,,,,,,,,,,,,,,,,,,,,,,,,,,,,,,,,
"1853024","fec265a8f02e0a362f3ede5a444ad5db1729f23c632cf55a56a8a6d0f80e1a748ec42fea7a99efc2fb68223a58df02d7a187bdaf5c6b1d20f3bdda3cddcfad36","2024-06-29T11:30:00.000","1","DRIVER",,"1765298",,"HYUNDAI","SANTA FE","IL","2007","UNKNOWN","PASSENGER","UNKNOWN/NA","UNKNOWN","UNKNOWN/NA",,,"1",,,,,,,,,,,,,,,"Y",,,"FRONT",,,,,,,,,,,,,,,,,,,,,,,,,,,,,,,,,
"1853025","fec265a8f02e0a362f3ede5a444ad5db1729f23c632cf55a56a8a6d0f80e1a748ec42fea7a99efc2fb68223a58df02d7a187bdaf5c6b1d20f3bdda3cddcfad36","2024-06-29T11:30:00.000","2","DRIVER",,"1765302",,"FORD","EDGE","IL","2009","NONE","PASSENGER","PERSONAL","W","STRAIGHT AHEAD","Y",,"1",,"by owner",,,,,,,,,,,,,,"Y",,"FRONT",,,,,,,,,,,,,,,,,,,,,,,,,,,,,,,,,
"1852986","7b9096ad4ba8824fbb4990cc2f82d4b5144072c95e3e5f4140a17072779b0d2949c1b8b1149ed5a8db46e473e14baeec0c866c712c2aefc363458f9eecc44a0d","2024-06-29T11:22:00.000","1","DRIVER",,"1765191",,"UNKNOWN","OTHER (EXPLAIN IN NARRATIVE)","IL","2003","UNKNOWN","TRUCK - SINGLE UNIT","OTHER","E","TURNING LEFT",,,"1",,,,"Y",,,,,,,,,,,,,,"UNKNOWN",,,,,,,,,,,,,,,,,,,,,,,,,,,,,,,,,
"1853004","fa482d0bd351c2750af3509fc429b51aa714cb7c3f6869cd137a218c6121edb62e0af95430ea8c35aa3d6a844e6e540bec736799e52fd54dae290c3d1fbe6e90","2024-06-29T11:20:00.000","1","DRIVER",,"1765201",,"YAMAHA","YAMAHA","IL","2019","NONE","MOPED OR MOTORIZED BICYCLE","PERSONAL","S","PASSING/OVERTAKING",,,"1",,,,,,,,,,,,,"Y","Y","Y",,,"TOTAL (ALL AREAS)",,,,,,,,,,,,,,,,,,,,,,,,,,,,,,,,,
"1853005","fa482d0bd351c2750af3509fc429b51aa714cb7c3f6869cd137a218c6121edb62e0af95430ea8c35aa3d6a844e6e540bec736799e52fd54dae290c3d1fbe6e90","2024-06-29T11:20:00.000","2","DRIVER",,"1765203",,"MERCEDES-BENZ","GLA","IL","2018","NONE","PASSENGER","PERSONAL","S","STRAIGHT AHEAD",,,"1",,,,,,,,,,,,,,,"Y",,,"FRONT-LEFT-CORNER",,,,,,,,,,,,,,,,,,,,,,,,,,,,,,,,,
"1852984","53a13e703de5c1e17dc5c9d76c116e115d0bd0ca6db2178ff597ad41225d508663008675fa255a2c13e78e9e2ad3031663117e1de7283be98c923e9f3eb45f64","2024-06-29T11:15:00.000","1","DRIVER",,"1765178",,"MAZDA","CX-9","IL","2012","UNKNOWN","PASSENGER","UNKNOWN/NA","W","BACKING",,,"1",,,,,,,,,,"Y",,,,,,,,"REAR",,,,,,,,,,,,,,,,,,,,,,,,,,,,,,,,,
"1852985","53a13e703de5c1e17dc5c9d76c116e115d0bd0ca6db2178ff597ad41225d508663008675fa255a2c13e78e9e2ad3031663117e1de7283be98c923e9f3eb45f64","2024-06-29T11:15:00.000","2","DRIVER",,"1765187",,"NISSAN","ALTIMA","IL","2023","NONE","PASSENGER","PERSONAL","S","STRAIGHT AHEAD",,,"1",,,,,,,,,,,,,"Y",,,,,"SIDE-LEFT",,,,,,,,,,,,,,,,,,,,,,,,,,,,,,,,,
"1852988","6372748e8d4f41e180b86f675a96621fbab7a1397a5c191cee3040d97ce8539848b9493e67f6c7346545d52d81b5a30bc6eba71c8915670198f2bbfd0df69121","2024-06-29T10:51:00.000","1","DRIVER","1","1765179",,"CHEVROLET","COLORADO","IL","2008","UNKNOWN","PICKUP","UNKNOWN/NA","N","STRAIGHT AHEAD",,,"2",,,,,"Y",,,,,,,,,,"Y","Y",,"FRONT",,,,,,,,,,,,,,,,,,,,,,,,,,,,,,,,,
"1852989","6372748e8d4f41e180b86f675a96621fbab7a1397a5c191cee3040d97ce8539848b9493e67f6c7346545d52d81b5a30bc6eba71c8915670198f2bbfd0df69121","2024-06-29T10:51:00.000","2","DRIVER","1","1765192",,"LEXUS","ES","IL","2002","NONE","PASSENGER","PERSONAL","N","STRAIGHT AHEAD",,,"2",,,,"N",,,,,"Y","Y",,,,,,,,"REAR-RIGHT-CORNER",,,,,,,,,,,,,,,,,,,,,,,,,,,,,,,,,
"1853012","b5f51f1693e032f541596a1abe28a347d7ea626578a14efb38e8b025d2c6bc6e2c4b34f53e213a994dc6c0289a44cc387da1cf65f1e73bed7af4dddbc1772b0d","2024-06-29T10:50:00.000","1","DRIVER","2","1765206",,"CHEVROLET","MALIBU","IL","2013","UNKNOWN","PASSENGER","PERSONAL","N","TURNING LEFT",,,"3",,,,,,,,,,,,,,"Y","Y","Y",,"FRONT-LEFT-CORNER",,,,,,,,,,,,,,,,,,,,,,,,,,,,,,,,,
"1853013","b5f51f1693e032f541596a1abe28a347d7ea626578a14efb38e8b025d2c6bc6e2c4b34f53e213a994dc6c0289a44cc387da1cf65f1e73bed7af4dddbc1772b0d","2024-06-29T10:50:00.000","2","DRIVER","1","1765210",,"LEXUS","RX330","IL","2004","UNKNOWN","SPORT UTILITY VEHICLE (SUV)","PERSONAL","N","STRAIGHT AHEAD","Y",,"2",,"PROGRESSIVE INSURANCE","OWNERS LOT",,"Y","Y","Y","Y",,,,,,,,,,"SIDE-RIGHT",,,,,,,,,,,,,,,,,,,,,,,,,,,,,,,,,
"1852960","82c0b77a787704b478915f8d10963074f02018ac6d50387a013c5a0f867e7ab3fd09e7bf26b371ad2d3cf3388a96d40b47acf7d496715bd420897d37c9c42ccc","2024-06-29T10:45:00.000","1","DRIVER",,"1765157",,"TOYOTA","PRIUS","IL","2008","NONE","PASSENGER","PERSONAL","S","BACKING",,,"1",,,,,,,,,"Y","Y",,,,,,,,"REAR-RIGHT-CORNER",,,,,,,,,,,,,,,,,,,,,,,,,,,,,,,,,
"1852961","82c0b77a787704b478915f8d10963074f02018ac6d50387a013c5a0f867e7ab3fd09e7bf26b371ad2d3cf3388a96d40b47acf7d496715bd420897d37c9c42ccc","2024-06-29T10:45:00.000","2","DRIVER","1","1765164","Y","MITSUBISHI","TRUCK","IL","2007","NONE","TRUCK - SINGLE UNIT","COMMERCIAL - SINGLE UNIT","N","STRAIGHT AHEAD",,,"2",,,,,"Y",,,,,,,,,,,"Y",,"FRONT-RIGHT-CORNER","19552",,,,,,"CARDENAS BROTHERS INC.",,,,,,"N","N",,"N",,"N","N",,,,,,,,,"SINGLE UNIT TRUCK, 2 AXLES, 6 TIRES",,,"N","N",
"1852965","ca2b2619cecd7f17cfaff8d7a76cef382666598e3e72dcf1eb9bf01ebb921b1661516f2d6a13adfeed8a3eb336b3030d170048cd98a599dabafd347fce67ca31","2024-06-29T10:17:00.000","1","DRIVER",,"1765163",,"LINCOLN","OTHER (EXPLAIN IN NARRATIVE)","IL","2006","UNKNOWN","PASSENGER","PERSONAL","S","TURNING LEFT",,,"1",,,,,,,,,,,,,,,"Y",,,"FRONT-LEFT-CORNER",,,,,,,,,,,,,,,,,,,,,,,,,,,,,,,,,
"1852966","ca2b2619cecd7f17cfaff8d7a76cef382666598e3e72dcf1eb9bf01ebb921b1661516f2d6a13adfeed8a3eb336b3030d170048cd98a599dabafd347fce67ca31","2024-06-29T10:17:00.000","2","DRIVER",,"1765168",,"FORD","F550","IL","2015","NONE","TRUCK - SINGLE UNIT","OTHER","W","TURNING RIGHT",,,"1",,,,"Y",,,,,,,,,,,,,,"FRONT-LEFT-CORNER",,,,,,,,,,,,,,,,,,,,,,,,,,,,,,,,,
"1852951","ef1453d42ebae899fee2339b728196d1fa20c88c90c07b891215ba810f4ac7968f257a41fffd1dd8c4eb9d45fd44d8aa434c3379f0aca38b24f34e65cab725f4","2024-06-29T10:15:00.000","1","DRIVER",,"1765145",,"CHEVROLET","EXPRESS","IL","2000","BRAKES","PASSENGER","PERSONAL","N","STRAIGHT AHEAD",,,"1",,,,,,,,,,,,,,,"Y","Y",,"FRONT",,,,,,,,,,,,,,,,,,,,,,,,,,,,,,,,,
"1852952","ef1453d42ebae899fee2339b728196d1fa20c88c90c07b891215ba810f4ac7968f257a41fffd1dd8c4eb9d45fd44d8aa434c3379f0aca38b24f34e65cab725f4","2024-06-29T10:15:00.000","2","DRIVER","1","1765151",,"HONDA","PILOT","IL","2007","NONE","PASSENGER","PERSONAL","N","SLOW/STOP IN TRAFFIC",,,"2",,,,,,,,,,"Y","Y",,,,,,,"REAR",,,,,,,,,,,,,,,,,,,,,,,,,,,,,,,,,
"1852953","8bf6a2cb848b43220c10d4be13d3348d94dab7908a6a41eadd20b51c50a8a08dcfbe1506b1e5e44b5399a2a6e776e5b0c273af65c594098df86c18d9e7f2ad41","2024-06-29T10:00:00.000","2","DRIVER",,"1765146",,"TOYOTA","RAV4","IL","2022","UNKNOWN","PASSENGER","UNKNOWN/NA","NW","STRAIGHT AHEAD",,,"1",,,,,,,,,,,,,,,"Y",,,"FRONT-LEFT-CORNER",,,,,,,,,,,,,,,,,,,,,,,,,,,,,,,,,
"1852954","8bf6a2cb848b43220c10d4be13d3348d94dab7908a6a41eadd20b51c50a8a08dcfbe1506b1e5e44b5399a2a6e776e5b0c273af65c594098df86c18d9e7f2ad41","2024-06-29T10:00:00.000","1","DRIVER",,"1765150",,"HONDA","PILOT","IL","2009","UNKNOWN","PASSENGER","UNKNOWN/NA","SE","TURNING LEFT",,,"1",,,,,,,,,,,,,,,"Y",,,"FRONT-LEFT-CORNER",,,,,,,,,,,,,,,,,,,,,,,,,,,,,,,,,
"1853054","f00b491fa7a9ca8959c6458d784e19093f935d6d80c0be33a56f7b9a483f4cc865f75712bafd76ad9d4f571189f012d08e78e0dbb469ddbbbc1774150c17af37","2024-06-29T10:00:00.000","1","DRIVER",,"1765243",,"CHRYSLER","TOWN & COUNTRY","IL","2010","UNKNOWN","VAN/MINI-VAN","PERSONAL","S","BACKING",,,"1",,,,,,,"Y","Y","Y",,,,,,,,,"REAR-RIGHT-CORNER",,,,,,,,,,,,,,,,,,,,,,,,,,,,,,,,,
"1853055","f00b491fa7a9ca8959c6458d784e19093f935d6d80c0be33a56f7b9a483f4cc865f75712bafd76ad9d4f571189f012d08e78e0dbb469ddbbbc1774150c17af37","2024-06-29T10:00:00.000","2","PARKED",,"1765247",,"NISSAN","MURANO","IL","2019","UNKNOWN","PASSENGER","NOT IN USE","N","PARKED",,,"0",,,,,,,,,,,"N","N","Y","Y","Y",,,"FRONT-LEFT-CORNER",,,,,,,,,,,,,,,,,,,,,,,,,,,,,,,,,
"1852967","9588a5468dfb7f4b516c7de926fc9672acef6674167be3033efc2a3fa8d37ebb8661ab2819c3e4b7316de56f83cab9ecf49ee3b62e7ec9e6e7297d249749fdd8","2024-06-29T09:50:00.000","1","DRIVER",,"1765170",,"HONDA","CR-V","IL","2013","NONE","PASSENGER","PERSONAL","E","BACKING","N",,"1",,,,,,,,,"Y","Y","Y",,,,,,,"REAR",,,,,,,,,,,,,,,,,,,,,,,,,,,,,,,,,
"1852968","9588a5468dfb7f4b516c7de926fc9672acef6674167be3033efc2a3fa8d37ebb8661ab2819c3e4b7316de56f83cab9ecf49ee3b62e7ec9e6e7297d249749fdd8","2024-06-29T09:50:00.000","2","DRIVER",,"1765177",,"LEXUS","RX450H","IL","2013","NONE","SPORT UTILITY VEHICLE (SUV)","PERSONAL","NE","OTHER",,,"1",,,,,,,,,,,,,,"Y","Y",,,"SIDE-LEFT",,,,,,,,,,,,,,,,,,,,,,,,,,,,,,,,,
"1852940","bfe23850ab33e371916b26586f32b77b1117c1aaf63177bb8b95ce3e294ae20e48b36b5b13987c8101d9ab3ed39aa4dbe55f8f1d16be0661702341cd17b1f92a","2024-06-29T09:39:00.000","1","DRIVER",,"1765144",,"HONDA","CIVIC","XX",,"UNKNOWN","UNKNOWN/NA","UNKNOWN/NA","E","UNKNOWN/NA",,,"1",,,,,,,,,,,,,,,,,"Y","UNKNOWN",,,,,,,,,,,,,,,,,,,,,,,,,,,,,,,,,
"1852941","bfe23850ab33e371916b26586f32b77b1117c1aaf63177bb8b95ce3e294ae20e48b36b5b13987c8101d9ab3ed39aa4dbe55f8f1d16be0661702341cd17b1f92a","2024-06-29T09:39:00.000","2","PARKED",,"1765161",,"INFINITI","QX50","IL","2010","NONE","SPORT UTILITY VEHICLE (SUV)","NOT IN USE","E","PARKED",,,"0",,,,,,,,,,,"Y","Y","Y","Y","Y",,,"SIDE-LEFT",,,,,,,,,,,,,,,,,,,,,,,,,,,,,,,,,
"1852932","229a8cca76fba884063e2e1a89a7277b690db70747a3ce5d5e29411769282c7dc1f9e7cd6280d8cfce02c083450c55b4a7d3206f950e9cbc67e2f8f23edf1054","2024-06-29T09:30:00.000","1","BICYCLE",,,,,,,,,,,,,,,,,,,,,,,,,,,,,,,,,,,,,,,,,,,,,,,,,,,,,,,,,,,,,,,,,,
"1852933","229a8cca76fba884063e2e1a89a7277b690db70747a3ce5d5e29411769282c7dc1f9e7cd6280d8cfce02c083450c55b4a7d3206f950e9cbc67e2f8f23edf1054","2024-06-29T09:30:00.000","2","DRIVER","1","1765141",,"TOYOTA","OTHER (EXPLAIN IN NARRATIVE)","IL","2009","NONE","PASSENGER","PERSONAL","E","STRAIGHT AHEAD",,,"2",,,,,,,,,,,,"Y","Y","Y",,,,"SIDE-LEFT",,,,,,,,,,,,,,,,,,,,,,,,,,,,,,,,,
"1852949","e3fa947505724f3cb176a87438aad7fc3f22e79d4a94f00ec46f68e78a6aaff44a6d3712632f938354b2f0aef4245f6c44800e67120c3fbb5b51dd23c8a8e3d8","2024-06-29T09:20:00.000","1","DRIVER","1","1765158",,"TOYOTA","OTHER (EXPLAIN IN NARRATIVE)","IL","2024","NONE","SPORT UTILITY VEHICLE (SUV)","PERSONAL","W","TURNING LEFT",,,"2",,,,,"Y","Y","Y",,,,,,,,"Y","Y",,"FRONT-RIGHT-CORNER",,,,,,,,,,,,,,,,,,,,,,,,,,,,,,,,,
"1852950","e3fa947505724f3cb176a87438aad7fc3f22e79d4a94f00ec46f68e78a6aaff44a6d3712632f938354b2f0aef4245f6c44800e67120c3fbb5b51dd23c8a8e3d8","2024-06-29T09:20:00.000","2","DRIVER",,"1765162",,"TOYOTA","RAV4","IL","2019","NONE","SPORT UTILITY VEHICLE (SUV)","PERSONAL","N","STRAIGHT AHEAD",,,"1",,,,,"Y","Y",,,,,,,,,"Y","Y",,"FRONT-RIGHT-CORNER",,,,,,,,,,,,,,,,,,,,,,,,,,,,,,,,,
"1852982","412c95040a8a0c30b710cde6a7dc8612a229fa4a2a10cd29cca8e01804e37d5796122a2b64a97ecc1d9a580fffd02eb57e332d17d2f2dbc5b7135eb3472b17fd","2024-06-29T09:12:00.000","1","DRIVER",,"1765182",,"TOYOTA","SEQUOIA","IL","2002","NONE","SPORT UTILITY VEHICLE (SUV)","UNKNOWN/NA","S","STRAIGHT AHEAD",,,"1",,,,,"Y","Y",,,,,,,"Y","Y","Y",,,"SIDE-LEFT-FRONT",,,,,,,,,,,,,,,,,,,,,,,,,,,,,,,,,
"1852983","412c95040a8a0c30b710cde6a7dc8612a229fa4a2a10cd29cca8e01804e37d5796122a2b64a97ecc1d9a580fffd02eb57e332d17d2f2dbc5b7135eb3472b17fd","2024-06-29T09:12:00.000","2","DRIVER",,"1765193","Y","UNKNOWN","OTHER (EXPLAIN IN NARRATIVE)",,,"UNKNOWN","TRACTOR W/ SEMI-TRAILER","UNKNOWN/NA","UNKNOWN","UNKNOWN/NA",,,"1",,,,,,,,,,,,,,,,,"Y","SIDE-RIGHT",,,,,,,,,,,,,,,,,,,,,,,,,,,,,,,,,