"crash_unit_id","crash_record_id","crash_date","unit_no","unit_type","num_passengers","vehicle_id","cmrc_veh_i","make","model","lic_plate_state","vehicle_year","vehicle_defect","vehicle_type","vehicle_use","travel_direction","maneuver","towed_i","fire_i","occupant_cnt","exceed_speed_limit_i","towed_by","towed_to","area_00_i","area_01_i","area_02_i","area_03_i","area_04_i","area_05_i","area_06_i","area_07_i","area_08_i","area_09_i","area_10_i","area_11_i","area_12_i","area_99_i","first_contact_point","cmv_id","usdot_no","ccmc_no","ilcc_no","commercial_src","gvwr","carrier_name","carrier_state","carrier_city","hazmat_placards_i","hazmat_name","un_no","hazmat_present_i","hazmat_report_i","hazmat_report_no","mcs_report_i","mcs_report_no","hazmat_vio_cause_crash_i","mcs_vio_cause_crash_i","idot_permit_no","wide_load_i","trailer1_width","trailer2_width","trailer1_length","trailer2_length","total_vehicle_length","axle_cnt","vehicle_config","cargo_body_type","load_type","hazmat_out_of_service_i","mcs_out_of_service_i","hazmat_class"
"1852928","99dc22d0181ce7f9001651be8ecf218033ff97aff913dd595f5a9f866b340c4a4ca6a43b2eb5d06dfcb429586fca33a50e52e0ee3a2dd33f1aa3d15fb423b249","2024-06-29T09:10:00.000","1","DRIVER",,"1765129",,"PORSCHE","OTHER (EXPLAIN IN NARRATIVE)",,,"UNKNOWN","UNKNOWN/NA","UNKNOWN/NA","E","STRAIGHT AHEAD",,,"1",,,,,"Y","Y","Y","Y",,,,,,,,,"N","SIDE-RIGHT",,,,,,,,,,,,,,,,,,,,,,,,,,,,,,,,,
"1852929","99dc22d0181ce7f9001651be8ecf218033ff97aff913dd595f5a9f866b340c4a4ca6a43b2eb5d06dfcb429586fca33a50e52e0ee3a2dd33f1aa3d15fb423b249","2024-06-29T09:10:00.000","2","DRIVER",,"1765133",,"TOYOTA","CAMRY","IL","2010","UNKNOWN","UNKNOWN/NA","UNKNOWN/NA","E","STRAIGHT AHEAD",,,"1",,,,,"Y","Y",,,,,"Y","Y","Y","Y",,,,"SIDE-LEFT",,,,,,,,,,,,,,,,,,,,,,,,,,,,,,,,,
"1853039","49a0540856129ee5e39249420947f898091585dc7771db8d96ae5e89eb652f0594a8dbec91e906ca6887b015a24fc215a5f0069120f71d4176bc6a31fb3cd665","2024-06-29T09:00:00.000","1","DRIVER",,"1765238",,"DODGE","DURANGO","IL","2014","UNKNOWN","SPORT UTILITY VEHICLE (SUV)","PERSONAL","S","BACKING",,,"1",,,,,,,,,,"Y",,,,,,,,"REAR",,,,,,,,,,,,,,,,,,,,,,,,,,,,,,,,,
"1853040","49a0540856129ee5e39249420947f898091585dc7771db8d96ae5e89eb652f0594a8dbec91e906ca6887b015a24fc215a5f0069120f71d4176bc6a31fb3cd665","2024-06-29T09:00:00.000","2","DRIVER",,"1765262",,"JEEP","CHEROKEE","IL","2023","UNKNOWN","SPORT UTILITY VEHICLE (SUV)","PERSONAL","UNKNOWN","STRAIGHT AHEAD",,,"1",,,,,,,,,,,"Y","Y","Y",,,,,"SIDE-LEFT",,,,,,,,,,,,,,,,,,,,,,,,,,,,,,,,,
"1852959","96585e2a287358907b9006a645807ce2f23ba1b070784d0dabe774144bce29d7ad104f1193c88f7b4d828a98bde5cc7c8ce08d1dcbf6a4186d9da1c68d827ffb","2024-06-29T09:00:00.000","2","PARKED",,"1765154",,"FORD","ESCAPE","KY","2024","NONE","PASSENGER","PERSONAL","N","PARKED",,,"0",,,,,,,,,,,"Y","Y",,,,,,"SIDE-LEFT",,,,,,,,,,,,,,,,,,,,,,,,,,,,,,,,,
"1852973","96585e2a287358907b9006a645807ce2f23ba1b070784d0dabe774144bce29d7ad104f1193c88f7b4d828a98bde5cc7c8ce08d1dcbf6a4186d9da1c68d827ffb","2024-06-29T09:00:00.000","1","DRIVER",,"1765189",,"UNKNOWN","OTHER (EXPLAIN IN NARRATIVE)","IL",,"UNKNOWN","UNKNOWN/NA","UNKNOWN/NA","UNKNOWN","UNKNOWN/NA",,,"1",,,,,,,,,,,,,,,,,,"UNKNOWN",,,,,,,,,,,,,,,,,,,,,,,,,,,,,,,,,
"1852930","fecea45bcc3f7c8b642e1dfb0177d630818b1e0967e0ad19c910133fad78c6e0103189cf9efbc8b2809018fe44a5a065df22dc72db4ca1200c7c33875e1ce393","2024-06-29T09:00:00.000","1","DRIVER",,"1765134",,"UNKNOWN","OTHER (EXPLAIN IN NARRATIVE)",,,"UNKNOWN","UNKNOWN/NA","UNKNOWN/NA","UNKNOWN","UNKNOWN/NA",,,"1",,,,,,,,,,,,,,,,,"Y","UNKNOWN",,,,,,,,,,,,,,,,,,,,,,,,,,,,,,,,,
"1852931","fecea45bcc3f7c8b642e1dfb0177d630818b1e0967e0ad19c910133fad78c6e0103189cf9efbc8b2809018fe44a5a065df22dc72db4ca1200c7c33875e1ce393","2024-06-29T09:00:00.000","2","PARKED",,"1765135",,"CHEVROLET","MALIBU","IN","2024","NONE","PASSENGER","OTHER","E","PARKED",,,"0",,,,,,,,,,"Y","Y","Y",,,,,,"SIDE-LEFT-REAR",,,,,,,,,,,,,,,,,,,,,,,,,,,,,,,,,
"1852926","86740c611dde91c1a7038132af9909c99bb9f9ddeceb5cde29c9706682f35c3e45b062bd2f57598361d7ee111a0bd56dc78eb98e4d4135f30494672c0107474e","2024-06-29T08:38:00.000","1","DRIVER","2","1765125",,"JEEP","CHEROKEE","IL","2014","NONE","PASSENGER","PERSONAL","S","DRIVING WRONG WAY",,,"3",,,,,,,,,,,"Y","Y","Y","Y","Y",,,"FRONT-LEFT-CORNER",,,,,,,,,,,,,,,,,,,,,,,,,,,,,,,,,
"1852927","86740c611dde91c1a7038132af9909c99bb9f9ddeceb5cde29c9706682f35c3e45b062bd2f57598361d7ee111a0bd56dc78eb98e4d4135f30494672c0107474e","2024-06-29T08:38:00.000","2","PARKED",,"1765128",,"BMW","X5","IL","2020","NONE","PASSENGER","PERSONAL","N","PARKED",,,"0",,,,,,,,,,,"Y","Y","Y","Y","Y",,,"FRONT-LEFT-CORNER",,,,,,,,,,,,,,,,,,,,,,,,,,,,,,,,,
"1852909","39cedfe25b2c101b44c7738f01b6b655c531bd86b198d0077a55b7e60d427c835e8b04c0b66a11fdf70b2c62fde228e7d36c6dbf3820fd63ef45aab6f82e8a29","2024-06-29T08:25:00.000","1","DRIVER",,"1765109",,"JEEP","WRANGLER","IL","2011","NONE","PASSENGER","PERSONAL","W","STRAIGHT AHEAD",,,"1",,,,,"Y",,,,,,,,,,"Y","Y",,"FRONT",,,,,,,,,,,,,,,,,,,,,,,,,,,,,,,,,
"1852910","39cedfe25b2c101b44c7738f01b6b655c531bd86b198d0077a55b7e60d427c835e8b04c0b66a11fdf70b2c62fde228e7d36c6dbf3820fd63ef45aab6f82e8a29","2024-06-29T08:25:00.000","2","DRIVER",,"1765115",,"HYUNDAI","ELANTRA","IL","2021","NONE","PASSENGER","PERSONAL","W","STRAIGHT AHEAD",,,"1",,,,,,,,,"Y","Y","Y",,,,,,,"REAR",,,,,,,,,,,,,,,,,,,,,,,,,,,,,,,,,
"1852894","89adb4926aff06ad14b607f249842658b0d4be4a73e250cf268b3d2e117bebaf0d3f00336f6f305bc62b0d62e394df4b14dbfa1787abf1beb2ee0829ac54c4f6","2024-06-29T08:25:00.000","1","DRIVER",,"1765099",,"UNKNOWN","OTHER (EXPLAIN IN NARRATIVE)","IL",,"UNKNOWN","UNKNOWN/NA","UNKNOWN/NA","W","UNKNOWN/NA",,,"1",,,,,,,,,,,,,,,,,,"UNKNOWN",,,,,,,,,,,,,,,,,,,,,,,,,,,,,,,,,
"1852895","89adb4926aff06ad14b607f249842658b0d4be4a73e250cf268b3d2e117bebaf0d3f00336f6f305bc62b0d62e394df4b14dbfa1787abf1beb2ee0829ac54c4f6","2024-06-29T08:25:00.000","2","PARKED",,"1765102",,"KIA","OPTIMA / K5","IL","2015","NONE","PASSENGER","NOT IN USE","W","PARKED",,,"0",,,,,,,,,,,,,,"Y","Y",,,"FRONT-LEFT-CORNER",,,,,,,,,,,,,,,,,,,,,,,,,,,,,,,,,
"1852913","96f236543408b2f236a76cb0e4d1ba6188490a3d3af1d4cb5454eaacef6e87de0d5af903a1cf85c5cd9000c4fc394f501cc0cbdca29e35d5582753d14f4b6c39","2024-06-29T08:20:00.000","1","DRIVER",,"1765113","Y","PETERBILT MOTORS COMPANY (DIVISION OF PACCAR, INC.)","PETERBILT MOTORS CO., DIVISION PACCAR, INC.","IL",,"UNKNOWN","TRACTOR W/ SEMI-TRAILER","COMMERCIAL - MULTI-UNIT","E","BACKING",,,"1",,,,,,,,,,"Y",,,,,,,,"REAR","19547",,,,,,"KING LOGISTICS INC","IL","ALSIP",,,,"N","N",,"U",,"U","U",,,,,,,,,"TRACTOR/SEMI-TRAILER","OTHER","UNKNOWN","N","N",
"1852914","96f236543408b2f236a76cb0e4d1ba6188490a3d3af1d4cb5454eaacef6e87de0d5af903a1cf85c5cd9000c4fc394f501cc0cbdca29e35d5582753d14f4b6c39","2024-06-29T08:20:00.000","2","DRIVER",,"1765116",,"CHEVROLET","TRAVERSE","IL",,"UNKNOWN","SPORT UTILITY VEHICLE (SUV)","PERSONAL","W","STRAIGHT AHEAD",,,"1",,,,,,,,,,,,,,,,"Y",,"FRONT",,,,,,,,,,,,,,,,,,,,,,,,,,,,,,,,,
"1853383","db1bf1a6d0a5211416ebf9cdf5ebc947783de49044a032c7e7530ac8a880a5866721f0a695852ce4f23500bea3f4ddd6a4c7ea48ab674144e6151863afbee987","2024-06-29T08:20:00.000","1","DRIVER",,"1765549",,"FORD","F150","IL","2012","UNKNOWN","TRUCK - SINGLE UNIT","PERSONAL","S","STRAIGHT AHEAD",,,"1",,,,,,,,,,,,,,,,,"Y","FRONT",,,,,,,,,,,,,,,,,,,,,,,,,,,,,,,,,
"1853384","db1bf1a6d0a5211416ebf9cdf5ebc947783de49044a032c7e7530ac8a880a5866721f0a695852ce4f23500bea3f4ddd6a4c7ea48ab674144e6151863afbee987","2024-06-29T08:20:00.000","2","DRIVER",,"1765558",,"CHEVROLET","MALIBU","IL","2021","NONE","PASSENGER","OTHER","S","TURNING LEFT",,,"1",,,,,,,,,,"Y","Y",,,,,,,"SIDE-LEFT-REAR",,,,,,,,,,,,,,,,,,,,,,,,,,,,,,,,,
"1852918","433dc7d3da6b01860d90f58ebab5163f46d70194d4b312895d09a3ba6c614514f4d0c23530d6439a642a8211f4d23a96d76d5d49a5b2c1f182d729de1701a108","2024-06-29T08:12:00.000","1","DRIVER",,"1765114","Y","VOLVO","TRUCK","IL","2012","NONE","SINGLE UNIT TRUCK WITH TRAILER","COMMERCIAL - SINGLE UNIT","E","TURNING RIGHT",,,"1",,,,,,,,"Y","Y",,,,,,,,,"UNKNOWN","19550","2871790","215884","215884","DRIVER","3","CST LOGISTICS INC","IL","HOMER GLEN",,,,"N","N",,"N",,"N","N","UNK",,"0-96",,,,"53","5","TRUCK/TRAILER","FLATBED","OTHER","N","N",
"1852919","433dc7d3da6b01860d90f58ebab5163f46d70194d4b312895d09a3ba6c614514f4d0c23530d6439a642a8211f4d23a96d76d5d49a5b2c1f182d729de1701a108","2024-06-29T08:12:00.000","2","DRIVER","1","1765131",,"TOYOTA","COROLLA","IL","2017","NONE","PASSENGER","PERSONAL","E","TURNING RIGHT",,,"2",,,,,,,,,"Y","Y","Y","Y",,,,,,"REAR-LEFT-CORNER",,,,,,,,,,,,,,,,,,,,,,,,,,,,,,,,,
"1852899","e00079255bf1dbdc6461675ad7887ba8d263f86769ca6b8952cd6e2c42077a5deeba140459c31ca1018c3fd196f6457e992d75fa651440efb88a971ee518d315","2024-06-29T08:00:00.000","1","DRIVER",,"1765101",,"BUICK","CASCADA","TX","2013","NONE","PASSENGER","PERSONAL","S","STRAIGHT AHEAD","Y",,"1",,"UNKNOWN","UNKNOWN",,"Y","Y","Y",,,,,,,,"Y","Y",,"FRONT",,,,,,,,,,,,,,,,,,,,,,,,,,,,,,,,,
"1852890","89e69bb5a1597e5abfdde7345010be331d64315df6d6111f40d6760c3c4815743aa62568ccc3127bec1cdb33d0f4edc80d04de3797003c291346f0c44bb1df21","2024-06-29T07:55:00.000","1","DRIVER","2","1765091",,"TOYOTA","HIGHLANDER","IL","2015","NONE","SPORT UTILITY VEHICLE (SUV)","PERSONAL","E","ENTERING TRAFFIC LANE FROM PARKING",,,"3",,,,,,,,,,,,,,,,"Y",,"FRONT",,,,,,,,,,,,,,,,,,,,,,,,,,,,,,,,,
"1852891","89e69bb5a1597e5abfdde7345010be331d64315df6d6111f40d6760c3c4815743aa62568ccc3127bec1cdb33d0f4edc80d04de3797003c291346f0c44bb1df21","2024-06-29T07:55:00.000","2","DRIVER","3","1765095",,"CHRYSLER","TOWN & COUNTRY","IL","2011","NONE","VAN/MINI-VAN","PERSONAL","S","STRAIGHT AHEAD",,,"4",,,,,,,,,,,,,,,"Y",,,"FRONT-LEFT-CORNER",,,,,,,,,,,,,,,,,,,,,,,,,,,,,,,,,
"1852896","4dc42f401b42af2580b1b5c76850059a643271e28af4021db47fdaa2bdb42c20fd4872b3f2e8340cdf2993feae7c58fc4e39723672dfd23223eab97e22c9b07d","2024-06-29T07:49:00.000","1","DRIVER",,"1765094",,"DODGE","DURANGO","IL",,"UNKNOWN","PASSENGER","UNKNOWN/NA","W","STRAIGHT AHEAD",,,"1",,,,,,,,,,,,,,,,,"Y","UNDER CARRIAGE",,,,,,,,,,,,,,,,,,,,,,,,,,,,,,,,,
"1852897","4dc42f401b42af2580b1b5c76850059a643271e28af4021db47fdaa2bdb42c20fd4872b3f2e8340cdf2993feae7c58fc4e39723672dfd23223eab97e22c9b07d","2024-06-29T07:49:00.000","2","DRIVER",,"1765098",,"CHRYSLER","300","IL","2017","UNKNOWN","PASSENGER","PERSONAL","W","STRAIGHT AHEAD",,,"1",,,,,"Y",,,,,,"Y","Y",,,"Y","Y","Y","UNKNOWN",,,,,,,,,,,,,,,,,,,,,,,,,,,,,,,,,
"1852946","cd91718f9268089d0eb3c8fed100b4d2b25e65633f6c180ab261969049375de8ff5b4801b0837cb202c39e0058aeab2ff217ab65529cdd83967578ddfb1261d4","2024-06-29T07:30:00.000","1","DRIVER",,"1765149",,"UNKNOWN","MOTORIZED",,,"UNKNOWN","UNKNOWN/NA","UNKNOWN/NA","W","STRAIGHT AHEAD",,,"1",,,,,,,,,,,,,,,,,"Y","UNKNOWN",,,,,,,,,,,,,,,,,,,,,,,,,,,,,,,,,
"1852947","cd91718f9268089d0eb3c8fed100b4d2b25e65633f6c180ab261969049375de8ff5b4801b0837cb202c39e0058aeab2ff217ab65529cdd83967578ddfb1261d4","2024-06-29T07:30:00.000","2","DRIVER",,"1765155",,"KIA","SOUL","IL","2023","NONE","SPORT UTILITY VEHICLE (SUV)","RIDESHARE SERVICE","W","STRAIGHT AHEAD",,,"1",,,,,,"Y","Y","Y","Y",,,,,,,,,"NONE",,,,,,,,,,,,,,,,,,,,,,,,,,,,,,,,,
"1852948","cd91718f9268089d0eb3c8fed100b4d2b25e65633f6c180ab261969049375de8ff5b4801b0837cb202c39e0058aeab2ff217ab65529cdd83967578ddfb1261d4","2024-06-29T07:30:00.000","3","NON-MOTOR VEHICLE",,,,,,,,,,,,,,,,,,,,,,,,,,,,,,,,,,,,,,,,,,,,,,,,,,,,,,,,,,,,,,,,,,
"1852888","19f5fce9e2311751ac57486bbd66a509471c8edefaefd8ca17f1f4ae007d03363169a967be71c20a047ade74836fb5b966dab954fd38be4a7d38fcd2711e9a0b","2024-06-29T07:28:00.000","1","DRIVER",,"1765088",,"UNKNOWN","OTHER (EXPLAIN IN NARRATIVE)",,,"UNKNOWN","UNKNOWN/NA","UNKNOWN/NA","E","UNKNOWN/NA",,,"1",,,,,,,,,,,,,,,,,"Y","UNKNOWN",,,,,,,,,,,,,,,,,,,,,,,,,,,,,,,,,
"1852889","19f5fce9e2311751ac57486bbd66a509471c8edefaefd8ca17f1f4ae007d03363169a967be71c20a047ade74836fb5b966dab954fd38be4a7d38fcd2711e9a0b","2024-06-29T07:28:00.000","2","PARKED",,"1765090",,"NISSAN","ALTIMA","IL","2014","UNKNOWN","PASSENGER","UNKNOWN/NA","E","PARKED",,,"0",,,,,,,,,,"Y","Y","Y","Y",,,,,"REAR-LEFT-CORNER",,,,,,,,,,,,,,,,,,,,,,,,,,,,,,,,,
"1852882","28e5149e2dd7fe7900d3ef637ac6f3d09128f9a02cca972a808d78b6013e9e1a3d081b5793b0f2026430dc39ff25eccfe649e87509a4cb899bb572b27ea636da","2024-06-29T07:00:00.000","1","DRIVER",,"1765083",,"HONDA","CIVIC","IL","2008","NONE","PASSENGER","PERSONAL","N","STRAIGHT AHEAD","Y",,"1",,"UNKNOWN","UNKNOWN",,"Y","Y","Y","Y","Y",,,,,,"Y","Y",,"FRONT",,,,,,,,,,,,,,,,,,,,,,,,,,,,,,,,,
"1852883","28e5149e2dd7fe7900d3ef637ac6f3d09128f9a02cca972a808d78b6013e9e1a3d081b5793b0f2026430dc39ff25eccfe649e87509a4cb899bb572b27ea636da","2024-06-29T07:00:00.000","2","DRIVER",,"1765089",,"HONDA","ODYSSEY","IL","2004","NONE","VAN/MINI-VAN","PERSONAL","N","SLOW/STOP IN TRAFFIC","Y",,"1",,"UNKNOWN","UNKNOWN",,,,,"Y","Y","Y","Y",,,,,,,"REAR",,,,,,,,,,,,,,,,,,,,,,,,,,,,,,,,,
"1852886","bf8bf8bed035913007fda354450a1ef5903ef012162c672574871ebcbc092bb3a0d9c04fe4058b004c5a63de5dca9cabceec9e624b1980ab8b65c5f8e8c566cf","2024-06-29T06:59:00.000","1","DRIVER",,"1765106",,"NISSAN","MAXIMA","IL","2018","NONE","PASSENGER","PERSONAL","N","STRAIGHT AHEAD","Y",,"1",,"aaa",,,"Y",,,,,,,,,,,,,"FRONT-RIGHT-CORNER",,,,,,,,,,,,,,,,,,,,,,,,,,,,,,,,,
"1852887","bf8bf8bed035913007fda354450a1ef5903ef012162c672574871ebcbc092bb3a0d9c04fe4058b004c5a63de5dca9cabceec9e624b1980ab8b65c5f8e8c566cf","2024-06-29T06:59:00.000","2","DRIVER",,"1765111",,"KIA","SORENTO","IL","2014","NONE","SPORT UTILITY VEHICLE (SUV)","PERSONAL","N","STRAIGHT AHEAD",,,"1",,,,"N",,,,,,,"Y",,,,,,"Y","REAR",,,,,,,,,,,,,,,,,,,,,,,,,,,,,,,,,
"1852900","76428be6d7d077b1e7a6ab548c5340770742314d8f04bdf2b8e7194afe666f4127ec813a56323af7f655602bdcc55257519f88feedde3c6a4319698250309720","2024-06-29T06:57:00.000","1","DRIVER",,"1765105",,"HONDA","PILOT","IL","2004","UNKNOWN","PASSENGER","PERSONAL","N","NEGOTIATING A CURVE","Y",,"1",,"city of chicago","pound 1",,"Y",,"Y",,,,"Y",,,,"Y",,,"SIDE-LEFT-REAR",,,,,,,,,,,,,,,,,,,,,,,,,,,,,,,,,
"1852866","80631394d46d671e4c5db6b5acec09c274655ec835a5c0fa81994f0a49ad5a2a15776f050b0244df7e8883bff347fcb61bff2b9fd735e298b11ad8922763cb0b","2024-06-29T06:40:00.000","1","DRIVER",,"1765072",,"NISSAN","KICKS","IL","2019","NONE","PASSENGER","PERSONAL","S","STRAIGHT AHEAD",,,"1",,,,,,,,,,,,,,,,"Y",,"FRONT",,,,,,,,,,,,,,,,,,,,,,,,,,,,,,,,,
"1852867","80631394d46d671e4c5db6b5acec09c274655ec835a5c0fa81994f0a49ad5a2a15776f050b0244df7e8883bff347fcb61bff2b9fd735e298b11ad8922763cb0b","2024-06-29T06:40:00.000","2","DRIVER",,"1765075",,"CHEVROLET","SUBURBAN","IL","2019","NONE","SPORT UTILITY VEHICLE (SUV)","PERSONAL","S","STRAIGHT AHEAD",,,"1",,,,,,,,,,"Y",,,,,,,,"REAR",,,,,,,,,,,,,,,,,,,,,,,,,,,,,,,,,
"1852892","7b01ad350570725d3d264991c9b3753d924e32936d567d21a77d7ff3220bd1ea2acebfec51e9d060b642c65c8f9bee4e41b2c7854c7b98656f15aa7802f3bb8b","2024-06-29T06:04:00.000","1","DRIVER",,"1765093",,"KIA","OTHER (EXPLAIN IN NARRATIVE)","IL","2015","UNKNOWN","PASSENGER","UNKNOWN/NA","S","STRAIGHT AHEAD",,,"1",,,,,,,,,,,,,,,,"Y",,"FRONT",,,,,,,,,,,,,,,,,,,,,,,,,,,,,,,,,
"1852893","7b01ad350570725d3d264991c9b3753d924e32936d567d21a77d7ff3220bd1ea2acebfec51e9d060b642c65c8f9bee4e41b2c7854c7b98656f15aa7802f3bb8b","2024-06-29T06:04:00.000","2","DRIVER",,"1765103",,"TOYOTA","OTHER (EXPLAIN IN NARRATIVE)","IL","2006","NONE","PASSENGER","PERSONAL","S","SLOW/STOP IN TRAFFIC",,,"1",,,,,,,,,,"Y",,,,,,,,"REAR",,,,,,,,,,,,,,,,,,,,,,,,,,,,,,,,,
"1852915","ef1651cb29d015d215356be1aaab3813e1ca7d6d9d0ac86df5f4513221cfc6998197b7a8b584630393c4104a060677ac680e41a1c750d140aa64ce6a60d0725a","2024-06-29T06:00:00.000","1","DRIVER",,"1765117",,"TOYOTA","SIENNA","IL","2023","NONE","VAN/MINI-VAN","TAXI/FOR HIRE","N","STRAIGHT AHEAD","Y",,"1",,,,,"Y","Y","Y",,,,,,,,,"Y",,"FRONT-RIGHT-CORNER",,,,,,,,,,,,,,,,,,,,,,,,,,,,,,,,,
"1852916","ef1651cb29d015d215356be1aaab3813e1ca7d6d9d0ac86df5f4513221cfc6998197b7a8b584630393c4104a060677ac680e41a1c750d140aa64ce6a60d0725a","2024-06-29T06:00:00.000","2","PARKED",,"1765121",,"SUZUKI","KIZASHI","IL","2010","NONE","PASSENGER","PERSONAL","N","PARKED",,,"0",,,,,,,,,,,"Y","Y","Y","Y","Y",,,"REAR-LEFT-CORNER",,,,,,,,,,,,,,,,,,,,,,,,,,,,,,,,,
"1852917","ef1651cb29d015d215356be1aaab3813e1ca7d6d9d0ac86df5f4513221cfc6998197b7a8b584630393c4104a060677ac680e41a1c750d140aa64ce6a60d0725a","2024-06-29T06:00:00.000","3","PARKED",,"1765123",,"CADILLAC","OTHER (EXPLAIN IN NARRATIVE)","IL","2012","NONE","PASSENGER","PERSONAL","N","STRAIGHT AHEAD",,,"0",,,,,,,,,,"Y","Y","Y","Y",,,,,"REAR-LEFT-CORNER",,,,,,,,,,,,,,,,,,,,,,,,,,,,,,,,,
"1852879","1e767bd737e5eb311507b0872f96b82e21ba796d3e90cdb8fd65bffdcfa57bdc7fdb1f7d205366ae949510bea9783d126cd2b1a765835ad9b81312c8ee0949cf","2024-06-29T05:36:00.000","1","DRIVER","2","1765086",,"FORD","ESCAPE","IL","2008","NONE","SPORT UTILITY VEHICLE (SUV)","PERSONAL","S","UNKNOWN/NA","Y",,"3",,"STREETS AND SANITATIONS",,,,,,,,,,,,,,,,"FRONT",,,,,,,,,,,,,,,,,,,,,,,,,,,,,,,,,
"1852880","1e767bd737e5eb311507b0872f96b82e21ba796d3e90cdb8fd65bffdcfa57bdc7fdb1f7d205366ae949510bea9783d126cd2b1a765835ad9b81312c8ee0949cf","2024-06-29T05:36:00.000","2","PARKED",,"1765096",,"CHEVROLET","MALIBU","IL","2015","NONE","PASSENGER","PERSONAL","S","PARKED",,,"0",,,,,"Y",,,,"Y","Y","Y",,,,"Y","Y",,"REAR",,,,,,,,,,,,,,,,,,,,,,,,,,,,,,,,,
"1852881","1e767bd737e5eb311507b0872f96b82e21ba796d3e90cdb8fd65bffdcfa57bdc7fdb1f7d205366ae949510bea9783d126cd2b1a765835ad9b81312c8ee0949cf","2024-06-29T05:36:00.000","3","PARKED",,"1765100",,"FORD","ESCAPE","IL","2005","NONE","PASSENGER","PERSONAL","S","PARKED",,,"0",,,,,,,,,"Y","Y","Y",,,,,,,"REAR",,,,,,,,,,,,,,,,,,,,,,,,,,,,,,,,,
"1852868","bf3526438ce2d9a5936993a640427313ee6a4b68c4f888e40617a03868cc6257d9b8f9dbbbbe28e9bd62f75bf9d1518c5566ab81c6a39b6b45a671ab0c3d5652","2024-06-29T04:50:00.000","1","DRIVER",,"1765070",,"CHEVROLET","SUBURBAN","IL","2007","UNKNOWN","PASSENGER","PERSONAL","E","STRAIGHT AHEAD","Y",,"1",,"streets and sanitation","701 n sacramento",,"Y",,,,,,,,,,"Y","Y",,"FRONT",,,,,,,,,,,,,,,,,,,,,,,,,,,,,,,,,
"1852869","bf3526438ce2d9a5936993a640427313ee6a4b68c4f888e40617a03868cc6257d9b8f9dbbbbe28e9bd62f75bf9d1518c5566ab81c6a39b6b45a671ab0c3d5652","2024-06-29T04:50:00.000","2","DRIVER","1","1765071",,"NISSAN","ROGUE","IL","2022","NONE","PASSENGER","POLICE","E","SLOW/STOP IN TRAFFIC",,,"2",,,,,,,,"Y","Y","Y","Y","Y",,,,,,"REAR",,,,,,,,,,,,,,,,,,,,,,,,,,,,,,,,,
"1852812","02533113c6f758f0b9d57eb0b41c095b099ad622a0b7017df39d867adc8205f56b8de26009bcdafaab43eef16cdde97785ec449219f3184ecfea076e45632d75","2024-06-29T03:50:00.000","1","DRIVER",,"1765016",,"FORD","EXPEDITION","IL",,"UNKNOWN","PASSENGER","OTHER","E","BACKING",,,"1",,,,,,,,,"Y","Y",,,,,,,,"SIDE-RIGHT-REAR",,,,,,,,,,,,,,,,,,,,,,,,,,,,,,,,,
"1852842","807e6feca6bf09d3ba826c9ce291aa25c22f49c44bff6f5036a57aa5a742ace0c9238b631dcca84d7a0cb69534fa5faa4f3222fa0ec192583aaa7609a8249e4d","2024-06-29T03:42:00.000","1","DRIVER",,"1765045",,"TOYOTA","HIGHLANDER","IL","2017","UNKNOWN","PASSENGER","PERSONAL","S","UNKNOWN/NA","Y",,"1",,"Cook County Tow","717 N Trumbull Ave",,"Y","Y",,,,,"Y","Y","Y","Y","Y","Y",,"FRONT-RIGHT-CORNER",,,,,,,,,,,,,,,,,,,,,,,,,,,,,,,,,
"1852843","807e6feca6bf09d3ba826c9ce291aa25c22f49c44bff6f5036a57aa5a742ace0c9238b631dcca84d7a0cb69534fa5faa4f3222fa0ec192583aaa7609a8249e4d","2024-06-29T03:42:00.000","2","PARKED",,"1765050",,"FORD","F250","IL","1999","UNKNOWN","PICKUP","UNKNOWN/NA","UNKNOWN","PARKED",,,"0",,,,,,,,,,"Y","Y","Y","Y",,,,,"REAR-LEFT-CORNER",,,,,,,,,,,,,,,,,,,,,,,,,,,,,,,,,
"1852844","807e6feca6bf09d3ba826c9ce291aa25c22f49c44bff6f5036a57aa5a742ace0c9238b631dcca84d7a0cb69534fa5faa4f3222fa0ec192583aaa7609a8249e4d","2024-06-29T03:42:00.000","3","PARKED",,"1765055",,"FORD","FOCUS","IL","2010","UNKNOWN","PASSENGER","PERSONAL","S","PARKED",,,"0",,,,,,,,,"Y","Y","Y",,,,,,,"REAR",,,,,,,,,,,,,,,,,,,,,,,,,,,,,,,,,
"1852847","ba8b26a6b8296674d07353d1a19e9828becf8c6b6d5e1b6247d3740f3bdeea4fe3ebd056c764f53c307bbc45e5fc2b19e098ebb77ffadfad3d5d115e31c7c490","2024-06-29T03:40:00.000","1","DRIVER","1","1765046",,"FORD","ESCORT","IL","2013","NONE","PASSENGER","PERSONAL","S","STRAIGHT AHEAD","Y",,"2",,"city of chicago","400 E LOWER WACKER",,"Y",,,,,,,,,,"Y","Y",,"FRONT-RIGHT-CORNER",,,,,,,,,,,,,,,,,,,,,,,,,,,,,,,,,