"crash_unit_id","crash_record_id","crash_date","unit_no","unit_type","num_passengers","vehicle_id","cmrc_veh_i","make","model","lic_plate_state","vehicle_year","vehicle_defect","vehicle_type","vehicle_use","travel_direction","maneuver","towed_i","fire_i","occupant_cnt","exceed_speed_limit_i","towed_by","towed_to","area_00_i","area_01_i","area_02_i","area_03_i","area_04_i","area_05_i","area_06_i","area_07_i","area_08_i","area_09_i","area_10_i","area_11_i","area_12_i","area_99_i","first_contact_point","cmv_id","usdot_no","ccmc_no","ilcc_no","commercial_src","gvwr","carrier_name","carrier_state","carrier_city","hazmat_placards_i","hazmat_name","un_no","hazmat_present_i","hazmat_report_i","hazmat_report_no","mcs_report_i","mcs_report_no","hazmat_vio_cause_crash_i","mcs_vio_cause_crash_i","idot_permit_no","wide_load_i","trailer1_width","trailer2_width","trailer1_length","trailer2_length","total_vehicle_length","axle_cnt","vehicle_config","cargo_body_type","load_type","hazmat_out_of_service_i","mcs_out_of_service_i","hazmat_class"
"1852848","ba8b26a6b8296674d07353d1a19e9828becf8c6b6d5e1b6247d3740f3bdeea4fe3ebd056c764f53c307bbc45e5fc2b19e098ebb77ffadfad3d5d115e31c7c490","2024-06-29T03:40:00.000","2","DRIVER",,"1765051",,"FORD","EXPLORER","IL","2023","NONE","PASSENGER","POLICE","S","SLOW/STOP IN TRAFFIC",,,"1",,,,,,,,,"Y","Y","Y",,,,,,,"REAR-RIGHT-CORNER",,,,,,,,,,,,,,,,,,,,,,,,,,,,,,,,,
"1852825","8fa1fe0191e3b3c389b65425f6cd86f0467b254484814acef3b182d118571be5c3188754100ed709647d7b3257761e869c97235ceea2a89903cebd6efd78d9cd","2024-06-29T03:30:00.000","1","DRIVER",,"1765024",,"KIA","OTHER (EXPLAIN IN NARRATIVE)","IL","2016","UNKNOWN","UNKNOWN/NA","UNKNOWN/NA","S","STRAIGHT AHEAD",,,"1",,,,,,,,,,,,,,,,,"Y","FRONT",,,,,,,,,,,,,,,,,,,,,,,,,,,,,,,,,
"1852826","8fa1fe0191e3b3c389b65425f6cd86f0467b254484814acef3b182d118571be5c3188754100ed709647d7b3257761e869c97235ceea2a89903cebd6efd78d9cd","2024-06-29T03:30:00.000","2","PEDESTRIAN",,,,,,,,,,,,,,,,,,,,,,,,,,,,,,,,,,,,,,,,,,,,,,,,,,,,,,,,,,,,,,,,,,
"1852809","547e31614b9558d3ee5f95b1e6fd21caf5b89d2c3d55dbde2e0e2cfdb9667f6e47a594efd564bae6381accc9ec8c1fd408f8cb192f58de66fbc5d13fd770b0bd","2024-06-29T03:15:00.000","1","DRIVER",,"1765018",,"BMW","330I","IL","2019","NONE","PASSENGER","PERSONAL","SW","STRAIGHT AHEAD","Y",,"1",,"OHARE TT","11 W BESSIE COLEMAN DR",,"Y","Y",,,,,,,,"Y","Y","Y",,"FRONT-LEFT-CORNER",,,,,,,,,,,,,,,,,,,,,,,,,,,,,,,,,
"1852810","547e31614b9558d3ee5f95b1e6fd21caf5b89d2c3d55dbde2e0e2cfdb9667f6e47a594efd564bae6381accc9ec8c1fd408f8cb192f58de66fbc5d13fd770b0bd","2024-06-29T03:15:00.000","2","DRIVER",,"1765021",,"FORD","EXPLORER","IL","2016","NONE","SPORT UTILITY VEHICLE (SUV)","PERSONAL","W","STRAIGHT AHEAD","Y",,"1",,"OHARE TT","11 W BESSIE COLEMAN DR",,,,,"Y","Y","Y",,,,,,,,"REAR-RIGHT-CORNER",,,,,,,,,,,,,,,,,,,,,,,,,,,,,,,,,
"1852811","547e31614b9558d3ee5f95b1e6fd21caf5b89d2c3d55dbde2e0e2cfdb9667f6e47a594efd564bae6381accc9ec8c1fd408f8cb192f58de66fbc5d13fd770b0bd","2024-06-29T03:15:00.000","3","DRIVER","4","1765027",,"TOYOTA","CAMRY","IL","2014","NONE","PASSENGER","PERSONAL","W","STRAIGHT AHEAD","N",,"5",,,,,,,,,"Y","Y","Y","Y","Y",,,,,"FRONT-LEFT-CORNER",,,,,,,,,,,,,,,,,,,,,,,,,,,,,,,,,
"1853326","004373c5dddd5933c0ec954503c1313892450ecdfcf6a59011ac87d1698a1f0600eb7c093a1451e6fc35d79c5c96f6d36fe0523b2d60597ffec173bf9fbcc403","2024-06-29T03:10:00.000","1","DRIVER",,"1765498",,"CHEVROLET","CRUZE","IL","2013","UNKNOWN","PASSENGER","PERSONAL","E","SKIDDING/CONTROL LOSS","Y",,"1",,,,,,,,,,,,,,,,"Y",,"FRONT",,,,,,,,,,,,,,,,,,,,,,,,,,,,,,,,,
"1852829","7bbbbc3c75d6f1f0efdc614440d0660eace9f7d44328256c9a167a6bcddfbd60ff9985451bfe73307292532cb0078502b08cdb796026e827b942e9694f8517c8","2024-06-29T03:08:00.000","1","DRIVER",,"1765026",,"HONDA","CIVIC","IL",,"UNKNOWN","PASSENGER","UNKNOWN/NA","E","STRAIGHT AHEAD",,,"1",,,,,,,,,,,,,,,,,"Y","FRONT",,,,,,,,,,,,,,,,,,,,,,,,,,,,,,,,,
"1852857","7bbbbc3c75d6f1f0efdc614440d0660eace9f7d44328256c9a167a6bcddfbd60ff9985451bfe73307292532cb0078502b08cdb796026e827b942e9694f8517c8","2024-06-29T03:08:00.000","2","PEDESTRIAN",,,,,,,,,,,,,,,,,,,,,,,,,,,,,,,,,,,,,,,,,,,,,,,,,,,,,,,,,,,,,,,,,,
"1852851","878ac033eea3a5fc020ddea5b6eaefdb0195e1b49de5f8532e986730751fc036d16b0cabd766296e42c42ae1affef74511854981ccce77a7b6656a3e7f1786ac","2024-06-29T03:04:00.000","1","DRIVER",,"1765056",,"UNKNOWN","OTHER (EXPLAIN IN NARRATIVE)","XX",,"UNKNOWN","PICKUP","UNKNOWN/NA","W","STRAIGHT AHEAD",,,"1",,,,,,,,,,,,,,,,,"Y","UNKNOWN",,,,,,,,,,,,,,,,,,,,,,,,,,,,,,,,,
"1852852","878ac033eea3a5fc020ddea5b6eaefdb0195e1b49de5f8532e986730751fc036d16b0cabd766296e42c42ae1affef74511854981ccce77a7b6656a3e7f1786ac","2024-06-29T03:04:00.000","2","DRIVER","1","1765059",,"CHEVROLET","EQUINOX","IL","2022","NONE","PASSENGER","PERSONAL","S","STRAIGHT AHEAD","Y",,"2",,"idot","auto pound #2",,"Y",,,,"Y","Y","Y",,,,"Y","Y",,"FRONT-LEFT-CORNER",,,,,,,,,,,,,,,,,,,,,,,,,,,,,,,,,
"1852830","097f93fef5597123a72c202454eb4d60964b4769d9516f0ce5ea776571c11d43e96ef0b3d8642eb8b709e4085ce46b144c9140fd6724e00107dd1d4d3be76f94","2024-06-29T02:59:00.000","1","DRIVER",,"1765030",,"HYUNDAI","SANTA FE","IL","2016","NONE","PASSENGER","UNKNOWN/NA","S","STRAIGHT AHEAD","Y",,"1",,"city of chicago","Pound 6",,"Y","Y","Y",,,,"Y","Y","Y",,,,,"SIDE-LEFT-FRONT",,,,,,,,,,,,,,,,,,,,,,,,,,,,,,,,,
"1852831","097f93fef5597123a72c202454eb4d60964b4769d9516f0ce5ea776571c11d43e96ef0b3d8642eb8b709e4085ce46b144c9140fd6724e00107dd1d4d3be76f94","2024-06-29T02:59:00.000","2","PARKED",,"1765034",,"NISSAN","ALTIMA","IL","2006","UNKNOWN","PASSENGER","UNKNOWN/NA","S","PARKED",,,"0",,,,,,,,,,,,,,,"Y",,,"FRONT-LEFT-CORNER",,,,,,,,,,,,,,,,,,,,,,,,,,,,,,,,,
"1852832","097f93fef5597123a72c202454eb4d60964b4769d9516f0ce5ea776571c11d43e96ef0b3d8642eb8b709e4085ce46b144c9140fd6724e00107dd1d4d3be76f94","2024-06-29T02:59:00.000","3","PARKED",,"1765037",,"MAZDA","MAZDA3","IL","2004","UNKNOWN","PASSENGER","UNKNOWN/NA","S","PARKED",,,"0",,,,,,"Y","Y","Y",,,,,,,,,,"SIDE-RIGHT",,,,,,,,,,,,,,,,,,,,,,,,,,,,,,,,,
"1852833","097f93fef5597123a72c202454eb4d60964b4769d9516f0ce5ea776571c11d43e96ef0b3d8642eb8b709e4085ce46b144c9140fd6724e00107dd1d4d3be76f94","2024-06-29T02:59:00.000","4","PARKED",,"1765042",,"HYUNDAI","SONATA","IL","2011","UNKNOWN","UNKNOWN/NA","UNKNOWN/NA","S","PARKED",,,"0",,,,,,,,,,,"Y","Y","Y","Y","Y",,,"SIDE-LEFT",,,,,,,,,,,,,,,,,,,,,,,,,,,,,,,,,
"1852797","5eac7f26713d00034b7be115f75b504df505259b33110ac7855927e34424e4bdfd0bdbca8ecf963e12cd2f5dcd648b4fd516668c9d3219107fe4a052b217adf0","2024-06-29T02:45:00.000","1","DRIVER",,"1765005",,"HONDA","PILOT","IL","2009","UNKNOWN","SPORT UTILITY VEHICLE (SUV)","UNKNOWN/NA","E","PASSING/OVERTAKING",,,"1",,,,,"Y",,,,,,,,,,"N",,,"FRONT-RIGHT-CORNER",,,,,,,,,,,,,,,,,,,,,,,,,,,,,,,,,
"1852798","5eac7f26713d00034b7be115f75b504df505259b33110ac7855927e34424e4bdfd0bdbca8ecf963e12cd2f5dcd648b4fd516668c9d3219107fe4a052b217adf0","2024-06-29T02:45:00.000","2","DRIVER",,"1765007",,"HONDA","CIVIC","IL","2012","NONE","PASSENGER","PERSONAL","E","STRAIGHT AHEAD",,,"1",,,,,,,,,,,"Y",,,,,,,"REAR-LEFT-CORNER",,,,,,,,,,,,,,,,,,,,,,,,,,,,,,,,,
"1852818","d7ba7bb0e9743a48855caaae43aa7b24075fac0569551fc5e008ae43bbeb8cf3916f26e1b2de4163594908a57e6871c03872973b36cf54d57c8fa58778cbdfc6","2024-06-29T02:45:00.000","1","DRIVER",,"1765029",,"HYUNDAI","SONATA","IL","2013","NONE","PASSENGER","PERSONAL","S","STRAIGHT AHEAD",,,"1",,,,,"Y","Y",,,,,,,,"Y","Y",,,"FRONT-RIGHT-CORNER",,,,,,,,,,,,,,,,,,,,,,,,,,,,,,,,,
"1852819","d7ba7bb0e9743a48855caaae43aa7b24075fac0569551fc5e008ae43bbeb8cf3916f26e1b2de4163594908a57e6871c03872973b36cf54d57c8fa58778cbdfc6","2024-06-29T02:45:00.000","2","DRIVER",,"1765023","N","TOYOTA","PRIUS","IL","2013","NONE","PASSENGER","TAXI/FOR HIRE","S","STRAIGHT AHEAD",,,"1",,,,,,,,,,,,"Y","Y","Y",,,,"SIDE-LEFT",,,,,,,,,,,,,,,,,,,,,,,,,,,,,,,,,
"1852799","57117ee976dea338f1ace25ea8e754ddcfb93011257225f0b454c7f8aad0aac8f8db1eb174991666e8ceea9aad8d4dd9b2ed481df2d0f12a72ae05316df7de97","2024-06-29T02:15:00.000","1","DRIVER",,"1765008",,"NISSAN","ROGUE","IL","2015","UNKNOWN","SPORT UTILITY VEHICLE (SUV)","PERSONAL","W","TURNING RIGHT","Y",,"1",,"personal",,,"Y",,,,,,,,,,"Y","Y",,"FRONT",,,,,,,,,,,,,,,,,,,,,,,,,,,,,,,,,
"1852800","57117ee976dea338f1ace25ea8e754ddcfb93011257225f0b454c7f8aad0aac8f8db1eb174991666e8ceea9aad8d4dd9b2ed481df2d0f12a72ae05316df7de97","2024-06-29T02:15:00.000","2","DRIVERLESS",,"1765010",,"BMW","3 SERIES","IL","2012","UNKNOWN","PASSENGER","NOT IN USE","E","PARKED",,,"0",,,,,"Y",,,,,,,,,,"Y","Y",,"FRONT",,,,,,,,,,,,,,,,,,,,,,,,,,,,,,,,,
"1853110","1407e85e7585e1973d1cdd718bcded93304eccb5ff6bea276683bb97655449ba1df14290682a80949affee8657bf17b1b3f30319721bd7e914679399fb12d5c1","2024-06-29T02:00:00.000","1","DRIVER",,"1765291",,"UNKNOWN","OTHER (EXPLAIN IN NARRATIVE)","XX",,"UNKNOWN","UNKNOWN/NA","UNKNOWN/NA","UNKNOWN","UNKNOWN/NA",,,"1",,,,,,,,,,,,,,,,,"Y","UNKNOWN",,,,,,,,,,,,,,,,,,,,,,,,,,,,,,,,,
"1853111","1407e85e7585e1973d1cdd718bcded93304eccb5ff6bea276683bb97655449ba1df14290682a80949affee8657bf17b1b3f30319721bd7e914679399fb12d5c1","2024-06-29T02:00:00.000","2","PARKED",,"1765294",,"TOYOTA","RAV4","IL","2019","NONE","SPORT UTILITY VEHICLE (SUV)","PERSONAL","W","PARKED","Y",,"0",,"PRIVATE TOW",,,"Y","Y",,,,,,,"Y","Y","Y",,,"SIDE-LEFT-FRONT",,,,,,,,,,,,,,,,,,,,,,,,,,,,,,,,,
"1853104","ad8fe7a632dfa84f17dea0ae56ef968c59dabca988fca9ec7ad8559423e8fca3ba62f25a5eedecf0e7ba20e66eeabc44d4e4e4e5025a9cf62b6ada0244110745","2024-06-29T02:00:00.000","1","DRIVER",,"1765287",,"UNKNOWN","OTHER (EXPLAIN IN NARRATIVE)",,,"UNKNOWN","UNKNOWN/NA","UNKNOWN/NA","S","UNKNOWN/NA",,,"1",,,,,,,,,,,,,,,,,"Y","UNKNOWN",,,,,,,,,,,,,,,,,,,,,,,,,,,,,,,,,
"1853105","ad8fe7a632dfa84f17dea0ae56ef968c59dabca988fca9ec7ad8559423e8fca3ba62f25a5eedecf0e7ba20e66eeabc44d4e4e4e5025a9cf62b6ada0244110745","2024-06-29T02:00:00.000","2","PARKED",,"1765290",,"CHEVROLET","IMPALA","IL","2009","NONE","PASSENGER","NOT IN USE","S","PARKED",,,"0",,,,,,,,,,"Y",,,,,,,,"REAR",,,,,,,,,,,,,,,,,,,,,,,,,,,,,,,,,
"1852796","1149ea2a9ecead07398555677bfbee0f5bbc1cfa5480ffa8829fee784ddd8ffdd9cb56477ed41cff4e3bd0578268d074a1a19ccb940d32bffcc90a19ee95aa08","2024-06-29T01:51:00.000","1","DRIVER","1","1765004",,"CHEVROLET","MALIBU","IL","2008","UNKNOWN","PASSENGER","NOT IN USE","N","STRAIGHT AHEAD","Y",,"2",,"CITY",,,"Y","Y","Y","Y","Y","Y","Y","Y","Y","Y","Y","Y",,"TOTAL (ALL AREAS)",,,,,,,,,,,,,,,,,,,,,,,,,,,,,,,,,
"1852804","a30ef274f87b6d28675d5890fee7b66204827e928964b8531875df635d499a899832526032db901fa68e0491a5c07e214fa571ca2dfa1cce67f186e35df0c71e","2024-06-29T01:44:00.000","1","DRIVER",,"1765013",,"UNKNOWN","OTHER (EXPLAIN IN NARRATIVE)","IL",,"UNKNOWN","UNKNOWN/NA","UNKNOWN/NA","UNKNOWN","TURNING LEFT",,,"1",,,,,,,,,,,,"N","N",,"N",,,"UNKNOWN",,,,,,,,,,,,,,,,,,,,,,,,,,,,,,,,,
"1852805","a30ef274f87b6d28675d5890fee7b66204827e928964b8531875df635d499a899832526032db901fa68e0491a5c07e214fa571ca2dfa1cce67f186e35df0c71e","2024-06-29T01:44:00.000","2","DRIVER",,"1765017",,"NISSAN","ALTIMA","IL","2014","NONE","PASSENGER","PERSONAL","N","STRAIGHT AHEAD",,,"1",,,,,,,,,,,,"Y","Y","Y","Y",,,"SIDE-LEFT",,,,,,,,,,,,,,,,,,,,,,,,,,,,,,,,,
"1852815","238d2a8b3e74195b746df2252fe0b29fa819959d02d9cf4d278bc77958a6ced85f35096095d82e12474deaa5170a43c1c880f40d4c3d32efa22bcf0c9ed88057","2024-06-29T01:42:00.000","1","DRIVER",,"1765044",,"UNKNOWN","OTHER (EXPLAIN IN NARRATIVE)",,,"UNKNOWN","PASSENGER","PERSONAL","S","STRAIGHT AHEAD",,,"1",,,,,,,,,,,,,,,,,"Y","FRONT",,,,,,,,,,,,,,,,,,,,,,,,,,,,,,,,,
"1852816","238d2a8b3e74195b746df2252fe0b29fa819959d02d9cf4d278bc77958a6ced85f35096095d82e12474deaa5170a43c1c880f40d4c3d32efa22bcf0c9ed88057","2024-06-29T01:42:00.000","2","PARKED",,"1765020",,"VOLKSWAGEN","GTI","IL","2006","OTHER","PASSENGER","PERSONAL","N","PARKED IN TRAFFIC LANE","Y",,"0",,"CITY OF CHICAGO","10301 S DOTY AVE",,"Y",,,,,,,,,,"Y","Y",,"FRONT",,,,,,,,,,,,,,,,,,,,,,,,,,,,,,,,,
"1852817","238d2a8b3e74195b746df2252fe0b29fa819959d02d9cf4d278bc77958a6ced85f35096095d82e12474deaa5170a43c1c880f40d4c3d32efa22bcf0c9ed88057","2024-06-29T01:42:00.000","3","PARKED",,"1765028",,"FORD","FUSION","IL","2007","OTHER","PASSENGER","PERSONAL","S","PARKED","Y",,"0",,"CITY OF CHICAGO","10301 S DOTY AVE",,,,,,"Y","Y","Y",,,,,,,"REAR",,,,,,,,,,,,,,,,,,,,,,,,,,,,,,,,,
"1852801","c66f79269fedfe7fdbd42a0bc25480ed8d623016a51f3841722d9c8ebe142041f6078ff00b598ee95c206841f9deed435c3c3273dd3969d1cf3732712564dca7","2024-06-29T01:39:00.000","1","DRIVER",,"1765011",,"NISSAN","ALTIMA","IL","2020","NONE","PASSENGER","PERSONAL","S","CHANGING LANES","Y",,"1",,"PRIVATE","PRIVATE",,"Y","Y","Y","Y",,,,"Y","Y","Y","Y","Y",,"SIDE-RIGHT",,,,,,,,,,,,,,,,,,,,,,,,,,,,,,,,,
"1852802","c66f79269fedfe7fdbd42a0bc25480ed8d623016a51f3841722d9c8ebe142041f6078ff00b598ee95c206841f9deed435c3c3273dd3969d1cf3732712564dca7","2024-06-29T01:39:00.000","2","DRIVER",,"1765012",,"VOLKSWAGEN","GTI","IL","2006","NONE","PASSENGER","PERSONAL","S","STRAIGHT AHEAD","Y",,"1",,"CITY OF CHICAGO","10301 S DOTY AVE",,,"Y","Y",,,"Y","Y",,"Y","Y",,,,"SIDE-LEFT",,,,,,,,,,,,,,,,,,,,,,,,,,,,,,,,,
"1852803","c66f79269fedfe7fdbd42a0bc25480ed8d623016a51f3841722d9c8ebe142041f6078ff00b598ee95c206841f9deed435c3c3273dd3969d1cf3732712564dca7","2024-06-29T01:39:00.000","3","PARKED",,"1765014",,"FORD","FUSION","IL","2007","NONE","PASSENGER","PERSONAL","S","PARKED","Y",,"0",,"CITY OF CHICAGO","10301 S DOTY AVE",,,,,,"Y","Y","Y",,,,,,,"REAR",,,,,,,,,,,,,,,,,,,,,,,,,,,,,,,,,
"1852792","ff8a8d1f5e227669d7b2de8c1e7a07a92ac510ba12a9fdff1b069ef73c76a99f32249802b98fb0cef2d1a8dbcc12375fbac9e4f42bdd10b33475a8c8a4706016","2024-06-29T01:30:00.000","1","DRIVER",,"1765009",,"UNKNOWN","OTHER (EXPLAIN IN NARRATIVE)","IL",,"UNKNOWN","UNKNOWN/NA","UNKNOWN/NA","W","STRAIGHT AHEAD",,,"1",,,,,"N","N",,,,,,,,,,,"Y","FRONT-RIGHT-CORNER",,,,,,,,,,,,,,,,,,,,,,,,,,,,,,,,,
"1852793","ff8a8d1f5e227669d7b2de8c1e7a07a92ac510ba12a9fdff1b069ef73c76a99f32249802b98fb0cef2d1a8dbcc12375fbac9e4f42bdd10b33475a8c8a4706016","2024-06-29T01:30:00.000","2","PARKED",,"1765002",,"BMW","740I","IL","2017","NONE","PASSENGER","PERSONAL","W","PARKED",,,"0",,,,,,,,,,,,,"Y","Y","Y",,,"FRONT-LEFT-CORNER",,,,,,,,,,,,,,,,,,,,,,,,,,,,,,,,,
"1852820","aedd6c6449380f8c5a4eca6f74d39f7e9f84a5e2886bf29e53844429d2f075393f5c028a37043ebb42abed4fee6aa9de8790ecab45e66b942b4c89a5584dc6a3","2024-06-29T01:12:00.000","1","DRIVER",,"1765025",,"MAZDA","CX-5","IL","2013","UNKNOWN","PASSENGER","PERSONAL","E","STRAIGHT AHEAD","Y",,"1",,"STREETS AND SANS","710 N SACRAMENTO",,"Y","Y","Y","Y","Y","Y","Y","Y","Y","Y","Y","Y",,"SIDE-RIGHT-FRONT",,,,,,,,,,,,,,,,,,,,,,,,,,,,,,,,,
"1852821","aedd6c6449380f8c5a4eca6f74d39f7e9f84a5e2886bf29e53844429d2f075393f5c028a37043ebb42abed4fee6aa9de8790ecab45e66b942b4c89a5584dc6a3","2024-06-29T01:12:00.000","2","DRIVER",,"1765031",,"LINCOLN","MKZ","IL","2014","NONE","PASSENGER","PERSONAL","N","STRAIGHT AHEAD","Y",,"1",,"STREETS AND SANS","710 N SACRAMENTO",,"Y",,,,,,,,,"Y","Y","Y",,"FRONT",,,,,,,,,,,,,,,,,,,,,,,,,,,,,,,,,
"1852822","aedd6c6449380f8c5a4eca6f74d39f7e9f84a5e2886bf29e53844429d2f075393f5c028a37043ebb42abed4fee6aa9de8790ecab45e66b942b4c89a5584dc6a3","2024-06-29T01:12:00.000","3","PARKED",,"1765048",,"TOYOTA","RAV4","IL","2014","NONE","PASSENGER","UNKNOWN/NA","UNKNOWN","PARKED",,,"0",,,,,,,,,,,,,,"Y","Y","Y",,"FRONT-LEFT-CORNER",,,,,,,,,,,,,,,,,,,,,,,,,,,,,,,,,
"1852823","aedd6c6449380f8c5a4eca6f74d39f7e9f84a5e2886bf29e53844429d2f075393f5c028a37043ebb42abed4fee6aa9de8790ecab45e66b942b4c89a5584dc6a3","2024-06-29T01:12:00.000","4","PARKED",,"1765043",,"NISSAN","ROGUE","KY","2023","NONE","PASSENGER","PERSONAL","UNKNOWN","PARKED",,,"0",,,,,,,,,,,,,,"Y","Y","Y",,"FRONT-LEFT-CORNER",,,,,,,,,,,,,,,,,,,,,,,,,,,,,,,,,
"1852824","aedd6c6449380f8c5a4eca6f74d39f7e9f84a5e2886bf29e53844429d2f075393f5c028a37043ebb42abed4fee6aa9de8790ecab45e66b942b4c89a5584dc6a3","2024-06-29T01:12:00.000","5","PARKED",,"1765039",,"HONDA","ACCORD","IL","2015","NONE","PASSENGER","PERSONAL","UNKNOWN","PARKED",,,"0",,,,,,,,,"Y","Y","Y",,,,"Y","Y",,"FRONT-LEFT-CORNER",,,,,,,,,,,,,,,,,,,,,,,,,,,,,,,,,
"1852841","aedd6c6449380f8c5a4eca6f74d39f7e9f84a5e2886bf29e53844429d2f075393f5c028a37043ebb42abed4fee6aa9de8790ecab45e66b942b4c89a5584dc6a3","2024-06-29T01:12:00.000","6","PARKED",,"1765036",,"FORD","ECONOLINE E350","IL","2007","UNKNOWN","VAN/MINI-VAN","UNKNOWN/NA","UNKNOWN","PARKED",,,"0",,,,,"Y",,,,,,,,,,"Y","Y",,"FRONT",,,,,,,,,,,,,,,,,,,,,,,,,,,,,,,,,
"1852787","414028a3c3ccf0df5bf74535b1936c7e36ad78309adbc6fef083eef351f223f23e534eaf56350e0d9957682591e629cbf0e7bbc5cbeeaa5bf9d5b4b8418001c2","2024-06-29T01:00:00.000","1","DRIVER","3","1764999",,"BMW","M-5","IL","2021","OTHER","PASSENGER","PERSONAL","N","STRAIGHT AHEAD","Y",,"4",,"PERSONAL TOW",,,,,,"Y","Y","Y","Y",,,,,,,"REAR-RIGHT-CORNER",,,,,,,,,,,,,,,,,,,,,,,,,,,,,,,,,
"1853242","975c698943c3eb38a783258d11671115c2b0c2731523c3eb989c3b976ea0523171add359d3f29347f748643c50e3456db43b1694988935dcce4c923d0f731327","2024-06-29T00:57:00.000","1","DRIVER",,"1765425",,"UNKNOWN","ENCLOSED BODY",,,"UNKNOWN","PASSENGER","UNKNOWN/NA","N","STRAIGHT AHEAD",,,"1",,,,,,,,,,,,,,,,,"Y","SIDE-RIGHT-FRONT",,,,,,,,,,,,,,,,,,,,,,,,,,,,,,,,,
"1853243","975c698943c3eb38a783258d11671115c2b0c2731523c3eb989c3b976ea0523171add359d3f29347f748643c50e3456db43b1694988935dcce4c923d0f731327","2024-06-29T00:57:00.000","2","PARKED",,"1765429",,"BMW","X3","IL","2023","NONE","PASSENGER","NOT IN USE","N","PARKED",,,"0",,,,,,,,,,,"Y","Y","Y",,,,,"SIDE-LEFT-REAR",,,,,,,,,,,,,,,,,,,,,,,,,,,,,,,,,
"1852776","bc72cef63a9f9e1e93ea97e7f22a1ea758ca8f7887a369c2170f406c6ab395e5ce10a513f3ab6680fbb82df4605529bba802a59ede2cecfafb0776ec4e5d7869","2024-06-29T00:48:00.000","1","DRIVER",,"1764983",,"HYUNDAI","TUCSON","IL","2020","UNKNOWN","PASSENGER","PERSONAL","W","U-TURN",,,"1",,,,,,,,,,,,,,,"Y","Y",,"FRONT-LEFT-CORNER",,,,,,,,,,,,,,,,,,,,,,,,,,,,,,,,,
"1852777","bc72cef63a9f9e1e93ea97e7f22a1ea758ca8f7887a369c2170f406c6ab395e5ce10a513f3ab6680fbb82df4605529bba802a59ede2cecfafb0776ec4e5d7869","2024-06-29T00:48:00.000","2","DRIVER",,"1764986",,"VOLKSWAGEN","ATLAS","IL","2020","UNKNOWN","PASSENGER","PERSONAL","E","STRAIGHT AHEAD",,,"1",,,,,,,,,,,,,,,"Y","Y",,"FRONT-LEFT-CORNER",,,,,,,,,,,,,,,,,,,,,,,,,,,,,,,,,
"1852870","453e4ad73b1edf4c57a09abda1b17cdbd1cb9fdf9443db7575b9081c5f4da61f1d2cb1852181fa2d249ad3a0f61b1acce1e2df0ed0e27f5fd00252b341f4f867","2024-06-29T00:44:00.000","1","DRIVER",,"1765074",,"NISSAN","ROGUE","FL",,"UNKNOWN","PASSENGER","UNKNOWN/NA","S","STRAIGHT AHEAD",,,"1",,,,,,,,,,,,,,,,,"Y","UNKNOWN",,,,,,,,,,,,,,,,,,,,,,,,,,,,,,,,,
"1852871","453e4ad73b1edf4c57a09abda1b17cdbd1cb9fdf9443db7575b9081c5f4da61f1d2cb1852181fa2d249ad3a0f61b1acce1e2df0ed0e27f5fd00252b341f4f867","2024-06-29T00:44:00.000","2","DRIVER",,"1765076",,"DODGE","DURANGO","IL","2003","NONE","PASSENGER","PERSONAL","S","STRAIGHT AHEAD",,,"1",,,,,,,,,,,,,"Y","Y","Y",,,"SIDE-LEFT",,,,,,,,,,,,,,,,,,,,,,,,,,,,,,,,,
"1852786","9a8adfe410ea8d012d7a3b2f28dbea362fabce0158654b09b4dd49dfc49f7846d86f02c03fc84cf837e1e6d41948ae6c17ede183d486b390d1c13a9cb78940e8","2024-06-29T00:30:00.000","1","DRIVER",,"1764995",,"FORD","MUSTANG","IL","2016","UNKNOWN","PASSENGER","UNKNOWN/NA","E","UNKNOWN/NA","Y",,"1",,"CITY OF CHICAGO","IMPOUND 6",,"Y",,,,,,,,,"Y","Y","Y",,"UNKNOWN",,,,,,,,,,,,,,,,,,,,,,,,,,,,,,,,,
"1852942","cdd63746ed4fbdc702fdfb46dc0077b8a02df9f3c820fa9ffb3a8cea41113521bf7098142d2c35c7c22c1dc822db6196530b22a5bd5c617229eedca27bcee3c6","2024-06-29T00:30:00.000","1","DRIVER",,"1765143",,"TOYOTA","SIENNA","IL","2017","UNKNOWN","PASSENGER","PERSONAL","N","ENTERING TRAFFIC LANE FROM PARKING",,,"1",,,,,,,,"Y","Y",,,,,,,,,"REAR-LEFT-CORNER",,,,,,,,,,,,,,,,,,,,,,,,,,,,,,,,,
"1852943","cdd63746ed4fbdc702fdfb46dc0077b8a02df9f3c820fa9ffb3a8cea41113521bf7098142d2c35c7c22c1dc822db6196530b22a5bd5c617229eedca27bcee3c6","2024-06-29T00:30:00.000","2","PARKED",,"1765148",,"HYUNDAI","ELANTRA","IL","2019","UNKNOWN","PASSENGER","PERSONAL","N","PARKED",,,"0",,,,,,,,,,,"Y","Y",,,,,,"SIDE-LEFT-REAR",,,,,,,,,,,,,,,,,,,,,,,,,,,,,,,,,