"crash_unit_id","crash_record_id","crash_date","unit_no","unit_type","num_passengers","vehicle_id","cmrc_veh_i","make","model","lic_plate_state","vehicle_year","vehicle_defect","vehicle_type","vehicle_use","travel_direction","maneuver","towed_i","fire_i","occupant_cnt","exceed_speed_limit_i","towed_by","towed_to","area_00_i","area_01_i","area_02_i","area_03_i","area_04_i","area_05_i","area_06_i","area_07_i","area_08_i","area_09_i","area_10_i","area_11_i","area_12_i","area_99_i","first_contact_point","cmv_id","usdot_no","ccmc_no","ilcc_no","commercial_src","gvwr","carrier_name","carrier_state","carrier_city","hazmat_placards_i","hazmat_name","un_no","hazmat_present_i","hazmat_report_i","hazmat_report_no","mcs_report_i","mcs_report_no","hazmat_vio_cause_crash_i","mcs_vio_cause_crash_i","idot_permit_no","wide_load_i","trailer1_width","trailer2_width","trailer1_length","trailer2_length","total_vehicle_length","axle_cnt","vehicle_config","cargo_body_type","load_type","hazmat_out_of_service_i","mcs_out_of_service_i","hazmat_class"
"1852763","38e11fd51956e6e1a72b8221ae14f63748e4d937f2da22d52390846d5e65322423eea2247a4206b1cd65fae29ff7010c069b5f10f26b73bb7eb57718792ef9f1","2024-06-29T00:24:00.000","1","DRIVER",,"1764976",,"HONDA","ACCORD","IL","2006","STEERING","PASSENGER","PERSONAL","S","STRAIGHT AHEAD","Y",,"1",,"statefarm","statefarm personal tow",,"Y","Y",,,,,,,,,,,"N","FRONT-RIGHT-CORNER",,,,,,,,,,,,,,,,,,,,,,,,,,,,,,,,,
"1852764","38e11fd51956e6e1a72b8221ae14f63748e4d937f2da22d52390846d5e65322423eea2247a4206b1cd65fae29ff7010c069b5f10f26b73bb7eb57718792ef9f1","2024-06-29T00:24:00.000","2","PARKED",,"1764977",,"CHEVROLET","MALIBU","IL","2018","NONE","PASSENGER","PERSONAL","S","PARKED",,,"0",,,,"Y",,,,,,,"Y","Y",,,,,,"SIDE-LEFT-REAR",,,,,,,,,,,,,,,,,,,,,,,,,,,,,,,,,
"1852944","74979673dc4b7b7c47ed9ff218ff6e972f3db37c5b92d24fd8881acffb3d8566e117db7c953e0596e152fc4986d38da72d4db18c1258ab012bb391e205671ba8","2024-06-29T00:20:00.000","1","DRIVER",,"1765147",,"FORD","F250","IA","2022","UNKNOWN","UNKNOWN/NA","UNKNOWN/NA","E","UNKNOWN/NA",,,"1",,,,,,,,,,,,,,,,,,"SIDE-LEFT-FRONT",,,,,,,,,,,,,,,,,,,,,,,,,,,,,,,,,
"1852945","74979673dc4b7b7c47ed9ff218ff6e972f3db37c5b92d24fd8881acffb3d8566e117db7c953e0596e152fc4986d38da72d4db18c1258ab012bb391e205671ba8","2024-06-29T00:20:00.000","2","DRIVER",,"1765152",,"LEXUS","OTHER (EXPLAIN IN NARRATIVE)","IL","2006","UNKNOWN","PASSENGER","UNKNOWN/NA","E","STRAIGHT AHEAD",,,"1",,,,,"Y","Y","Y",,,,,,,,,,,"SIDE-RIGHT-FRONT",,,,,,,,,,,,,,,,,,,,,,,,,,,,,,,,,
"1852780","813b3277f3a7d82aac753e5a75fe1cda50aab3131c0f5cb1019c0bf319795444c4b0af2de05c0e02e6473f39a1fac3116c26b81fb5ea3fa4e5980719a64ad4fd","2024-06-29T00:17:00.000","1","DRIVER",,"1764982",,"DODGE","CHALLENGER","IL",,"UNKNOWN","PASSENGER","PERSONAL","W","BACKING",,,"1",,,,,,,,,"N","Y","Y",,,,,,,"REAR-LEFT-CORNER",,,,,,,,,,,,,,,,,,,,,,,,,,,,,,,,,
"1852781","813b3277f3a7d82aac753e5a75fe1cda50aab3131c0f5cb1019c0bf319795444c4b0af2de05c0e02e6473f39a1fac3116c26b81fb5ea3fa4e5980719a64ad4fd","2024-06-29T00:17:00.000","2","DRIVER","2","1764987",,"TOYOTA","COROLLA","IL","2015","NONE","PASSENGER","PERSONAL","E","STRAIGHT AHEAD",,,"3",,,,,,"Y","Y","Y",,,,,,,,,,"SIDE-RIGHT",,,,,,,,,,,,,,,,,,,,,,,,,,,,,,,,,
"1853302","69677c283cb0d8c60e2bb85be1b186574e0974d526cc8003f5ecf8fa8ef5665f9dd607b11e9c2f1b5ff65402883ca1dba4259e553be6e2b392625db6d2ba47a9","2024-06-29T00:00:00.000","1","DRIVER",,"1765479",,"UNKNOWN","OTHER (EXPLAIN IN NARRATIVE)",,,"UNKNOWN","UNKNOWN/NA","UNKNOWN/NA","UNKNOWN","UNKNOWN/NA",,,"1",,,,,,,,,,,,,,,,,"Y","UNKNOWN",,,,,,,,,,,,,,,,,,,,,,,,,,,,,,,,,
"1853303","69677c283cb0d8c60e2bb85be1b186574e0974d526cc8003f5ecf8fa8ef5665f9dd607b11e9c2f1b5ff65402883ca1dba4259e553be6e2b392625db6d2ba47a9","2024-06-29T00:00:00.000","2","PARKED",,"1765489",,"NISSAN","ROGUE","IL","2019","NONE","SPORT UTILITY VEHICLE (SUV)","PERSONAL","W","PARKED",,,"0",,,,,,,,,,,"Y","Y","Y","Y","Y",,,"SIDE-LEFT",,,,,,,,,,,,,,,,,,,,,,,,,,,,,,,,,
"1852976","e41113d1f288f67da8b0a57736001dd63d49959e23d6652268142384804bf690b7640f502d916c08273e19eff8aa40c8459185b2c53b8f2b6a0658acd7c36814","2024-06-29T00:00:00.000","1","DRIVER",,"1765194",,"UNKNOWN","OTHER (EXPLAIN IN NARRATIVE)","IL",,"UNKNOWN","UNKNOWN/NA","UNKNOWN/NA","UNKNOWN","UNKNOWN/NA",,,"1",,,,,,,,,,,,,,,,,"Y","UNKNOWN",,,,,,,,,,,,,,,,,,,,,,,,,,,,,,,,,
"1852977","e41113d1f288f67da8b0a57736001dd63d49959e23d6652268142384804bf690b7640f502d916c08273e19eff8aa40c8459185b2c53b8f2b6a0658acd7c36814","2024-06-29T00:00:00.000","2","PARKED",,"1765173",,"INFINITI","G37","IL","2008","UNKNOWN","PASSENGER","PERSONAL","UNKNOWN","PARKED",,,"0",,,,,,,,,,"Y",,,,,,"Y",,"FRONT",,,,,,,,,,,,,,,,,,,,,,,,,,,,,,,,,
"1852978","e41113d1f288f67da8b0a57736001dd63d49959e23d6652268142384804bf690b7640f502d916c08273e19eff8aa40c8459185b2c53b8f2b6a0658acd7c36814","2024-06-29T00:00:00.000","3","PARKED",,"1765175",,"JEEP","PATRIOT","IL","2016","UNKNOWN","PASSENGER","PERSONAL","UNKNOWN","PARKED",,,"0",,,,,,,,,,,,,,,,"Y",,"FRONT",,,,,,,,,,,,,,,,,,,,,,,,,,,,,,,,,
"1852761","ee2af41be6e0f4112634ddc832e9f964a476eb46f0f20bf0454df82ff7e60ce96e31a74e711201e1a04d2e69173ac0fe23ab7971d286bbaf83cd75f282f2729a","2024-06-29T00:00:00.000","1","DRIVER",,"1764972",,"VOLKSWAGEN","TIGUAN","IL","2013","UNKNOWN","SPORT UTILITY VEHICLE (SUV)","PERSONAL","E","STRAIGHT AHEAD","Y",,"1",,"CHICAGO POLICE","103 S DOTY ROAD",,"Y",,,,,,,,,,"Y","Y",,"FRONT",,,,,,,,,,,,,,,,,,,,,,,,,,,,,,,,,
"1852762","ee2af41be6e0f4112634ddc832e9f964a476eb46f0f20bf0454df82ff7e60ce96e31a74e711201e1a04d2e69173ac0fe23ab7971d286bbaf83cd75f282f2729a","2024-06-29T00:00:00.000","2","DRIVER",,"1764978",,"MITSUBISHI","ECLIPSE","IL","2003","NONE","PASSENGER","PERSONAL","E","STRAIGHT AHEAD",,,"1",,,,,,,,,"Y","Y","Y",,,,,,,"REAR",,,,,,,,,,,,,,,,,,,,,,,,,,,,,,,,,
"1852783","d4e3695368a43d5833a4cd237f74f5e3e448c0dc5d3200ad2e81f47531a37a90e5686af6599cd8468e6e9b3f4d0eacc6ef48a41087f0847e895a9a200fb28a9c","2024-06-28T23:55:00.000","1","DRIVER",,"1764993",,"UNKNOWN","MOTORIZED",,,"UNKNOWN","PASSENGER","UNKNOWN/NA","N","STRAIGHT AHEAD",,,"1",,,,,"Y",,,,,,,,,,"Y","Y",,"FRONT",,,,,,,,,,,,,,,,,,,,,,,,,,,,,,,,,
"1852784","d4e3695368a43d5833a4cd237f74f5e3e448c0dc5d3200ad2e81f47531a37a90e5686af6599cd8468e6e9b3f4d0eacc6ef48a41087f0847e895a9a200fb28a9c","2024-06-28T23:55:00.000","2","PEDESTRIAN",,,,,,,,,,,,,,,,,,,,,,,,,,,,,,,,,,,,,,,,,,,,,,,,,,,,,,,,,,,,,,,,,,
"1852774","c0b87057c14ce82b84de07bc07ff18b1981c112b7782dc51580cf2eb8bfe47ca28783f6daf82570930ca5384bd97d7caa052c7d9102b9d41474575314321c76c","2024-06-28T23:52:00.000","1","DRIVER",,"1764984",,"CHEVROLET","IMPALA","IL","2009","NONE","PASSENGER","PERSONAL","S","TURNING LEFT",,,"1",,,,,"Y",,,,,,,,,"Y","Y","Y",,"FRONT",,,,,,,,,,,,,,,,,,,,,,,,,,,,,,,,,
"1852775","c0b87057c14ce82b84de07bc07ff18b1981c112b7782dc51580cf2eb8bfe47ca28783f6daf82570930ca5384bd97d7caa052c7d9102b9d41474575314321c76c","2024-06-28T23:52:00.000","2","DRIVER",,"1764991",,"NISSAN","MURANO","IL","2016","NONE","PASSENGER","PERSONAL","N","STRAIGHT AHEAD","Y",,"1",,"private",,,"Y","Y",,,,,,,,"Y","Y","Y",,"UNKNOWN",,,,,,,,,,,,,,,,,,,,,,,,,,,,,,,,,
"1852767","17daef6cc4ab593798d014c2a65fad595fd6ffe8ae3ff54d1d964f03038da4221ba3b320d8f929086c10f65f618cf999a95de6cb8ebf079f99740b354ac76d49","2024-06-28T23:36:00.000","1","DRIVER","1","1764989",,"CHEVROLET","COLORADO","IL","2004","UNKNOWN","PICKUP","PERSONAL","N","STRAIGHT AHEAD","Y",,"2",,"CHICAGO POLICE",,,"Y",,,,,,,,,,"Y","Y",,"FRONT",,,,,,,,,,,,,,,,,,,,,,,,,,,,,,,,,
"1852768","17daef6cc4ab593798d014c2a65fad595fd6ffe8ae3ff54d1d964f03038da4221ba3b320d8f929086c10f65f618cf999a95de6cb8ebf079f99740b354ac76d49","2024-06-28T23:36:00.000","2","DRIVER",,"1764996",,"NEW FLYER","OTHER (EXPLAIN IN NARRATIVE)","IL","2008","NONE","BUS OVER 15 PASS.","CTA","N","SLOW/STOP IN TRAFFIC",,,"1",,,,,,,,,,,"Y",,,,,,,"SIDE-LEFT-REAR",,,,,,,,,,,,,,,,,,,,,,,,,,,,,,,,,
"1853088","3b45cab3f2a3e8bd549d73e6b7cc46a93860aa7ff9707a0b21caf80bddb8f3cae284bc09ac5c6e8fc523bdf4a4ed33d9d978941649f0dac7cc218dc4af8c1956","2024-06-28T23:30:00.000","1","DRIVER","3","1765275",,"NISSAN","ROGUE","IL","2013","UNKNOWN","PASSENGER","UNKNOWN/NA","S","UNKNOWN/NA",,,"4",,,,,,,,,,,"Y","Y","Y","Y","Y",,,"SIDE-LEFT",,,,,,,,,,,,,,,,,,,,,,,,,,,,,,,,,
"1853089","3b45cab3f2a3e8bd549d73e6b7cc46a93860aa7ff9707a0b21caf80bddb8f3cae284bc09ac5c6e8fc523bdf4a4ed33d9d978941649f0dac7cc218dc4af8c1956","2024-06-28T23:30:00.000","2","DRIVER","1","1765280",,"MAZDA","MX-5","IL","1991","NONE","PASSENGER","PERSONAL","S","STRAIGHT AHEAD",,,"2",,,,,"Y","Y","Y","Y","Y",,,,,,,,,"SIDE-RIGHT",,,,,,,,,,,,,,,,,,,,,,,,,,,,,,,,,
"1853278","95c41767294213ca3acbe4c4a273a7655e4c9ec03d643e630071feb502bbd30bfecf42ce617d092902cfab315176454ea3f75f8ebe38c7f6cdf270037be0ab12","2024-06-28T23:30:00.000","1","DRIVER",,"1765463",,"UNKNOWN","OTHER (EXPLAIN IN NARRATIVE)",,,"UNKNOWN","UNKNOWN/NA","UNKNOWN/NA","N","STRAIGHT AHEAD",,,"1",,,,,,,,,,,,,,,,,"Y","UNKNOWN",,,,,,,,,,,,,,,,,,,,,,,,,,,,,,,,,
"1853279","95c41767294213ca3acbe4c4a273a7655e4c9ec03d643e630071feb502bbd30bfecf42ce617d092902cfab315176454ea3f75f8ebe38c7f6cdf270037be0ab12","2024-06-28T23:30:00.000","2","PARKED",,"1765461",,"BUICK","ENCLAVE","IL","2009","UNKNOWN","PASSENGER","PERSONAL","N","PARKED",,,"0",,,,,,,,,,,,"Y","Y",,,,,"UNKNOWN",,,,,,,,,,,,,,,,,,,,,,,,,,,,,,,,,
"1852765","b92f5a78fd7132f96168b0949e788f96cb0f238638ad347f9f0730bd1076f4d373e76b6006e80676ea28875ccc8a4c4123895002ac29ac8ec5bc15441baf03fd","2024-06-28T23:27:00.000","1","DRIVER","2","1764975",,"CHEVROLET","HHR","IL","2009","NONE","PASSENGER","PERSONAL","W","STRAIGHT AHEAD",,,"3",,,,,"Y",,,,,,,,,,"Y","Y",,"FRONT",,,,,,,,,,,,,,,,,,,,,,,,,,,,,,,,,
"1852766","b92f5a78fd7132f96168b0949e788f96cb0f238638ad347f9f0730bd1076f4d373e76b6006e80676ea28875ccc8a4c4123895002ac29ac8ec5bc15441baf03fd","2024-06-28T23:27:00.000","2","DRIVER",,"1764979",,"HONDA","ACCORD","IL","2022","UNKNOWN","PASSENGER","PERSONAL","W","PASSING/OVERTAKING",,,"1",,,,,,,,,"Y","Y","Y",,,,,,,"REAR",,,,,,,,,,,,,,,,,,,,,,,,,,,,,,,,,
"1852751","904e6aa1d99d0dd4104a27de38c8c5f68f21e6c96cfe867347b8bda4c348d651b6e0ca944abc9ad93642544be70ed0630491d6c88cd884a215cc8433449670a0","2024-06-28T23:23:00.000","1","DRIVER",,"1764955",,"UNKNOWN","OTHER (EXPLAIN IN NARRATIVE)",,,"UNKNOWN","TRUCK - SINGLE UNIT","UNKNOWN/NA","E","STRAIGHT AHEAD",,,"1",,,,,,,,,,,,,,,,,"Y","FRONT",,,,,,,,,,,,,,,,,,,,,,,,,,,,,,,,,
"1852752","904e6aa1d99d0dd4104a27de38c8c5f68f21e6c96cfe867347b8bda4c348d651b6e0ca944abc9ad93642544be70ed0630491d6c88cd884a215cc8433449670a0","2024-06-28T23:23:00.000","2","DRIVER",,"1764964",,"TOYOTA","4RUNNER","IL","2014","UNKNOWN","SPORT UTILITY VEHICLE (SUV)","PERSONAL","E","STRAIGHT AHEAD",,,"1",,,,,,,,,"Y","Y","Y",,,,,,,"REAR",,,,,,,,,,,,,,,,,,,,,,,,,,,,,,,,,
"1852757","3b792399792968c2d10ad5c5ca18cd6ddd94f00285184c6008fed8e7f6c8731d97635c6dde52210ffeb4b384359cbac551de57d6d136e570bfd1b9ce490c6b7d","2024-06-28T23:20:00.000","1","DRIVER",,"1764965",,"TOYOTA","RAV4","IL","2018","UNKNOWN","PASSENGER","PERSONAL","N","STRAIGHT AHEAD",,,"1",,,,,"Y",,,,,,,,,,"Y","Y",,"FRONT",,,,,,,,,,,,,,,,,,,,,,,,,,,,,,,,,
"1852758","3b792399792968c2d10ad5c5ca18cd6ddd94f00285184c6008fed8e7f6c8731d97635c6dde52210ffeb4b384359cbac551de57d6d136e570bfd1b9ce490c6b7d","2024-06-28T23:20:00.000","2","DRIVER",,"1764968",,"HONDA","CIVIC","IL","2006","UNKNOWN","PASSENGER","PERSONAL","E","STRAIGHT AHEAD","Y",,"1",,"PRIVATE COMPANY",,,"Y","Y","Y",,,,,,,,,,,"SIDE-RIGHT",,,,,,,,,,,,,,,,,,,,,,,,,,,,,,,,,
"1852738","a2699ebb666f411a9bdf77bacbb66807226bd017b8d04597d351773dc8604fff36a134b0e342c3472a1bc7457ff4cbc24a446167d6b2668597e766204d69d615","2024-06-28T23:19:00.000","1","DRIVER",,"1764942",,"UNKNOWN","MOTORIZED",,,"UNKNOWN","UNKNOWN/NA","UNKNOWN/NA","W","U-TURN",,,"1",,,,,"Y","Y",,,,,,,,,,,,"FRONT-RIGHT-CORNER",,,,,,,,,,,,,,,,,,,,,,,,,,,,,,,,,
"1852739","a2699ebb666f411a9bdf77bacbb66807226bd017b8d04597d351773dc8604fff36a134b0e342c3472a1bc7457ff4cbc24a446167d6b2668597e766204d69d615","2024-06-28T23:19:00.000","2","PARKED",,"1764945",,"NISSAN","VERSA","IL","2010","UNKNOWN","PASSENGER","PERSONAL","W","PARKED IN TRAFFIC LANE",,,"0",,,,,,,,,,,,,,"Y","Y",,,"FRONT-LEFT-CORNER",,,,,,,,,,,,,,,,,,,,,,,,,,,,,,,,,
"1852742","155d7aa875f36372f1c795d0ab709f528b5732269eafbc5c21a25e35a1de4c2d5387d6c06bb3e7645a629c44236a05564e5078e6c17ff2b54574576326c594e6","2024-06-28T23:15:00.000","1","DRIVER",,"1764950",,"HONDA","CIVIC","IL","2021","NONE","PASSENGER","PERSONAL","SW","TURNING LEFT","Y",,"1",,"private",,,,,,,,,,,,,,,,"REAR-RIGHT-CORNER",,,,,,,,,,,,,,,,,,,,,,,,,,,,,,,,,
"1852743","155d7aa875f36372f1c795d0ab709f528b5732269eafbc5c21a25e35a1de4c2d5387d6c06bb3e7645a629c44236a05564e5078e6c17ff2b54574576326c594e6","2024-06-28T23:15:00.000","2","DRIVER",,"1764961",,"NISSAN","JUKE","IL","2012","NONE","SPORT UTILITY VEHICLE (SUV)","PERSONAL","E","STRAIGHT AHEAD",,,"1",,,,,,,,,,,,,,,,,,"FRONT-RIGHT-CORNER",,,,,,,,,,,,,,,,,,,,,,,,,,,,,,,,,
"1852934","4f13f73ad10157486bcb82f0925e21b77963e61473ca6b677c759215145087ef1e326e96dd0b8766215b6b2d2b7119402850713c798e8ac912ca2decea5985d1","2024-06-28T23:15:00.000","1","DRIVER",,"1765136",,"HONDA","OTHER (EXPLAIN IN NARRATIVE)","IL","2007","UNKNOWN","PASSENGER","UNKNOWN/NA","W","STRAIGHT AHEAD",,,"1",,,,,,,,,,,,,,"Y","Y",,,"SIDE-LEFT-FRONT",,,,,,,,,,,,,,,,,,,,,,,,,,,,,,,,,
"1852935","4f13f73ad10157486bcb82f0925e21b77963e61473ca6b677c759215145087ef1e326e96dd0b8766215b6b2d2b7119402850713c798e8ac912ca2decea5985d1","2024-06-28T23:15:00.000","2","DRIVER","3","1765137",,"HONDA","CR-V","IL","2021","UNKNOWN","PASSENGER","UNKNOWN/NA","W","STRAIGHT AHEAD",,,"4",,,,,"Y","Y","Y",,,,,,,,,,,"SIDE-RIGHT",,,,,,,,,,,,,,,,,,,,,,,,,,,,,,,,,
"1852778","f80b62f1f414f10b50666f2cfccfa0c0ad57966982c31477df56fa6252fda42684f33a29fb7d43343f73c7bb7f02e9d0daafe2c82425b853dfd11d252208df46","2024-06-28T23:15:00.000","1","DRIVER",,"1764994",,"GENERAL MOTORS CORPORATION (GMC)","TERRAIN","IL","2014","UNKNOWN","PASSENGER","UNKNOWN/NA","N","UNKNOWN/NA",,,"1",,,,,,,,,,,,,,,,"Y",,"FRONT",,,,,,,,,,,,,,,,,,,,,,,,,,,,,,,,,
"1852779","f80b62f1f414f10b50666f2cfccfa0c0ad57966982c31477df56fa6252fda42684f33a29fb7d43343f73c7bb7f02e9d0daafe2c82425b853dfd11d252208df46","2024-06-28T23:15:00.000","2","DRIVER",,"1764997",,"KIA","SPORTAGE","IL","2024","NONE","PASSENGER","PERSONAL","W","STRAIGHT AHEAD",,,"1",,,,,,,,,,,,,"Y","Y",,,,"SIDE-RIGHT",,,,,,,,,,,,,,,,,,,,,,,,,,,,,,,,,
"1852753","88a042ab4e3b9c9c7468333ef50a6cc5e8c27f707b854e12d59a18d380817dc3f27e0e1e9198bd5097ed12bfa3afdda502259314fc30e443d7a99da68437fd2d","2024-06-28T23:10:00.000","1","DRIVER",,"1764969",,"TESLA","MODEL 3","IL","2021","NONE","PASSENGER","UNKNOWN/NA","N","PASSING/OVERTAKING",,,"1",,,,,"Y","Y",,,,,,,,,,,,"FRONT-RIGHT-CORNER",,,,,,,,,,,,,,,,,,,,,,,,,,,,,,,,,
"1852754","88a042ab4e3b9c9c7468333ef50a6cc5e8c27f707b854e12d59a18d380817dc3f27e0e1e9198bd5097ed12bfa3afdda502259314fc30e443d7a99da68437fd2d","2024-06-28T23:10:00.000","2","DRIVER",,"1764959",,"MERCEDES-BENZ","C300","IL","2013","NONE","PASSENGER","PERSONAL","N","STRAIGHT AHEAD",,,"1",,,,,,,,,,,,,"Y","Y","Y",,,"FRONT-LEFT-CORNER",,,,,,,,,,,,,,,,,,,,,,,,,,,,,,,,,
"1852749","98bb622b3591693e3ddeac5c5b6eef1993377634a2b56aa63547da726dc41325932c2890b83e3b727c246495fb579540156b23480b50733c9531221e395e0b66","2024-06-28T23:00:00.000","1","DRIVER",,"1764954",,"NISSAN","OTHER (EXPLAIN IN NARRATIVE)","IL",,"UNKNOWN","PASSENGER","UNKNOWN/NA","W","TURNING LEFT",,,"1",,,,,,,,,,,,,,,,,"Y","UNKNOWN",,,,,,,,,,,,,,,,,,,,,,,,,,,,,,,,,
"1852750","98bb622b3591693e3ddeac5c5b6eef1993377634a2b56aa63547da726dc41325932c2890b83e3b727c246495fb579540156b23480b50733c9531221e395e0b66","2024-06-28T23:00:00.000","2","DRIVER","1","1764962",,"TOYOTA","COROLLA","IL","2020","UNKNOWN","PASSENGER","PERSONAL","W","TURNING LEFT",,,"2",,,,,"Y","Y","Y","Y","Y",,,,,,,,,"SIDE-RIGHT",,,,,,,,,,,,,,,,,,,,,,,,,,,,,,,,,
"1852744","d8559f1d651a173a0431e650cd878e8578d22ee9c1bbade408c9814c6e62e5d6c3001ecb4b656568fb7ca5bfff327b136eae83f6627732522d515056f13cf44b","2024-06-28T23:00:00.000","1","DRIVER",,"1764952",,"HONDA","ACCORD","IL","2016","NONE","PASSENGER","PERSONAL","W","STRAIGHT AHEAD",,,"1",,,,,,,,,,,,,,,,,"Y","SIDE-LEFT",,,,,,,,,,,,,,,,,,,,,,,,,,,,,,,,,
"1852745","d8559f1d651a173a0431e650cd878e8578d22ee9c1bbade408c9814c6e62e5d6c3001ecb4b656568fb7ca5bfff327b136eae83f6627732522d515056f13cf44b","2024-06-28T23:00:00.000","2","DRIVER",,"1764949",,"TOYOTA","CAMRY","IL","2010","NONE","PASSENGER","PERSONAL","W","STRAIGHT AHEAD",,,"1",,,,,,,"Y","Y",,,,,,,,,,"SIDE-RIGHT",,,,,,,,,,,,,,,,,,,,,,,,,,,,,,,,,
"1852864","e0d5c9d32bf3eef6a7caa1926554ad9da11abd86bb3f33b5518d4b14ab3bc1881f6e189fc5f862d8fad426bdda9136768051ac6815ff607dc7d9fe4874b7decc","2024-06-28T22:50:00.000","1","DRIVER",,"1765068",,"UNKNOWN","OTHER (EXPLAIN IN NARRATIVE)","XX",,"UNKNOWN","UNKNOWN/NA","UNKNOWN/NA","E","BACKING",,,"1",,,,,,,,,,"N","N",,,,,,"Y","SIDE-LEFT-REAR",,,,,,,,,,,,,,,,,,,,,,,,,,,,,,,,,
"1852865","e0d5c9d32bf3eef6a7caa1926554ad9da11abd86bb3f33b5518d4b14ab3bc1881f6e189fc5f862d8fad426bdda9136768051ac6815ff607dc7d9fe4874b7decc","2024-06-28T22:50:00.000","2","DRIVER",,"1765073",,"VOLVO","OTHER (EXPLAIN IN NARRATIVE)","IN","2023","NONE","OTHER","OTHER","W","TURNING LEFT",,,"1",,,,"Y",,,,,,,,,,,,,,"SIDE-LEFT",,,,,,,,,,,,,,,,,,,,,,,,,,,,,,,,,
"1852725","18668245c2771d8549bc74175a35725aa6bfd774289b03eaf178b39810dbb2b4214f7d6b6df6b5a9c6dfc4c078c2368b9bb5dd08cc00d3e85b0672d23a8ddac7","2024-06-28T22:45:00.000","1","DRIVER",,"1764936",,"TOYOTA","PRIUS","IL",,"UNKNOWN","PASSENGER","PERSONAL","E","STRAIGHT AHEAD","Y",,"1",,"PRIVATE TOWING",,,"Y",,,,,,,,,,,"Y",,"FRONT-RIGHT-CORNER",,,,,,,,,,,,,,,,,,,,,,,,,,,,,,,,,
"1852726","18668245c2771d8549bc74175a35725aa6bfd774289b03eaf178b39810dbb2b4214f7d6b6df6b5a9c6dfc4c078c2368b9bb5dd08cc00d3e85b0672d23a8ddac7","2024-06-28T22:45:00.000","2","PARKED",,"1764938",,"TOYOTA","CAMRY","IL",,"UNKNOWN","PASSENGER","PERSONAL","E","PARKED",,,"0",,,,,,,,,,"Y","Y",,,,,,,"REAR-LEFT-CORNER",,,,,,,,,,,,,,,,,,,,,,,,,,,,,,,,,
"1852697","003f283985a9acc1025c01d8266b7bd3284fba397cfb3e691d98abfd0ce931a46d06937af54f5c04eda8bc22a2463c9478b3f42000eeaf9512964c43f1df5684","2024-06-28T22:30:00.000","1","DRIVER",,"1764900",,"CHEVROLET","TRAVERSE","IL","2010","NONE","PASSENGER","PERSONAL","UNKNOWN","OTHER",,,"1",,,,,,,"Y","Y","Y",,,,,,,,,"REAR-RIGHT-CORNER",,,,,,,,,,,,,,,,,,,,,,,,,,,,,,,,,
"1852698","003f283985a9acc1025c01d8266b7bd3284fba397cfb3e691d98abfd0ce931a46d06937af54f5c04eda8bc22a2463c9478b3f42000eeaf9512964c43f1df5684","2024-06-28T22:30:00.000","2","DRIVER",,"1764912",,"(RECONSTRUCTED TRAILERS)","(RECONSTRUCTED TRAILERS)","IL","2003","UNKNOWN","TRUCK - SINGLE UNIT","CONSTRUCTION/MAINTENANCE","UNKNOWN","TURNING RIGHT",,,"1",,,,"Y",,,,,,,,,,,,,,"FRONT",,,,,,,,,,,,,,,,,,,,,,,,,,,,,,,,,
"1852717","a607cd67b7dd1bceb52bfb456b3d5f8419bb059773f67dc6f5dbe2068cd3e583510f4677136aa2571dbf4ec53a27cfc7ef0070b96e4b5b06cee0322588a154b8","2024-06-28T22:30:00.000","2","DRIVER","1","1764924",,"NISSAN","PATHFINDER","IL","2010","UNKNOWN","SPORT UTILITY VEHICLE (SUV)","PERSONAL","S","STRAIGHT AHEAD",,,"2",,,,,,,,,,,"Y","Y","Y",,,,,"SIDE-LEFT-REAR",,,,,,,,,,,,,,,,,,,,,,,,,,,,,,,,,
"1852718","a607cd67b7dd1bceb52bfb456b3d5f8419bb059773f67dc6f5dbe2068cd3e583510f4677136aa2571dbf4ec53a27cfc7ef0070b96e4b5b06cee0322588a154b8","2024-06-28T22:30:00.000","1","DRIVER",,"1764933",,"UNKNOWN","OTHER (EXPLAIN IN NARRATIVE)","IL",,"UNKNOWN","UNKNOWN/NA","UNKNOWN/NA","UNKNOWN","UNKNOWN/NA",,,"1",,,,,,,,,,,,,,,,,"Y","UNKNOWN",,,,,,,,,,,,,,,,,,,,,,,,,,,,,,,,,
"1852712","3253d7ceb5cc776a27058255a84000c754745b75957bcf0a1574f9a87d7d5719f6246d53403638d8d821f0a68b7a32fd56b01d29f820c8446d58e69e61b54a52","2024-06-28T22:15:00.000","1","DRIVER","1","1764918",,"TOYOTA","CAMRY","IL","2007","NONE","PASSENGER","PERSONAL","N","STRAIGHT AHEAD","Y",,"2",,"PRIVATE TOW","UNKNOWN",,,,,,"Y","Y","Y","N",,,,,,"REAR-LEFT-CORNER",,,,,,,,,,,,,,,,,,,,,,,,,,,,,,,,,