"crash_unit_id","crash_record_id","crash_date","unit_no","unit_type","num_passengers","vehicle_id","cmrc_veh_i","make","model","lic_plate_state","vehicle_year","vehicle_defect","vehicle_type","vehicle_use","travel_direction","maneuver","towed_i","fire_i","occupant_cnt","exceed_speed_limit_i","towed_by","towed_to","area_00_i","area_01_i","area_02_i","area_03_i","area_04_i","area_05_i","area_06_i","area_07_i","area_08_i","area_09_i","area_10_i","area_11_i","area_12_i","area_99_i","first_contact_point","cmv_id","usdot_no","ccmc_no","ilcc_no","commercial_src","gvwr","carrier_name","carrier_state","carrier_city","hazmat_placards_i","hazmat_name","un_no","hazmat_present_i","hazmat_report_i","hazmat_report_no","mcs_report_i","mcs_report_no","hazmat_vio_cause_crash_i","mcs_vio_cause_crash_i","idot_permit_no","wide_load_i","trailer1_width","trailer2_width","trailer1_length","trailer2_length","total_vehicle_length","axle_cnt","vehicle_config","cargo_body_type","load_type","hazmat_out_of_service_i","mcs_out_of_service_i","hazmat_class"
"1852715","6c2d58eec5ce99da5afed694c6b1ab97a25ec0c0dfdacb3777fdca4ff807516d10c4ffa7c6d251e023cb293c76a83343fbd30e31d7e80f451d1c6905fef0cd5b","2024-06-28T22:07:00.000","1","DRIVER",,"1764923",,"JEEP","GRAND CHEROKEE","IL","2011","UNKNOWN","SPORT UTILITY VEHICLE (SUV)","PERSONAL","E","TURNING LEFT",,,"1",,,,,"Y",,,,,,,,,,"Y","Y",,"FRONT",,,,,,,,,,,,,,,,,,,,,,,,,,,,,,,,,
"1852716","6c2d58eec5ce99da5afed694c6b1ab97a25ec0c0dfdacb3777fdca4ff807516d10c4ffa7c6d251e023cb293c76a83343fbd30e31d7e80f451d1c6905fef0cd5b","2024-06-28T22:07:00.000","2","DRIVER",,"1764930",,"TOYOTA","CAMRY","IL","2015","UNKNOWN","PASSENGER","PERSONAL","S","STRAIGHT AHEAD",,,"1",,,,,,"Y","Y",,,,,,,,,,,"SIDE-RIGHT",,,,,,,,,,,,,,,,,,,,,,,,,,,,,,,,,
"1852723","e4d63b1a9fbd47aaea343b5c9b3be1c083a81d5f75860f4ad99c891dfb09b6b00c2bed5cf42639e87673e020b57a2e401c83f721c0d3e44c1a58d4d0b0bbded3","2024-06-28T22:04:00.000","1","DRIVER",,"1764932",,"UNKNOWN","OTHER (EXPLAIN IN NARRATIVE)",,,"UNKNOWN","UNKNOWN/NA","UNKNOWN/NA","E","UNKNOWN/NA",,,"1",,,,,,,,,,,,,,,,,"Y","UNKNOWN",,,,,,,,,,,,,,,,,,,,,,,,,,,,,,,,,
"1852724","e4d63b1a9fbd47aaea343b5c9b3be1c083a81d5f75860f4ad99c891dfb09b6b00c2bed5cf42639e87673e020b57a2e401c83f721c0d3e44c1a58d4d0b0bbded3","2024-06-28T22:04:00.000","2","PEDESTRIAN",,,,,,,,,,,,,,,,,,,,,,,,,,,,,,,,,,,,,,,,,,,,,,,,,,,,,,,,,,,,,,,,,,
"1852998","73e9b849332eaf59d04cce21cfe5e103e54b1cb974d1e0e61f93182c9b296d84cf9f1cdae9845eed77df996068daa15b46302b2c11ad600fb6e4fcade4960b8a","2024-06-28T22:03:00.000","1","DRIVER",,"1765205",,"UNKNOWN","OTHER (EXPLAIN IN NARRATIVE)",,,"UNKNOWN","PASSENGER","UNKNOWN/NA","S","STRAIGHT AHEAD",,,"1",,,,,,,,,,,,,,"Y","Y","Y",,"FRONT-LEFT-CORNER",,,,,,,,,,,,,,,,,,,,,,,,,,,,,,,,,
"1852999","73e9b849332eaf59d04cce21cfe5e103e54b1cb974d1e0e61f93182c9b296d84cf9f1cdae9845eed77df996068daa15b46302b2c11ad600fb6e4fcade4960b8a","2024-06-28T22:03:00.000","2","DRIVER",,"1765197",,"NISSAN","ALTIMA","IL","2011","NONE","PASSENGER","PERSONAL","S","CHANGING LANES",,,"1",,,,,,"Y","Y","Y",,,,,,,,,,"SIDE-RIGHT",,,,,,,,,,,,,,,,,,,,,,,,,,,,,,,,,
"1852713","5c492da3c77dc0a693a587877df07783c6c95b6d5631ee477be028c856ae887d3e21df62abfa47f00f4cdd2c30896a0aad08b1205ebe9c582e0cbeb6ffd3b59d","2024-06-28T22:00:00.000","1","DRIVER","1","1764919",,"HONDA","ODYSSEY","IL","2010","NONE","PASSENGER","PERSONAL","N","MERGING",,,"2",,,,,,,,,,,,,,"Y","Y",,,"SIDE-LEFT-FRONT",,,,,,,,,,,,,,,,,,,,,,,,,,,,,,,,,
"1852714","5c492da3c77dc0a693a587877df07783c6c95b6d5631ee477be028c856ae887d3e21df62abfa47f00f4cdd2c30896a0aad08b1205ebe9c582e0cbeb6ffd3b59d","2024-06-28T22:00:00.000","2","DRIVER",,"1764929",,"CHEVROLET","CRUZE","IL","2017","NONE","PASSENGER","PERSONAL","N","STRAIGHT AHEAD",,,"1",,,,,,,,"Y","Y",,,,,,,,,"SIDE-LEFT-REAR",,,,,,,,,,,,,,,,,,,,,,,,,,,,,,,,,
"1852699","f995d753496c930882d29a751dd8b7846ae33a851addae262369ccfee286575648e08ea887a7f56ff9ed3bc0d6a162d58ff980b4a23052b74b1e7246853840a8","2024-06-28T21:58:00.000","1","DRIVER",,"1764922",,"UNKNOWN","OTHER (EXPLAIN IN NARRATIVE)",,,"UNKNOWN","PASSENGER","UNKNOWN/NA","N","STRAIGHT AHEAD",,,"1",,,,,"Y","Y","Y",,,,,,,,,,,"SIDE-RIGHT",,,,,,,,,,,,,,,,,,,,,,,,,,,,,,,,,
"1852700","f995d753496c930882d29a751dd8b7846ae33a851addae262369ccfee286575648e08ea887a7f56ff9ed3bc0d6a162d58ff980b4a23052b74b1e7246853840a8","2024-06-28T21:58:00.000","2","DRIVER","1","1764907",,"HONDA","ACCORD","WI",,"UNKNOWN","PASSENGER","PERSONAL","N","STRAIGHT AHEAD",,,"2",,,,,,,,,,,,,"Y","Y","Y",,,"FRONT-LEFT-CORNER",,,,,,,,,,,,,,,,,,,,,,,,,,,,,,,,,
"1853084","62ca04aedc37ded84614fbbbac6fb8260c020db61e68fd8389fb7729193a59ed0651c87384e9d276f3c5d5dc6b46f22522089cfd53fa6c94eeba090eff309e84","2024-06-28T21:48:00.000","1","DRIVER",,"1765271",,"UNKNOWN","OTHER (EXPLAIN IN NARRATIVE)","IL",,"UNKNOWN","PASSENGER","UNKNOWN/NA","W","STRAIGHT AHEAD",,,"1",,,,,,,,,,,,,,,,"Y",,"FRONT",,,,,,,,,,,,,,,,,,,,,,,,,,,,,,,,,
"1853085","62ca04aedc37ded84614fbbbac6fb8260c020db61e68fd8389fb7729193a59ed0651c87384e9d276f3c5d5dc6b46f22522089cfd53fa6c94eeba090eff309e84","2024-06-28T21:48:00.000","2","DRIVER",,"1765274",,"CHEVROLET","TRAVERSE","IL","2015","NONE","PASSENGER","PERSONAL","W","STRAIGHT AHEAD",,,"1",,,,,,,,,,"Y",,,,,,,,"REAR",,,,,,,,,,,,,,,,,,,,,,,,,,,,,,,,,
"1852690","06697d6f248eb2838b7de68ed5168e700643abb3ef467a488211038e632850974421547b9f4b057b292b8feca591146bf39207025e5c3188507545a3d611ba3c","2024-06-28T21:45:00.000","1","DRIVER",,"1764898",,"FORD","F150","IL","2017","UNKNOWN","PICKUP","UNKNOWN/NA","E","STRAIGHT AHEAD",,,"1",,,,,"Y",,,,,,,,,,"Y","Y",,"FRONT",,,,,,,,,,,,,,,,,,,,,,,,,,,,,,,,,
"1852691","06697d6f248eb2838b7de68ed5168e700643abb3ef467a488211038e632850974421547b9f4b057b292b8feca591146bf39207025e5c3188507545a3d611ba3c","2024-06-28T21:45:00.000","2","DRIVER",,"1764901",,"NISSAN","KICKS","IL","2019","UNKNOWN","SPORT UTILITY VEHICLE (SUV)","UNKNOWN/NA","E","STRAIGHT AHEAD",,,"1",,,,,,,,"Y","Y","Y","Y",,,,,,,"REAR",,,,,,,,,,,,,,,,,,,,,,,,,,,,,,,,,
"1852746","49757690b93f257d7ece4876b14c4135a28d751528d76881b597b4e666d1d54834c2477ae992a195828234b2687cc52f1a27690bb096631780e27a53664e3c1e","2024-06-28T21:39:00.000","1","DRIVER","2","1764953",,"DODGE","DURANGO","IL","2020","UNKNOWN","PASSENGER","PERSONAL","W","TURNING LEFT","Y",,"3",,"CITY OF CHICAGO","10301 S DOTY AVE",,"Y",,,,,,,,,,"Y","Y",,"FRONT-LEFT-CORNER",,,,,,,,,,,,,,,,,,,,,,,,,,,,,,,,,
"1852747","49757690b93f257d7ece4876b14c4135a28d751528d76881b597b4e666d1d54834c2477ae992a195828234b2687cc52f1a27690bb096631780e27a53664e3c1e","2024-06-28T21:39:00.000","2","DRIVER",,"1764963",,"GENERAL MOTORS CORPORATION (GMC)","SIERRA","IL","2020","NONE","PICKUP","PERSONAL","S","STRAIGHT AHEAD",,,"1",,,,,,,,,,"Y","Y","Y","Y","Y","Y","Y",,"REAR-LEFT-CORNER",,,,,,,,,,,,,,,,,,,,,,,,,,,,,,,,,
"1852748","49757690b93f257d7ece4876b14c4135a28d751528d76881b597b4e666d1d54834c2477ae992a195828234b2687cc52f1a27690bb096631780e27a53664e3c1e","2024-06-28T21:39:00.000","3","DRIVER","1","1764973",,"VOLKSWAGEN","PASSAT","IL","2019","NONE","PASSENGER","PERSONAL","N","STRAIGHT AHEAD","Y",,"2",,"PRIVATE","PRIVATE",,,,,,,,,"Y","Y",,,,,"SIDE-LEFT-REAR",,,,,,,,,,,,,,,,,,,,,,,,,,,,,,,,,
"1852922","3dcd6f39ef2eb4db165b509c707bb8f5cc1140ac6851cd1fcf9079d920a14789182cc7d0d421438dbf6c92d8120086069f8d51f3c694bf8f757d65c1e9513c7c","2024-06-28T21:35:00.000","1","DRIVER",,"1765126",,"FORD","F150","IL","2017","UNKNOWN","PICKUP","PERSONAL","E","STRAIGHT AHEAD",,,"1",,,,,"Y",,,,,,,,,,"Y","Y",,"FRONT",,,,,,,,,,,,,,,,,,,,,,,,,,,,,,,,,
"1852923","3dcd6f39ef2eb4db165b509c707bb8f5cc1140ac6851cd1fcf9079d920a14789182cc7d0d421438dbf6c92d8120086069f8d51f3c694bf8f757d65c1e9513c7c","2024-06-28T21:35:00.000","2","DRIVER",,"1765127",,"NISSAN","KICKS","IL","2019","UNKNOWN","SPORT UTILITY VEHICLE (SUV)","UNKNOWN/NA","E","STRAIGHT AHEAD",,,"1",,,,,,,,,"Y","Y","Y",,,,,"N",,"REAR",,,,,,,,,,,,,,,,,,,,,,,,,,,,,,,,,
"1852730","00dcab7c4b667819d7d583ebea204dd18e924b7f29613439d0cc0f3e6aad3081ca5f7aed8f0f2bd8e468574f4a7ca52ef7c27226808a71955f77d36c67e27444","2024-06-28T21:30:00.000","1","DRIVER",,"1764937",,"UNKNOWN","MOTORIZED",,,"UNKNOWN","VAN/MINI-VAN","UNKNOWN/NA","S","STRAIGHT AHEAD",,,"1",,,,,,,,,,,,,,,"Y","Y",,"FRONT-LEFT-CORNER",,,,,,,,,,,,,,,,,,,,,,,,,,,,,,,,,
"1852731","00dcab7c4b667819d7d583ebea204dd18e924b7f29613439d0cc0f3e6aad3081ca5f7aed8f0f2bd8e468574f4a7ca52ef7c27226808a71955f77d36c67e27444","2024-06-28T21:30:00.000","2","PARKED",,"1764939",,"SATURN","VUE","IL","2009","NONE","PASSENGER","NOT IN USE","S","PARKED",,,"0",,,,,,,,,"Y",,,,,,,,,"REAR-RIGHT-CORNER",,,,,,,,,,,,,,,,,,,,,,,,,,,,,,,,,
"1852692","6a46b7f6e93e15a56c62378f8efd25a56eceb6612b80ede6185e7973ce570c1791df0610dd7ace3571e541b40c85345a4f1ceca5271b530f421b59bc25772acc","2024-06-28T21:23:00.000","1","DRIVER",,"1764902",,"PONTIAC","G6","IL","2009","NONE","PASSENGER","PERSONAL","S","STRAIGHT AHEAD","Y",,"1",,,"CITY TOW",,"Y","Y","Y",,,,,,,,"Y","Y",,"SIDE-RIGHT-FRONT",,,,,,,,,,,,,,,,,,,,,,,,,,,,,,,,,
"1852693","6a46b7f6e93e15a56c62378f8efd25a56eceb6612b80ede6185e7973ce570c1791df0610dd7ace3571e541b40c85345a4f1ceca5271b530f421b59bc25772acc","2024-06-28T21:23:00.000","2","PARKED",,"1764911",,"JEEP","JEEP","IL","2011","NONE","PASSENGER","PERSONAL","S","PARKED",,,"0",,,,,,,,,,,,"Y","Y","Y","Y",,,"SIDE-LEFT",,,,,,,,,,,,,,,,,,,,,,,,,,,,,,,,,
"1852694","6a46b7f6e93e15a56c62378f8efd25a56eceb6612b80ede6185e7973ce570c1791df0610dd7ace3571e541b40c85345a4f1ceca5271b530f421b59bc25772acc","2024-06-28T21:23:00.000","3","PARKED",,"1764915",,"MITSUBISHI","OTHER (EXPLAIN IN NARRATIVE)","IL","2009","NONE","PASSENGER","PERSONAL","S","PARKED",,,"0",,,,,,,,,,,"Y","Y","Y","Y","N",,,"SIDE-LEFT-REAR",,,,,,,,,,,,,,,,,,,,,,,,,,,,,,,,,
"1852695","6a46b7f6e93e15a56c62378f8efd25a56eceb6612b80ede6185e7973ce570c1791df0610dd7ace3571e541b40c85345a4f1ceca5271b530f421b59bc25772acc","2024-06-28T21:23:00.000","4","PARKED",,"1764925",,"JEEP","JEEP","IL","2008","NONE","PASSENGER","PERSONAL","S","PARKED",,,"0",,,,,,,,,,,"Y","Y",,,,,,"SIDE-LEFT-REAR",,,,,,,,,,,,,,,,,,,,,,,,,,,,,,,,,
"1852696","6a46b7f6e93e15a56c62378f8efd25a56eceb6612b80ede6185e7973ce570c1791df0610dd7ace3571e541b40c85345a4f1ceca5271b530f421b59bc25772acc","2024-06-28T21:23:00.000","5","PARKED",,"1764928",,"FORD","OTHER (EXPLAIN IN NARRATIVE)","IL","2013","NONE","PASSENGER","PERSONAL","S","PARKED",,,"0",,,,,,,,,,,"Y","Y","Y","Y","Y",,,"SIDE-LEFT",,,,,,,,,,,,,,,,,,,,,,,,,,,,,,,,,
"1852729","6a46b7f6e93e15a56c62378f8efd25a56eceb6612b80ede6185e7973ce570c1791df0610dd7ace3571e541b40c85345a4f1ceca5271b530f421b59bc25772acc","2024-06-28T21:23:00.000","6","PARKED",,"1764934",,"CHEVROLET","OTHER (EXPLAIN IN NARRATIVE)","IL","2008","NONE","PASSENGER","PERSONAL","S","PARKED",,,"0",,,,,,,,,,,"Y","Y","Y",,,,,"SIDE-LEFT-REAR",,,,,,,,,,,,,,,,,,,,,,,,,,,,,,,,,
"1852705","3c43623784aa629639e53821c354fd63d1d0c31dbaad196a6cb649868efc8bd81fd1c1a4c7a16bce5319778f59a5de561bab56eb9962ccfa15858ea9e503bd77","2024-06-28T21:20:00.000","1","DRIVER",,"1764910",,"TOYOTA","COROLLA","IL","2023","UNKNOWN","PASSENGER","PERSONAL","E","STRAIGHT AHEAD","Y",,"1",,"PRIVATE TOW","PRIVATE TOW",,"Y","Y",,,,,,,,,,,,"FRONT-RIGHT-CORNER",,,,,,,,,,,,,,,,,,,,,,,,,,,,,,,,,
"1852706","3c43623784aa629639e53821c354fd63d1d0c31dbaad196a6cb649868efc8bd81fd1c1a4c7a16bce5319778f59a5de561bab56eb9962ccfa15858ea9e503bd77","2024-06-28T21:20:00.000","2","PARKED",,"1764913",,"FORD","ESCAPE","IL","2014","UNKNOWN","PASSENGER","NOT IN USE","E","PARKED",,,"0",,,,,,,,,,,"Y","Y",,,,,,"SIDE-LEFT-REAR",,,,,,,,,,,,,,,,,,,,,,,,,,,,,,,,,
"1852684","ad0500482384a3395b6817e2dc26b5ff5634dca4c6a8dbb6f13f8f789e08b6e0ecd846fb39e55abe6763053b8c406ee2338add0893db76d4bd59940cf836c58f","2024-06-28T21:19:00.000","1","DRIVER",,"1764914",,"HONDA","OTHER (EXPLAIN IN NARRATIVE)",,,"UNKNOWN","PASSENGER","UNKNOWN/NA","E","TURNING RIGHT",,,"1",,,,,,,,,,,"Y","Y","Y","Y","Y","Y",,"FRONT",,,,,,,,,,,,,,,,,,,,,,,,,,,,,,,,,
"1852685","ad0500482384a3395b6817e2dc26b5ff5634dca4c6a8dbb6f13f8f789e08b6e0ecd846fb39e55abe6763053b8c406ee2338add0893db76d4bd59940cf836c58f","2024-06-28T21:19:00.000","2","DRIVER",,"1764896",,"HONDA","ACCORD","IL","2022","NONE","PASSENGER","PERSONAL","W","STRAIGHT AHEAD",,,"1",,,,,,,,,,,,"Y","Y","Y","Y",,,"FRONT-LEFT-CORNER",,,,,,,,,,,,,,,,,,,,,,,,,,,,,,,,,
"1852686","ad0500482384a3395b6817e2dc26b5ff5634dca4c6a8dbb6f13f8f789e08b6e0ecd846fb39e55abe6763053b8c406ee2338add0893db76d4bd59940cf836c58f","2024-06-28T21:19:00.000","3","DRIVER",,"1764908",,"VOLKSWAGEN","OTHER (EXPLAIN IN NARRATIVE)","IL","2024","NONE","SPORT UTILITY VEHICLE (SUV)","PERSONAL","W","STRAIGHT AHEAD","Y",,"1",,,,,,,,,,,,,,"Y","Y","Y",,"FRONT",,,,,,,,,,,,,,,,,,,,,,,,,,,,,,,,,
"1852701","c76872c93aa4a88c339f49a78dca03f1ce2242eb1516d33d338dc534497432d1812d0fb0a2da243188e7146b24da285a313070b5fa0c23a1937224d21ed3ca71","2024-06-28T21:10:00.000","1","DRIVER",,"1764903",,"UNKNOWN","OTHER (EXPLAIN IN NARRATIVE)",,,"NONE","UNKNOWN/NA","UNKNOWN/NA","UNKNOWN","UNKNOWN/NA",,,"1",,,,,,,,,,,,,,,,,"Y","UNKNOWN",,,,,,,,,,,,,,,,,,,,,,,,,,,,,,,,,
"1852702","c76872c93aa4a88c339f49a78dca03f1ce2242eb1516d33d338dc534497432d1812d0fb0a2da243188e7146b24da285a313070b5fa0c23a1937224d21ed3ca71","2024-06-28T21:10:00.000","2","PARKED",,"1764899",,"GENERAL MOTORS CORPORATION (GMC)","YUKON","IL","2007","NONE","SPORT UTILITY VEHICLE (SUV)","PERSONAL","W","PARKED","Y",,"0",,"Rodriguez Towing","Unknown",,,,,,,,,,"Y",,,,,"SIDE-LEFT",,,,,,,,,,,,,,,,,,,,,,,,,,,,,,,,,
"1852680","faa8420ccba73525f78c3cda9e021b42d0a98d8b9380869352c5afdbe0af8155de8cb532b1c65a10183959124f7acbc56da775c40ee32a3fc07ad810b5f05593","2024-06-28T21:00:00.000","1","DRIVER",,"1764886",,"BMW","OTHER (EXPLAIN IN NARRATIVE)","IL",,"UNKNOWN","UNKNOWN/NA","UNKNOWN/NA","N","ENTERING TRAFFIC LANE FROM PARKING",,,"1",,,,,,,,,,,,,,,,,"Y","UNKNOWN",,,,,,,,,,,,,,,,,,,,,,,,,,,,,,,,,
"1852681","faa8420ccba73525f78c3cda9e021b42d0a98d8b9380869352c5afdbe0af8155de8cb532b1c65a10183959124f7acbc56da775c40ee32a3fc07ad810b5f05593","2024-06-28T21:00:00.000","2","PARKED","1","1764888",,"CADILLAC","XTS","IL","2017","NONE","PASSENGER","PERSONAL","N","PARKED",,,"1",,,,,,,,,,"Y","Y",,,,,,,"REAR-LEFT-CORNER",,,,,,,,,,,,,,,,,,,,,,,,,,,,,,,,,
"1852709","71d357e1743bf8d534f817c7261909290deaca6e6fcd05b8e6532e5a45e3e783ce83d256b8e685fcf4ba6408eb19bc89fe56317e1aea3dc7646b5608c6550a52","2024-06-28T20:53:00.000","1","DRIVER",,"1764920",,"CHEVROLET","EQUINOX","IL","2011","NONE","SPORT UTILITY VEHICLE (SUV)","PERSONAL","N","STRAIGHT AHEAD","Y",,"1",,"PRIVATE TOW","UNKNOWN",,"Y","Y","Y","N",,,,,"Y","Y","Y","Y",,"FRONT",,,,,,,,,,,,,,,,,,,,,,,,,,,,,,,,,
"1852710","71d357e1743bf8d534f817c7261909290deaca6e6fcd05b8e6532e5a45e3e783ce83d256b8e685fcf4ba6408eb19bc89fe56317e1aea3dc7646b5608c6550a52","2024-06-28T20:53:00.000","2","DRIVER",,"1764935",,"HYUNDAI","SANTA FE","IL","2007","NONE","SPORT UTILITY VEHICLE (SUV)","PERSONAL","E","STRAIGHT AHEAD","Y",,"1",,"PRIVATE TOW","UNKNOWN",,"Y","Y","Y",,,,,,,,,"Y",,"FRONT-RIGHT-CORNER",,,,,,,,,,,,,,,,,,,,,,,,,,,,,,,,,
"1852711","71d357e1743bf8d534f817c7261909290deaca6e6fcd05b8e6532e5a45e3e783ce83d256b8e685fcf4ba6408eb19bc89fe56317e1aea3dc7646b5608c6550a52","2024-06-28T20:53:00.000","3","PARKED",,"1764941",,"MERCEDES-BENZ","S-CLASS","IL","1999","NONE","PASSENGER","NOT IN USE","N","PARKED",,,"0",,,,,,,,"Y","Y","Y","Y","Y","Y",,,,,"REAR",,,,,,,,,,,,,,,,,,,,,,,,,,,,,,,,,
"1852665","7b22a7a62a42ebe3a8f35c80bdca283e93d027d5b1df076c1a8e2bd78f88c8925cfb35d8451ca05d4dff3754a251593b22ea3c1a0d12ecf1c9f2609daa75b6df","2024-06-28T20:44:00.000","1","DRIVER",,"1764875",,"AUDI","OTHER (EXPLAIN IN NARRATIVE)","IL","2016","UNKNOWN","PASSENGER","UNKNOWN/NA","E","STRAIGHT AHEAD",,,"1",,,,,"Y",,,,,,,,,,"Y","Y",,"FRONT",,,,,,,,,,,,,,,,,,,,,,,,,,,,,,,,,
"1852666","7b22a7a62a42ebe3a8f35c80bdca283e93d027d5b1df076c1a8e2bd78f88c8925cfb35d8451ca05d4dff3754a251593b22ea3c1a0d12ecf1c9f2609daa75b6df","2024-06-28T20:44:00.000","2","DRIVER","1","1764880",,"FORD","EXPLORER","IL","2015","UNKNOWN","SPORT UTILITY VEHICLE (SUV)","POLICE","E","SLOW/STOP IN TRAFFIC",,,"2",,,,,,,,,"Y","Y","Y",,,,,,,"REAR",,,,,,,,,,,,,,,,,,,,,,,,,,,,,,,,,
"1852657","35228e7eaed2065b3c7f175bf9d7b39d009ede6238f7b44ba5a25040b0b9a378e7fbc5e8b837caee84686055d0b39343172996f66034a0d4d442bf1fd90b6209","2024-06-28T20:36:00.000","1","DRIVER",,"1764868",,"NOVA BUS","OTHER (EXPLAIN IN NARRATIVE)","IL","2016","NONE","BUS UP TO 15 PASS.","CTA","S","STRAIGHT AHEAD",,,"1",,,,,,,"Y","Y","Y",,,,,,,,,"SIDE-RIGHT",,,,,,,,,,,,,,,,,,,,,,,,,,,,,,,,,
"1852658","35228e7eaed2065b3c7f175bf9d7b39d009ede6238f7b44ba5a25040b0b9a378e7fbc5e8b837caee84686055d0b39343172996f66034a0d4d442bf1fd90b6209","2024-06-28T20:36:00.000","2","PARKED","1","1764869",,"HONDA","HR-V","IL","2023","NONE","SPORT UTILITY VEHICLE (SUV)","PERSONAL","S","PARKED",,,"1",,,,,,,,,,"Y","Y","Y",,,,,,"REAR-LEFT-CORNER",,,,,,,,,,,,,,,,,,,,,,,,,,,,,,,,,
"1852659","35228e7eaed2065b3c7f175bf9d7b39d009ede6238f7b44ba5a25040b0b9a378e7fbc5e8b837caee84686055d0b39343172996f66034a0d4d442bf1fd90b6209","2024-06-28T20:36:00.000","3","PARKED",,"1764874",,"HONDA","CIVIC","IL","2014","NONE","PASSENGER","UNKNOWN/NA","S","PARKED",,,"0",,,,,,,,,,,,,,,"Y",,,"SIDE-LEFT",,,,,,,,,,,,,,,,,,,,,,,,,,,,,,,,,
"1853044","34325c0477d9069381ae4891bcaefdbd505fc4790fc1cb77f14b738b3bfa3e6d93852fd1a48765955b8f56f49815c737b274a42edd06e7518fef9b3ae05629d2","2024-06-28T20:20:00.000","1","DRIVER",,"1765239",,"CHEVROLET","MONTE CARLO","IL","2006","NONE","PASSENGER","PERSONAL","E","ENTERING TRAFFIC LANE FROM PARKING",,,"1",,,,,,,,,,,,,,,,,"Y","UNKNOWN",,,,,,,,,,,,,,,,,,,,,,,,,,,,,,,,,
"1853045","34325c0477d9069381ae4891bcaefdbd505fc4790fc1cb77f14b738b3bfa3e6d93852fd1a48765955b8f56f49815c737b274a42edd06e7518fef9b3ae05629d2","2024-06-28T20:20:00.000","2","DRIVER",,"1765259",,"NISSAN","ALTIMA","IL","2019","NONE","PASSENGER","PERSONAL","E","STRAIGHT AHEAD",,,"1",,,,,"Y","Y","Y","Y","Y",,,,,,,,,"SIDE-RIGHT",,,,,,,,,,,,,,,,,,,,,,,,,,,,,,,,,
"1852637","375ff70b01b825a783e8f2d3c5d0c1a59af99e60b559f706ded34bb21bde2170e0c6468e740ad41a65dfdaaf8fc74d3cd4af986a20cde190ac506dacb90690dd","2024-06-28T20:15:00.000","1","DRIVER",,"1764841",,"SATURN","OTHER (EXPLAIN IN NARRATIVE)","IL","2009","NONE","PASSENGER","PERSONAL","W","STRAIGHT AHEAD",,,"1",,,,,,,,,,,,,,,,"Y",,"FRONT",,,,,,,,,,,,,,,,,,,,,,,,,,,,,,,,,
"1852638","375ff70b01b825a783e8f2d3c5d0c1a59af99e60b559f706ded34bb21bde2170e0c6468e740ad41a65dfdaaf8fc74d3cd4af986a20cde190ac506dacb90690dd","2024-06-28T20:15:00.000","2","DRIVER","2","1764847",,"HONDA","CR-V","IL","2019","NONE","SPORT UTILITY VEHICLE (SUV)","PERSONAL","W","SLOW/STOP IN TRAFFIC",,,"3",,,,,,,,,,"Y",,,,,,,,"REAR",,,,,,,,,,,,,,,,,,,,,,,,,,,,,,,,,
"1852628","6137e853c19872ace5e6386cd0309040cd79159168f9d91420b70a5f4a0da9715c9abae837cd6532d9ce610c7efa75b77475b7db07de27aaf5160d0065cc4ca0","2024-06-28T20:10:00.000","1","DRIVER",,"1764831",,"CHRYSLER","200","IL","2012","NONE","PASSENGER","PERSONAL","E","TURNING LEFT",,,"1",,,,,"Y",,,,,,,,,,"Y","Y",,"FRONT",,,,,,,,,,,,,,,,,,,,,,,,,,,,,,,,,
"1852629","6137e853c19872ace5e6386cd0309040cd79159168f9d91420b70a5f4a0da9715c9abae837cd6532d9ce610c7efa75b77475b7db07de27aaf5160d0065cc4ca0","2024-06-28T20:10:00.000","2","DRIVER",,"1764844",,"ACURA","ZDX","IL","2002","NONE","PASSENGER","PERSONAL","S","STRAIGHT AHEAD","Y",,"1",,"OWNER","UNKNOWN",,,"Y","Y","Y","Y",,,,,,,,,"SIDE-RIGHT",,,,,,,,,,,,,,,,,,,,,,,,,,,,,,,,,
"1852655","f84400885c02fedbc01da2cdeb57b591656ecf0a5b7219be55ca337084af9cf3b254e449d2382632da6831f2e868ef69badde5e17b60f3d0a785b917ab31566d","2024-06-28T20:04:00.000","1","DRIVER",,"1764863",,"TOYOTA","SEQUOIA","IL","2006","NONE","SPORT UTILITY VEHICLE (SUV)","PERSONAL","S","STRAIGHT AHEAD",,,"1",,,,,"Y",,,,,,,,,,"Y","Y",,"FRONT",,,,,,,,,,,,,,,,,,,,,,,,,,,,,,,,,
"1852656","f84400885c02fedbc01da2cdeb57b591656ecf0a5b7219be55ca337084af9cf3b254e449d2382632da6831f2e868ef69badde5e17b60f3d0a785b917ab31566d","2024-06-28T20:04:00.000","2","DRIVER","1","1764866",,"DODGE","GRAND CARAVAN","IL","2005","NONE","VAN/MINI-VAN","PERSONAL","W","STRAIGHT AHEAD",,,"2",,,,,,"Y","Y","Y",,,,,,,,,,"SIDE-RIGHT",,,,,,,,,,,,,,,,,,,,,,,,,,,,,,,,,