"crash_unit_id","crash_record_id","crash_date","unit_no","unit_type","num_passengers","vehicle_id","cmrc_veh_i","make","model","lic_plate_state","vehicle_year","vehicle_defect","vehicle_type","vehicle_use","travel_direction","maneuver","towed_i","fire_i","occupant_cnt","exceed_speed_limit_i","towed_by","towed_to","area_00_i","area_01_i","area_02_i","area_03_i","area_04_i","area_05_i","area_06_i","area_07_i","area_08_i","area_09_i","area_10_i","area_11_i","area_12_i","area_99_i","first_contact_point","cmv_id","usdot_no","ccmc_no","ilcc_no","commercial_src","gvwr","carrier_name","carrier_state","carrier_city","hazmat_placards_i","hazmat_name","un_no","hazmat_present_i","hazmat_report_i","hazmat_report_no","mcs_report_i","mcs_report_no","hazmat_vio_cause_crash_i","mcs_vio_cause_crash_i","idot_permit_no","wide_load_i","trailer1_width","trailer2_width","trailer1_length","trailer2_length","total_vehicle_length","axle_cnt","vehicle_config","cargo_body_type","load_type","hazmat_out_of_service_i","mcs_out_of_service_i","hazmat_class"
"1853180","37dc6ff21511041cc18db391ee1643c60bba91a2ca25accff71e03af97e73eb97a8f5c5ee0f80226a538a2fac67fef8374fc150aea155486d8f2809a04be63cc","2024-06-28T18:25:00.000","3","DRIVER",,"1765360","Y","INTERNATIONAL COACH MANUFACTURING","OTHER (EXPLAIN IN NARRATIVE)","IL","2022","NONE","OTHER","COMMERCIAL - SINGLE UNIT","N","STRAIGHT AHEAD",,,"1",,,,,,,,,,"Y","Y","Y",,,,,,"REAR-LEFT-CORNER","19554","408430",,,"DRIVER","2","COMED AN EXELON COMPANY",,,,,,"N","N",,"N",,"N","N",,,,,,,,,"BUS","BUS","OTHER","N","N",
"1853022","0b9d85e6e012a795dfdc076544b5fe84731f54a7d695cf861343484a0f8e41e6e413a47ea82a87109d8f6e11398634d0eda2fab0505d526502684695a7f67cd9","2024-06-28T18:23:00.000","1","DRIVER",,"1765218",,"NISSAN","VERSA","IL","2012","NONE","PASSENGER","PERSONAL","S","TURNING LEFT",,,"1",,,,,"Y","Y","Y",,,,,,,,,,,"SIDE-RIGHT-FRONT",,,,,,,,,,,,,,,,,,,,,,,,,,,,,,,,,
"1853023","0b9d85e6e012a795dfdc076544b5fe84731f54a7d695cf861343484a0f8e41e6e413a47ea82a87109d8f6e11398634d0eda2fab0505d526502684695a7f67cd9","2024-06-28T18:23:00.000","2","DRIVER",,"1765225",,"DODGE","JOURNEY","IL","2011","UNKNOWN","PASSENGER","UNKNOWN/NA","N","STRAIGHT AHEAD",,,"1",,,,,,,,,,,,,,,,,"Y","FRONT",,,,,,,,,,,,,,,,,,,,,,,,,,,,,,,,,
"1852589","e54035d3a90560bfc2e0f53aabe3cf79220cc4bf9004fb0d8f82307b12c474b64f9bde21f01231c79ebf0ce6d7ef503eedcd318fd582b12d940cefde654d2543","2024-06-28T18:17:00.000","1","DRIVER","1","1764803",,"FORD","OTHER (EXPLAIN IN NARRATIVE)","IL",,"OTHER","SPORT UTILITY VEHICLE (SUV)","POLICE","S","STRAIGHT AHEAD","Y",,"2",,"CITY OF CHICAGO","AREA 4 HARRISON KEDIZE",,"Y","Y",,,,,,,,,"Y","Y",,"FRONT",,,,,,,,,,,,,,,,,,,,,,,,,,,,,,,,,
"1852590","e54035d3a90560bfc2e0f53aabe3cf79220cc4bf9004fb0d8f82307b12c474b64f9bde21f01231c79ebf0ce6d7ef503eedcd318fd582b12d940cefde654d2543","2024-06-28T18:17:00.000","2","DRIVER","1","1764822",,"HYUNDAI","ENTOURAGE",,"2008","UNKNOWN","VAN/MINI-VAN","PERSONAL","E","STRAIGHT AHEAD","Y",,"2",,"private tow",,,"Y","Y","Y","N",,"Y","Y","Y","Y","Y","Y","N",,"FRONT-LEFT-CORNER",,,,,,,,,,,,,,,,,,,,,,,,,,,,,,,,,
"1852591","e54035d3a90560bfc2e0f53aabe3cf79220cc4bf9004fb0d8f82307b12c474b64f9bde21f01231c79ebf0ce6d7ef503eedcd318fd582b12d940cefde654d2543","2024-06-28T18:17:00.000","3","DRIVER",,"1764843",,"TOYOTA","CAMRY","IL","2020","UNKNOWN","PASSENGER","PERSONAL","N","SLOW/STOP IN TRAFFIC",,,"1",,,,,"Y",,,,,,,,,,,"Y",,"FRONT",,,,,,,,,,,,,,,,,,,,,,,,,,,,,,,,,
"1852592","e54035d3a90560bfc2e0f53aabe3cf79220cc4bf9004fb0d8f82307b12c474b64f9bde21f01231c79ebf0ce6d7ef503eedcd318fd582b12d940cefde654d2543","2024-06-28T18:17:00.000","4","DRIVER","5","1764852",,"TOYOTA","HIGHLANDER","OH","2019","UNKNOWN","SPORT UTILITY VEHICLE (SUV)","PERSONAL","N","SLOW/STOP IN TRAFFIC","Y",,"6",,"private tow",,,,,,,,,,,,"Y","Y","Y",,"FRONT-LEFT-CORNER",,,,,,,,,,,,,,,,,,,,,,,,,,,,,,,,,
"1852687","59b685341468808dbffcafcf626422634d212ba91f254df82321ba96df7f3bc2904a218d77b4976d6a4833111448c87703ab3719f5f02bc7e0687405c81e7a25","2024-06-28T18:15:00.000","1","DRIVER",,"1764892",,"CHEVROLET","IMPALA","IL","2014","UNKNOWN","PASSENGER","UNKNOWN/NA","W","DRIVING WRONG WAY",,,"1",,,,,"Y",,,,,,,,,,"Y","Y",,"FRONT",,,,,,,,,,,,,,,,,,,,,,,,,,,,,,,,,
"1852688","59b685341468808dbffcafcf626422634d212ba91f254df82321ba96df7f3bc2904a218d77b4976d6a4833111448c87703ab3719f5f02bc7e0687405c81e7a25","2024-06-28T18:15:00.000","2","PARKED",,"1764894",,"KIA","TELLURIDE","IL","2020","UNKNOWN","PASSENGER","PERSONAL","E","PARKED",,,"0",,,,,"Y",,,,,,,,,,"Y","Y",,"FRONT",,,,,,,,,,,,,,,,,,,,,,,,,,,,,,,,,
"1852957","53a8898a862b7aa1dca1adc1c92f9c79a7cd6505fd9fb32914b101839fcbe1353b8024fa91b5af832f8342bf7357d4a0cc9727881f0e81152cd66277b983df42","2024-06-28T18:12:00.000","1","DRIVER",,"1765153",,"UNKNOWN","MOTORIZED",,,"UNKNOWN","UNKNOWN/NA","UNKNOWN/NA","W","STRAIGHT AHEAD",,,"1",,,,,,,,,,,,,,,,"Y",,"FRONT",,,,,,,,,,,,,,,,,,,,,,,,,,,,,,,,,
"1852958","53a8898a862b7aa1dca1adc1c92f9c79a7cd6505fd9fb32914b101839fcbe1353b8024fa91b5af832f8342bf7357d4a0cc9727881f0e81152cd66277b983df42","2024-06-28T18:12:00.000","2","DRIVER",,"1765159",,"AUDI","Q3","IL","2021","NONE","SPORT UTILITY VEHICLE (SUV)","PERSONAL","W","STRAIGHT AHEAD",,,"1",,,,,,,,,,"Y",,,,,"Y","Y",,"REAR",,,,,,,,,,,,,,,,,,,,,,,,,,,,,,,,,
"1852564","94d938e087712dc99f34c1fc4c9cdbdb89a5129249f767fc3648a8cd32ef5bbe73449242f2f8dc785282437c4b9d9ca22a9206a5491c1a275f84b4ecbc9f97e5","2024-06-28T18:11:00.000","1","DRIVER",,"1764770",,"MERCEDES-BENZ","500 SERIES","IL","2014","NONE","PASSENGER","PERSONAL","N","STRAIGHT AHEAD",,,"1",,,,,,"Y",,,,,,,,,,,"Y","SIDE-RIGHT-FRONT",,,,,,,,,,,,,,,,,,,,,,,,,,,,,,,,,
"1852565","94d938e087712dc99f34c1fc4c9cdbdb89a5129249f767fc3648a8cd32ef5bbe73449242f2f8dc785282437c4b9d9ca22a9206a5491c1a275f84b4ecbc9f97e5","2024-06-28T18:11:00.000","2","PARKED",,"1764773",,"JEEP","CHEROKEE","IL","2018","NONE","PASSENGER","NOT IN USE","N","PARKED",,,"0",,,,,,,,,,,,,,,"Y",,,"SIDE-LEFT-FRONT",,,,,,,,,,,,,,,,,,,,,,,,,,,,,,,,,
"1852570","00a745569ce3c233cdfd5ac21e50ffb2a53223017081c2053fc35a35e3957420e4d4500e8d58f700bfa020ddd306aefb23ea205811259eeffa2d7ee58d917f6b","2024-06-28T18:00:00.000","1","DRIVER",,"1764786","N","UNKNOWN","OTHER (EXPLAIN IN NARRATIVE)",,,"UNKNOWN","OTHER","OTHER","E","BACKING",,,"1",,,,,,,,,,,,,,,,,"Y","UNKNOWN",,,,,,,,,,,,,,,,,,,,,,,,,,,,,,,,,
"1852571","00a745569ce3c233cdfd5ac21e50ffb2a53223017081c2053fc35a35e3957420e4d4500e8d58f700bfa020ddd306aefb23ea205811259eeffa2d7ee58d917f6b","2024-06-28T18:00:00.000","2","PARKED",,"1764779",,"CHEVROLET","MALIBU","IL","2015","UNKNOWN","PASSENGER","NOT IN USE","UNKNOWN","PARKED",,,"0",,,,,,,,,,,,,,,,"Y",,"FRONT",,,,,,,,,,,,,,,,,,,,,,,,,,,,,,,,,
"1852605","022235f0261dc91fbf6d5045ef2cc9fc4a39bf01b02a19b1e11b9e8e8e806869a0582ba761b1768449e6cd311c3ed735388e602c5501ae7988d92969f1b53a44","2024-06-28T18:00:00.000","1","DRIVER",,"1764809",,"TOYOTA","SIENNA","IL","2009","NONE","VAN/MINI-VAN","PERSONAL","S","STRAIGHT AHEAD","Y",,"1",,"personal tow",,,"Y",,,,,,,,,,,,,"FRONT-RIGHT-CORNER",,,,,,,,,,,,,,,,,,,,,,,,,,,,,,,,,
"1852610","022235f0261dc91fbf6d5045ef2cc9fc4a39bf01b02a19b1e11b9e8e8e806869a0582ba761b1768449e6cd311c3ed735388e602c5501ae7988d92969f1b53a44","2024-06-28T18:00:00.000","2","PARKED",,"1764814",,"LEXUS","ES350","IL","2016","NONE","PASSENGER","PERSONAL","S","PARKED",,,"0",,,,,,,,,,,,,,"Y","Y",,,"FRONT-LEFT-CORNER",,,,,,,,,,,,,,,,,,,,,,,,,,,,,,,,,
"1852535","38276aa591b71a973b6a62d449ca3e775eaac733ba07f13baf013d7287429b235c4d8c2daa7956a3b74a8db0c874736b0bed3336b01a3e35964da136ebf9501b","2024-06-28T18:00:00.000","1","DRIVER",,"1764745",,"JEEP","CHEROKEE","IL","1997","NONE","PASSENGER","PERSONAL","E","STRAIGHT AHEAD",,,"1",,,,,"Y",,,,,,,,,,"Y","Y",,"FRONT",,,,,,,,,,,,,,,,,,,,,,,,,,,,,,,,,
"1852536","38276aa591b71a973b6a62d449ca3e775eaac733ba07f13baf013d7287429b235c4d8c2daa7956a3b74a8db0c874736b0bed3336b01a3e35964da136ebf9501b","2024-06-28T18:00:00.000","2","DRIVER","1","1764752",,"KIA","SORENTO","IL","2023","NONE","PASSENGER","PERSONAL","E","STRAIGHT AHEAD",,,"2",,,,,,,,,"Y","Y","Y",,,,,,,"REAR",,,,,,,,,,,,,,,,,,,,,,,,,,,,,,,,,
"1852703","c2163ad2cae52abd05cfd04eb3262c74e9b76648f5b50b7ffbc630472aaf514cd3bf2e6f4b6342e9a7c5f9d5724a1374ee048c22bc077a020b9ca0a368b5456a","2024-06-28T18:00:00.000","1","DRIVER",,"1764904",,"HYUNDAI","TUCSON","IL","2019","UNKNOWN","PASSENGER","PERSONAL","S","STRAIGHT AHEAD",,,"1",,,,"Y",,,,,,,,,,,,,,"NONE",,,,,,,,,,,,,,,,,,,,,,,,,,,,,,,,,
"1852704","c2163ad2cae52abd05cfd04eb3262c74e9b76648f5b50b7ffbc630472aaf514cd3bf2e6f4b6342e9a7c5f9d5724a1374ee048c22bc077a020b9ca0a368b5456a","2024-06-28T18:00:00.000","2","DRIVER",,"1764921",,"HYUNDAI","TUCSON","IL","2019","NONE","PASSENGER","PERSONAL","S","STRAIGHT AHEAD",,,"1",,,,,"Y",,,,,,,,,,"Y","Y",,"FRONT",,,,,,,,,,,,,,,,,,,,,,,,,,,,,,,,,
"1852625","de22f26aecac765e8e3ddc32a4e51d30df4dd184dff5b863567ba6a1aebc948b7dbe6681f79107657df56faeebf68196bc5f6a16b3812398a994e6a69f1106bf","2024-06-28T18:00:00.000","1","DRIVER",,"1764827",,"FORD","F150","IL","2015","UNKNOWN","PICKUP","UNKNOWN/NA","E","STRAIGHT AHEAD",,,"1",,,,,"Y",,,,,,,,,,"Y","Y",,"FRONT",,,,,,,,,,,,,,,,,,,,,,,,,,,,,,,,,
"1852626","de22f26aecac765e8e3ddc32a4e51d30df4dd184dff5b863567ba6a1aebc948b7dbe6681f79107657df56faeebf68196bc5f6a16b3812398a994e6a69f1106bf","2024-06-28T18:00:00.000","2","DRIVER",,"1764833",,"TOYOTA","PRIUS","IL","2014","UNKNOWN","PASSENGER","PERSONAL","E","SLOW/STOP IN TRAFFIC",,,"1",,,,,,,,,"Y","Y","Y",,,,,,,"REAR",,,,,,,,,,,,,,,,,,,,,,,,,,,,,,,,,
"1852613","69814e25e8f2b95da5bba76d99354ec42f1e8c7661e2598e2dc121acf113b73ffd40172a217964809322f6dd10cce9e07fb8dedac962086b6f894b72e34e2042","2024-06-28T17:50:00.000","1","DRIVER",,"1764819",,"MITSUBISHI","OUTLANDER","IL","2016","NONE","SPORT UTILITY VEHICLE (SUV)","UNKNOWN/NA","UNKNOWN","PASSING/OVERTAKING",,,"1",,,,,"Y","Y",,,,,,,,,,,,"SIDE-RIGHT",,,,,,,,,,,,,,,,,,,,,,,,,,,,,,,,,
"1852614","69814e25e8f2b95da5bba76d99354ec42f1e8c7661e2598e2dc121acf113b73ffd40172a217964809322f6dd10cce9e07fb8dedac962086b6f894b72e34e2042","2024-06-28T17:50:00.000","2","DRIVER",,"1764826",,"LEXUS","ES350","IL","2012","NONE","PASSENGER","PERSONAL","S","STRAIGHT AHEAD",,,"1",,,,,,,,,,,,,,"Y","Y",,,"FRONT-LEFT-CORNER",,,,,,,,,,,,,,,,,,,,,,,,,,,,,,,,,
"1852539","8a8eb0f52ebd2e3a34a53c92de2a27fefb6820b440952742a64ff24a884e7cd5353e3d755ced52ed531fb8c67923ec16c4f053ca41198aac0658d2225e7059e5","2024-06-28T17:50:00.000","1","DRIVER",,"1764744",,"FORD","F150","IL","2018","UNKNOWN","PICKUP","UNKNOWN/NA","S","TURNING LEFT",,,"1",,,,,,,,,,,,,,,,"Y",,"FRONT",,,,,,,,,,,,,,,,,,,,,,,,,,,,,,,,,
"1852540","8a8eb0f52ebd2e3a34a53c92de2a27fefb6820b440952742a64ff24a884e7cd5353e3d755ced52ed531fb8c67923ec16c4f053ca41198aac0658d2225e7059e5","2024-06-28T17:50:00.000","2","DRIVER",,"1764748",,"TOYOTA","RAV4","IN","2018","NONE","SPORT UTILITY VEHICLE (SUV)","PERSONAL","W","STRAIGHT AHEAD",,,"1",,,,,,,,,,,,,,,"Y",,,"FRONT-LEFT-CORNER",,,,,,,,,,,,,,,,,,,,,,,,,,,,,,,,,
"1852537","bb3d594feaeeb043c27e0f5ae153785786ff41d198f7f164cb1a5907d91b89d75ea31514a2541652406b3bef9e3fa98989da45ff60bbd88ce5a62c5b179d640c","2024-06-28T17:50:00.000","1","DRIVER","1","1764747",,"FREIGHTLINER CORPORATION","FREIGHTLINER CORP.","IL","2017","NONE","TRUCK - SINGLE UNIT","COMMERCIAL - SINGLE UNIT","W","TURNING RIGHT",,,"2",,,,,,,,,,,"Y",,,,,,,"SIDE-LEFT-REAR",,,,,,,,,,,,,,,,,,,,,,,,,,,,,,,,,
"1852538","bb3d594feaeeb043c27e0f5ae153785786ff41d198f7f164cb1a5907d91b89d75ea31514a2541652406b3bef9e3fa98989da45ff60bbd88ce5a62c5b179d640c","2024-06-28T17:50:00.000","2","DRIVER","1","1764757",,"TOYOTA","TACOMA","IL","2019","NONE","PICKUP","PERSONAL","W","SLOW/STOP IN TRAFFIC",,,"2",,,,,"Y","Y","Y",,,,,,,,,"Y",,"SIDE-RIGHT",,,,,,,,,,,,,,,,,,,,,,,,,,,,,,,,,
"1852905","de214f168aec1263bd1efe1143741dbb16d94e990f87a7d7e7e59e6c18e2c76924f1d6cbfaf914233c5baf624a0ff9cc06a54800fd375be43846b54d7c5d41e6","2024-06-28T17:50:00.000","1","DRIVER",,"1765132",,"INFINITI","OTHER (EXPLAIN IN NARRATIVE)","IL","2010","UNKNOWN","PASSENGER","UNKNOWN/NA","N","STRAIGHT AHEAD",,,"1",,,,,,,,,,,,,,,,,"Y","UNKNOWN",,,,,,,,,,,,,,,,,,,,,,,,,,,,,,,,,
"1852906","de214f168aec1263bd1efe1143741dbb16d94e990f87a7d7e7e59e6c18e2c76924f1d6cbfaf914233c5baf624a0ff9cc06a54800fd375be43846b54d7c5d41e6","2024-06-28T17:50:00.000","2","DRIVER",,"1765119",,"FORD","OTHER (EXPLAIN IN NARRATIVE)","IL","2015","UNKNOWN","PASSENGER","UNKNOWN/NA","N","SLOW/STOP IN TRAFFIC",,,"1",,,,,,,,,"Y","Y",,,,,,,,"REAR-RIGHT-CORNER",,,,,,,,,,,,,,,,,,,,,,,,,,,,,,,,,
"1852541","0f9f8da178987eb6a5e3f2a90da2226e662a253bdee69236a946fdcd90e527f98ce573e2a3ab65a4622e92a4f0613ecac2dea43978a380a6def8a3627f1869ae","2024-06-28T17:45:00.000","1","DRIVER","1","1764751",,"JEEP","CHEROKEE","IL","2020","NONE","PASSENGER","PERSONAL","N","STRAIGHT AHEAD",,,"2",,,,,"Y",,,,,,,,,"Y","Y","Y",,"FRONT-LEFT-CORNER",,,,,,,,,,,,,,,,,,,,,,,,,,,,,,,,,
"1852542","0f9f8da178987eb6a5e3f2a90da2226e662a253bdee69236a946fdcd90e527f98ce573e2a3ab65a4622e92a4f0613ecac2dea43978a380a6def8a3627f1869ae","2024-06-28T17:45:00.000","2","DRIVER",,"1764762",,"TOYOTA","COROLLA","IL","2016","NONE","PASSENGER","PERSONAL","E","STRAIGHT AHEAD","Y",,"1",,"SELF","UNKNOWN",,"Y","Y","Y","Y","Y",,,,,,,,,"SIDE-RIGHT",,,,,,,,,,,,,,,,,,,,,,,,,,,,,,,,,
"1853181","c09d790eb1d4b28fb45381e290293f7fc0388e90b8e9889e999233378bada000649e9b189090af3e2a886f36b5e5ef3683a01b043eee3d437fa5f9460402cf6c","2024-06-28T17:45:00.000","1","DRIVER",,"1765364",,"CHRYSLER","200",,"2015","UNKNOWN","PASSENGER","PERSONAL","E","STRAIGHT AHEAD",,,"1",,,,"Y",,,,,,,,,,,,"Y",,"FRONT",,,,,,,,,,,,,,,,,,,,,,,,,,,,,,,,,
"1853182","c09d790eb1d4b28fb45381e290293f7fc0388e90b8e9889e999233378bada000649e9b189090af3e2a886f36b5e5ef3683a01b043eee3d437fa5f9460402cf6c","2024-06-28T17:45:00.000","2","DRIVER",,"1765373",,"ACURA","ZDX","IL","2016","NONE","SPORT UTILITY VEHICLE (SUV)","PERSONAL","E","SLOW/STOP IN TRAFFIC",,,"1",,,,,,,,,,"Y",,,,,,,,"REAR",,,,,,,,,,,,,,,,,,,,,,,,,,,,,,,,,
"1852599","a66934cb6bfff611f22316ad7febaf4562c1aa037ef23a77b1cedd8ccf8a51cb0399d697f1209d7c239ffe74a4ba48ca3a82ce6c162e6483ffadebf70f314c1e","2024-06-28T17:34:00.000","1","DRIVER",,"1764805",,"HONDA","RIDGELINE","IL","2007","UNKNOWN","PICKUP","OTHER","W","STRAIGHT AHEAD",,,"1",,,,,,,,,,,,,,,,,"Y","UNKNOWN",,,,,,,,,,,,,,,,,,,,,,,,,,,,,,,,,
"1852600","a66934cb6bfff611f22316ad7febaf4562c1aa037ef23a77b1cedd8ccf8a51cb0399d697f1209d7c239ffe74a4ba48ca3a82ce6c162e6483ffadebf70f314c1e","2024-06-28T17:34:00.000","2","DRIVER",,"1764811",,"CHEVROLET","MALIBU","IL","2013","UNKNOWN","PASSENGER","UNKNOWN/NA","W","STRAIGHT AHEAD",,,"1",,,,,,,,,"Y","Y",,,,,,,,"REAR-RIGHT-CORNER",,,,,,,,,,,,,,,,,,,,,,,,,,,,,,,,,
"1853263","abfcddac524f12dc3c1a7e52fee03376e858cafb0588027ebd4aefce388ed1c0726722d16c7149e42f4caf837ef61a9d10776df58aa16c1b56645063b0fcc6a3","2024-06-28T17:30:00.000","1","DRIVER",,"1765457",,"JEEP","PATRIOT","IL","2016","UNKNOWN","SPORT UTILITY VEHICLE (SUV)","PERSONAL","UNKNOWN","STRAIGHT AHEAD",,,"1",,,,,,,,,,,,,,,,,"Y","UNKNOWN",,,,,,,,,,,,,,,,,,,,,,,,,,,,,,,,,
"1853264","abfcddac524f12dc3c1a7e52fee03376e858cafb0588027ebd4aefce388ed1c0726722d16c7149e42f4caf837ef61a9d10776df58aa16c1b56645063b0fcc6a3","2024-06-28T17:30:00.000","2","DRIVER",,"1765468",,"ACURA","RLX","IL","2007","NONE","PASSENGER","PERSONAL","UNKNOWN","STRAIGHT AHEAD",,,"1",,,,,,,,,"Y","Y","Y",,,,,,,"REAR",,,,,,,,,,,,,,,,,,,,,,,,,,,,,,,,,
"1852547","8b64465c4782aa0974f4d454a98c7554add41d2c6f802bf33a665a12bfb8ff730a784c765ad0da22bf128d9dc345998b6211a5c56867d183cef2d97cf30daef0","2024-06-28T17:26:00.000","1","DRIVER",,"1764760",,"GENERAL MOTORS CORPORATION (GMC)","TERRAIN","IL","2016","NONE","PASSENGER","PERSONAL","W","CHANGING LANES",,,"1",,,,,,"Y","Y","Y",,,,,,,,,,"OTHER",,,,,,,,,,,,,,,,,,,,,,,,,,,,,,,,,
"1852548","8b64465c4782aa0974f4d454a98c7554add41d2c6f802bf33a665a12bfb8ff730a784c765ad0da22bf128d9dc345998b6211a5c56867d183cef2d97cf30daef0","2024-06-28T17:26:00.000","2","DRIVER",,"1764766",,"TOYOTA","CAMRY","IL","2010","NONE","PASSENGER","PERSONAL","W","STRAIGHT AHEAD",,,"1",,,,,,,,,,,"Y","Y","Y","Y","Y",,,"REAR-LEFT-CORNER",,,,,,,,,,,,,,,,,,,,,,,,,,,,,,,,,
"1852527","231ea114b2665f1a8fd907a31559907612a9cedb8c48257e3701125d03034719545e4b45e81b336a893becc42a8dbb6a567e5ccfea6db6401b2641303291ccd0","2024-06-28T17:25:00.000","1","DRIVER",,"1764730",,"DODGE","CHALLENGER",,,"UNKNOWN","UNKNOWN/NA","UNKNOWN/NA","N","STRAIGHT AHEAD",,,"1",,,,,,,,,,,,,,,,,"Y","FRONT",,,,,,,,,,,,,,,,,,,,,,,,,,,,,,,,,
"1852528","231ea114b2665f1a8fd907a31559907612a9cedb8c48257e3701125d03034719545e4b45e81b336a893becc42a8dbb6a567e5ccfea6db6401b2641303291ccd0","2024-06-28T17:25:00.000","2","DRIVER",,"1764743",,"AUDI","Q5","IL","2021","NONE","SPORT UTILITY VEHICLE (SUV)","PERSONAL","W","STRAIGHT AHEAD",,,"1",,,,,,,,,,,,,,"Y","Y",,,"FRONT-LEFT-CORNER",,,,,,,,,,,,,,,,,,,,,,,,,,,,,,,,,
"1852529","2c55756e34cc793e76a6c59549db01046700e5dcbccf230b634c3a7226730c92a033b181a60a83a436fef4d573080a49e2b9f015669506afc1a1a352c8ddcf15","2024-06-28T17:25:00.000","1","DRIVER",,"1764740",,"TOYOTA","PRIUS","IL","2013","UNKNOWN","PASSENGER","PERSONAL","E","STRAIGHT AHEAD","Y",,"1",,"private tow",,,"Y","Y","Y","Y",,,,,,,,,,"SIDE-RIGHT",,,,,,,,,,,,,,,,,,,,,,,,,,,,,,,,,
"1852530","2c55756e34cc793e76a6c59549db01046700e5dcbccf230b634c3a7226730c92a033b181a60a83a436fef4d573080a49e2b9f015669506afc1a1a352c8ddcf15","2024-06-28T17:25:00.000","2","DRIVER",,"1764746",,"FORD","EXPLORER","IL","2015","UNKNOWN","PASSENGER","PERSONAL","N","STRAIGHT AHEAD",,,"1",,,,,"Y",,,,,,,,,,"Y","Y",,"FRONT",,,,,,,,,,,,,,,,,,,,,,,,,,,,,,,,,
"1852509","14490222d3b7fbe7d23f923d640266a0fc0c8c9c9faedd20991abe46cfa0748240855bc3249a5cac885c9da6b5522af4b82d6731ceafd95edea792451100e1ba","2024-06-28T17:20:00.000","1","DRIVER",,"1764713",,"NISSAN","MURANO","IL","2007","NONE","SPORT UTILITY VEHICLE (SUV)","PERSONAL","E","STRAIGHT AHEAD","Y",,"1",,"private tow",,,"Y",,,,,,,,,,"Y","Y",,"FRONT",,,,,,,,,,,,,,,,,,,,,,,,,,,,,,,,,
"1852510","14490222d3b7fbe7d23f923d640266a0fc0c8c9c9faedd20991abe46cfa0748240855bc3249a5cac885c9da6b5522af4b82d6731ceafd95edea792451100e1ba","2024-06-28T17:20:00.000","2","DRIVER",,"1764720",,"INFINITI","OTHER (EXPLAIN IN NARRATIVE)","IL","2015","NONE","PASSENGER","PERSONAL","S","STRAIGHT AHEAD","Y",,"1",,"private tow",,,"Y","Y","Y","Y",,,,,,,,,,"SIDE-RIGHT",,,,,,,,,,,,,,,,,,,,,,,,,,,,,,,,,
"1852630","51833d1ff51051db743c3b36af4a03cd0823bfc44f9596f57ebab95ffc41c8512fa55365e895527870a770d42e1a08c2105734b7f150b7f2686a3b4e66125e5e","2024-06-28T17:20:00.000","1","DRIVER",,"1764835",,"CHEVROLET","TAHOE","IL","2016","UNKNOWN","SPORT UTILITY VEHICLE (SUV)","PERSONAL","S","BACKING",,,"1",,,,,,,,,,,,,,,,,,"REAR",,,,,,,,,,,,,,,,,,,,,,,,,,,,,,,,,
"1852631","51833d1ff51051db743c3b36af4a03cd0823bfc44f9596f57ebab95ffc41c8512fa55365e895527870a770d42e1a08c2105734b7f150b7f2686a3b4e66125e5e","2024-06-28T17:20:00.000","2","DRIVER","1","1764842",,"NISSAN","ROGUE","IL","2015","UNKNOWN","SPORT UTILITY VEHICLE (SUV)","PERSONAL","S","STRAIGHT AHEAD",,,"2",,,,,,,,,,,,,,,,,,"FRONT",,,,,,,,,,,,,,,,,,,,,,,,,,,,,,,,,
"1852525","b0f04a97cc48478b74674923a8f9b69fc5c372d1f4c73ad0c1d6e1aeb73b627c4da7a513d4f7198b4ebae2c60c8ea61114ee38f4e4b17e6fdf4d2c20b1509151","2024-06-28T17:20:00.000","1","DRIVER",,"1764732",,"CHEVROLET","EQUINOX","IL",,"NONE","PASSENGER","PERSONAL","N","STRAIGHT AHEAD",,,"1",,,,,,,,,,,,"Y","Y","Y",,,,"SIDE-LEFT-FRONT",,,,,,,,,,,,,,,,,,,,,,,,,,,,,,,,,
"1852526","b0f04a97cc48478b74674923a8f9b69fc5c372d1f4c73ad0c1d6e1aeb73b627c4da7a513d4f7198b4ebae2c60c8ea61114ee38f4e4b17e6fdf4d2c20b1509151","2024-06-28T17:20:00.000","2","DRIVER",,"1764736",,"DODGE","CARAVAN","WI",,"NONE","PASSENGER","PERSONAL","N","STRAIGHT AHEAD",,,"1",,,,,,,,,,,"Y",,,,,,,"REAR-LEFT-CORNER",,,,,,,,,,,,,,,,,,,,,,,,,,,,,,,,,
"1852678","149f33fc92416d4838c75ba41e26579b099f59c6efead00dba09798d0781736424d58c5b152169c31e3a187b48e30159923a4ec52b69a3da0eb86e179f40972e","2024-06-28T17:15:00.000","1","DRIVER",,"1764893",,"JEEP","WRANGLER","IL","2020","UNKNOWN","SPORT UTILITY VEHICLE (SUV)","UNKNOWN/NA","S","STRAIGHT AHEAD",,,"1",,,,,,,,,,,,,,,,,"Y","UNKNOWN",,,,,,,,,,,,,,,,,,,,,,,,,,,,,,,,,