"crash_unit_id","crash_record_id","crash_date","unit_no","unit_type","num_passengers","vehicle_id","cmrc_veh_i","make","model","lic_plate_state","vehicle_year","vehicle_defect","vehicle_type","vehicle_use","travel_direction","maneuver","towed_i","fire_i","occupant_cnt","exceed_speed_limit_i","towed_by","towed_to","area_00_i","area_01_i","area_02_i","area_03_i","area_04_i","area_05_i","area_06_i","area_07_i","area_08_i","area_09_i","area_10_i","area_11_i","area_12_i","area_99_i","first_contact_point","cmv_id","usdot_no","ccmc_no","ilcc_no","commercial_src","gvwr","carrier_name","carrier_state","carrier_city","hazmat_placards_i","hazmat_name","un_no","hazmat_present_i","hazmat_report_i","hazmat_report_no","mcs_report_i","mcs_report_no","hazmat_vio_cause_crash_i","mcs_vio_cause_crash_i","idot_permit_no","wide_load_i","trailer1_width","trailer2_width","trailer1_length","trailer2_length","total_vehicle_length","axle_cnt","vehicle_config","cargo_body_type","load_type","hazmat_out_of_service_i","mcs_out_of_service_i","hazmat_class"
"1852679","149f33fc92416d4838c75ba41e26579b099f59c6efead00dba09798d0781736424d58c5b152169c31e3a187b48e30159923a4ec52b69a3da0eb86e179f40972e","2024-06-28T17:15:00.000","2","DRIVER",,"1764931",,"NISSAN","ROGUE","IL","2020","UNKNOWN","PASSENGER","PERSONAL","S","TURNING LEFT",,,"1",,,,,,,,"Y","Y","Y","Y","Y",,,,,,"TOTAL (ALL AREAS)",,,,,,,,,,,,,,,,,,,,,,,,,,,,,,,,,
"1852491","4885eb25700ce8cd2e7cdba5e940c2fe101798129e3480931ab2595c1a50752c109ecf89d475c52fb0314d31e2f7be4e02055cb1cae72e1f6e61b91a483ee5ea","2024-06-28T17:10:00.000","2","PARKED","2","1764728",,"PONTIAC","ACADIAN","IL","2006","UNKNOWN","PASSENGER","PERSONAL","UNKNOWN","PARKED",,,"2",,,,,,,,,,,"Y",,,,,,,"UNKNOWN",,,,,,,,,,,,,,,,,,,,,,,,,,,,,,,,,
"1852497","4885eb25700ce8cd2e7cdba5e940c2fe101798129e3480931ab2595c1a50752c109ecf89d475c52fb0314d31e2f7be4e02055cb1cae72e1f6e61b91a483ee5ea","2024-06-28T17:10:00.000","1","DRIVER","1","1764703",,"CHEVROLET","MALIBU","IL","2010","NONE","PASSENGER","PERSONAL","S","BACKING",,,"2",,,,"Y",,,,,,,,,,,,,,"REAR",,,,,,,,,,,,,,,,,,,,,,,,,,,,,,,,,
"1852487","1f1d766fdb8931635796c914e95b6030e47a394d6cb726ab24922937aa3c1bcacf5241c3d26c3fcd446bc63defe003618d41aa7c6264c75f28c6cfa65268beb8","2024-06-28T17:04:00.000","1","DRIVER",,"1764690",,"CHEVROLET","CAMARO","IL","2017","NONE","PASSENGER","PERSONAL","N","TURNING RIGHT",,,"1",,,,,"N",,,,,,,,,"Y","Y",,"Y","FRONT-LEFT-CORNER",,,,,,,,,,,,,,,,,,,,,,,,,,,,,,,,,
"1852488","1f1d766fdb8931635796c914e95b6030e47a394d6cb726ab24922937aa3c1bcacf5241c3d26c3fcd446bc63defe003618d41aa7c6264c75f28c6cfa65268beb8","2024-06-28T17:04:00.000","2","DRIVER","1","1764706",,"FORD","TRANSIT","IL","2015","NONE","VAN/MINI-VAN","PERSONAL","N","TURNING RIGHT",,,"2",,,,,"Y","Y",,,,,,,,,,,"Y","FRONT-RIGHT-CORNER",,,,,,,,,,,,,,,,,,,,,,,,,,,,,,,,,
"1852475","d5b6768b0832c2ee7ea3b1e92a70d5c3aea5464b9e8176c8aa2bb667ac70e9eca65c757ff75e66b915e16a0bd829d1f3e8f935f0a04cb0a9223c205e8e162dbb","2024-06-28T17:00:00.000","1","DRIVER",,"1764684",,"HYUNDAI","SONATA","IL","2015","UNKNOWN","PASSENGER","UNKNOWN/NA","E","STRAIGHT AHEAD",,,"1",,,,,"Y",,,,,,,,,,,,,"FRONT-RIGHT-CORNER",,,,,,,,,,,,,,,,,,,,,,,,,,,,,,,,,
"1852476","d5b6768b0832c2ee7ea3b1e92a70d5c3aea5464b9e8176c8aa2bb667ac70e9eca65c757ff75e66b915e16a0bd829d1f3e8f935f0a04cb0a9223c205e8e162dbb","2024-06-28T17:00:00.000","2","DRIVER",,"1764692",,"LEXUS","RX350","IL","2012","UNKNOWN","SPORT UTILITY VEHICLE (SUV)","UNKNOWN/NA","N","STRAIGHT AHEAD",,,"1",,,,,"Y",,,,,,,,,,"Y",,,"FRONT-LEFT-CORNER",,,,,,,,,,,,,,,,,,,,,,,,,,,,,,,,,
"1852477","d5b6768b0832c2ee7ea3b1e92a70d5c3aea5464b9e8176c8aa2bb667ac70e9eca65c757ff75e66b915e16a0bd829d1f3e8f935f0a04cb0a9223c205e8e162dbb","2024-06-28T17:00:00.000","3","DRIVER",,"1764705",,"HYUNDAI","SANTA FE","IL","2013","UNKNOWN","SPORT UTILITY VEHICLE (SUV)","UNKNOWN/NA","W","SLOW/STOP IN TRAFFIC","Y",,"1",,,,,,,,,,,,,,,"Y",,,"FRONT-LEFT-CORNER",,,,,,,,,,,,,,,,,,,,,,,,,,,,,,,,,
"1852515","eeffc46a020e4c6fba15ebc1141ae2b583d8dd5f46888f22f4b8497310e68068814bfe9ed3780e67866406db1dbe949972735f52d8356703d3f55de1205f9370","2024-06-28T17:00:00.000","1","DRIVER",,"1764719",,"DODGE","OTHER (EXPLAIN IN NARRATIVE)","IL","2017","UNKNOWN","VAN/MINI-VAN","PERSONAL","N","STRAIGHT AHEAD",,,"1",,,,,,,,,,,,,,,,"Y",,"FRONT",,,,,,,,,,,,,,,,,,,,,,,,,,,,,,,,,
"1852516","eeffc46a020e4c6fba15ebc1141ae2b583d8dd5f46888f22f4b8497310e68068814bfe9ed3780e67866406db1dbe949972735f52d8356703d3f55de1205f9370","2024-06-28T17:00:00.000","2","PARKED",,"1764727",,"HYUNDAI","SONATA","IL","2011","UNKNOWN","PASSENGER","PERSONAL","N","PARKED",,,"0",,,,,,,,,,"Y",,,,,,,,"REAR",,,,,,,,,,,,,,,,,,,,,,,,,,,,,,,,,
"1852470","cd251277f205fca72df34318b0906932c129cf5243e57d6121fa80584bea4e070dee3328cc369f9ba25a1bb49b81570e3f4d3f94625431d9a1ec9cae861d330e","2024-06-28T16:56:00.000","1","DRIVER",,"1764673",,"CHEVROLET","MALIBU",,"2009","UNKNOWN","PASSENGER","UNKNOWN/NA","S","STRAIGHT AHEAD",,,"1",,,,,,,,,,,,,,,,,"Y","FRONT",,,,,,,,,,,,,,,,,,,,,,,,,,,,,,,,,
"1852471","cd251277f205fca72df34318b0906932c129cf5243e57d6121fa80584bea4e070dee3328cc369f9ba25a1bb49b81570e3f4d3f94625431d9a1ec9cae861d330e","2024-06-28T16:56:00.000","2","DRIVER",,"1764686",,"NISSAN","ALTIMA","IL","2015","NONE","PASSENGER","PERSONAL","S","SLOW/STOP IN TRAFFIC",,,"1",,,,,,,,,"Y","Y","Y",,,,,,,"REAR",,,,,,,,,,,,,,,,,,,,,,,,,,,,,,,,,
"1852480","d4cd5b7b0f936caba4ab2a2d50a478c3abde28d735e9d66beba2b608f33f11dd5244ed4fe287c1063ed578663535c5d9e85f76574b762ffa2ab368bcc8c8124b","2024-06-28T16:56:00.000","1","DRIVER",,"1764701",,"HONDA","CIVIC","IL","2013","NONE","PASSENGER","PERSONAL","W","ENTERING TRAFFIC LANE FROM PARKING",,,"1",,,,,,,,,,,,,,,"Y",,,"FRONT-LEFT-CORNER",,,,,,,,,,,,,,,,,,,,,,,,,,,,,,,,,
"1852481","d4cd5b7b0f936caba4ab2a2d50a478c3abde28d735e9d66beba2b608f33f11dd5244ed4fe287c1063ed578663535c5d9e85f76574b762ffa2ab368bcc8c8124b","2024-06-28T16:56:00.000","2","DRIVER",,"1764714",,"FORD","ESCAPE","IL","2022","NONE","PASSENGER","PERSONAL","W","STRAIGHT AHEAD",,,"1",,,,,,,"Y","Y",,,,,,,,,,"SIDE-RIGHT-REAR",,,,,,,,,,,,,,,,,,,,,,,,,,,,,,,,,
"1852485","d480bafbbad81371ce8081c1fc5bac9534ecf481ce78cd085228eb0bac7229fad30b8b29fd412aae28ae8570d793e8a2acf71628cf9140e3d604f5b99a5701d6","2024-06-28T16:50:00.000","1","DRIVER",,"1764694",,"LEXUS","IS250","IL","2012","UNKNOWN","PASSENGER","PERSONAL","S","TURNING LEFT",,,"1",,,,,"Y","Y",,,,,,,,,,,,"UNKNOWN",,,,,,,,,,,,,,,,,,,,,,,,,,,,,,,,,
"1852486","d480bafbbad81371ce8081c1fc5bac9534ecf481ce78cd085228eb0bac7229fad30b8b29fd412aae28ae8570d793e8a2acf71628cf9140e3d604f5b99a5701d6","2024-06-28T16:50:00.000","2","DRIVER",,"1764715",,"TOYOTA","CAMRY","IL","2012","UNKNOWN","PASSENGER","PERSONAL","S","STRAIGHT AHEAD",,,"1",,,,,,,,,,,,,"Y","Y",,,,"UNKNOWN",,,,,,,,,,,,,,,,,,,,,,,,,,,,,,,,,
"1852474","dda48097deb7462645b6e431fa137a9c7cda5c8ef201065a03b7bf372f19519faf637c6d044d207c968be60529da48d4422a77449441180fe413b0391c81bd2a","2024-06-28T16:50:00.000","1","DRIVER",,"1764699",,"FORD","TRANSIT","IL","2021","NONE","PICKUP","OTHER","E","STRAIGHT AHEAD",,,"1",,,,,"Y","Y","Y","Y","Y",,,,,,,,,"FRONT-RIGHT-CORNER",,,,,,,,,,,,,,,,,,,,,,,,,,,,,,,,,
"1852513","b466a0bcd25dd4e2cb81528b30227a20411c618ab4a4bb919e51e93a01a64f203d12b26705aa18c1bfb17a3a40c43cf8879d6023b8a632da8b14080d8af0adbd","2024-06-28T16:46:00.000","1","DRIVER",,"1764712",,"UNKNOWN","OTHER (EXPLAIN IN NARRATIVE)","IL",,"UNKNOWN","UNKNOWN/NA","UNKNOWN/NA","UNKNOWN","UNKNOWN/NA",,,"1",,,,,,,,,,,,,,,,,"Y","UNKNOWN",,,,,,,,,,,,,,,,,,,,,,,,,,,,,,,,,
"1852514","b466a0bcd25dd4e2cb81528b30227a20411c618ab4a4bb919e51e93a01a64f203d12b26705aa18c1bfb17a3a40c43cf8879d6023b8a632da8b14080d8af0adbd","2024-06-28T16:46:00.000","2","PARKED",,"1764717",,"GENERAL MOTORS CORPORATION (GMC)","TERRAIN","IL","2020","UNKNOWN","PASSENGER","PERSONAL","W","PARKED",,,"0",,,,,,,,,,"Y","Y","Y",,,,,,"REAR-LEFT-CORNER",,,,,,,,,,,,,,,,,,,,,,,,,,,,,,,,,
"1852451","b73284ce9e4f4f3b33af24d642a1951fd612aee8048ed8383c554d3983497d1b96a3f3725f23b0ff560bb11dd708c3f5244f1c8cfcc313a9ae94f7b768a5bef5","2024-06-28T16:46:00.000","1","DRIVER",,"1764660",,"JEEP","COMPASS","FL","2019","UNKNOWN","PASSENGER","PERSONAL","S","STRAIGHT AHEAD",,,"1",,,,,,,,,,,,,,,,,"Y","FRONT",,,,,,,,,,,,,,,,,,,,,,,,,,,,,,,,,
"1852452","b73284ce9e4f4f3b33af24d642a1951fd612aee8048ed8383c554d3983497d1b96a3f3725f23b0ff560bb11dd708c3f5244f1c8cfcc313a9ae94f7b768a5bef5","2024-06-28T16:46:00.000","2","DRIVER",,"1764647",,"HYUNDAI","SANTA FE",,"2017","UNKNOWN","PASSENGER","PERSONAL","S","SLOW/STOP IN TRAFFIC",,,"1",,,,,,,,,"Y","Y","Y",,,,,,,"REAR",,,,,,,,,,,,,,,,,,,,,,,,,,,,,,,,,
"1852461","163668cee01639c290ff87ed37cb80eacf9b14fe6f0fbb2395f771a247748ed719a7d318226f673951ba1810bf9598ee052098e06b40b0d5fdf3a65b818f5b32","2024-06-28T16:45:00.000","1","DRIVER",,"1764669",,"CHEVROLET","EQUINOX","IL","2016","UNKNOWN","PASSENGER","UNKNOWN/NA","E","TURNING LEFT",,,"1",,,,"Y",,,,,,,,,,,,,,"FRONT-LEFT-CORNER",,,,,,,,,,,,,,,,,,,,,,,,,,,,,,,,,
"1852462","163668cee01639c290ff87ed37cb80eacf9b14fe6f0fbb2395f771a247748ed719a7d318226f673951ba1810bf9598ee052098e06b40b0d5fdf3a65b818f5b32","2024-06-28T16:45:00.000","2","PEDESTRIAN",,,,,,,,,,,,,,,,,,,,,,,,,,,,,,,,,,,,,,,,,,,,,,,,,,,,,,,,,,,,,,,,,,
"1852449","2ef30d3b2417805fc470858afd8b2a0c313ba73be51b60f343e3b8adf1598f40f0454cc72f10fb7218dba4555309940c779e59a52d7387e24466129e112f6b12","2024-06-28T16:45:00.000","1","DRIVER","2","1764643",,"JEEP","CHEROKEE","IL","2014","UNKNOWN","PASSENGER","UNKNOWN/NA","W","PASSING/OVERTAKING",,,"3",,,,,,,,,,,,,"Y","Y","Y",,,"SIDE-LEFT",,,,,,,,,,,,,,,,,,,,,,,,,,,,,,,,,
"1852450","2ef30d3b2417805fc470858afd8b2a0c313ba73be51b60f343e3b8adf1598f40f0454cc72f10fb7218dba4555309940c779e59a52d7387e24466129e112f6b12","2024-06-28T16:45:00.000","2","DRIVER",,"1764667",,"FORD","TRANSIT","IL","2020","UNKNOWN","OTHER","OTHER","W","STRAIGHT AHEAD",,,"1",,,,,"Y","Y",,,,,,,,,,,,"FRONT-RIGHT-CORNER",,,,,,,,,,,,,,,,,,,,,,,,,,,,,,,,,
"1852411","04613d0b6e952797ef2a5bdd619388b57bc8d2bfb6a5df61dca214464496d76da598a47fdc8d479bef5a29fd8f542ac63b01723cca53c2561a1198dc9cf2ff30","2024-06-28T16:40:00.000","1","DRIVER",,"1764623","Y","VOLVO","OTHER (EXPLAIN IN NARRATIVE)","XX",,"NONE","TRACTOR W/ SEMI-TRAILER","COMMERCIAL - MULTI-UNIT","N","TURNING LEFT",,,"1",,,,,,,,,,,,,,,,,,"SIDE-RIGHT","19541","584107",,,,,"TEAM LOGISTICS","XX","AYR",,,,"U","U",,"U",,"U","U",,,,,,,,,"TRACTOR/SEMI-TRAILER",,,"N","N",
"1852412","04613d0b6e952797ef2a5bdd619388b57bc8d2bfb6a5df61dca214464496d76da598a47fdc8d479bef5a29fd8f542ac63b01723cca53c2561a1198dc9cf2ff30","2024-06-28T16:40:00.000","2","DRIVER",,"1764627",,"CHEVROLET","EXPRESS","IL","2013","UNKNOWN","VAN/MINI-VAN","CONSTRUCTION/MAINTENANCE","SE","STRAIGHT AHEAD",,,"1",,,,,,,,,,,"Y","Y",,,,,,"SIDE-LEFT-REAR",,,,,,,,,,,,,,,,,,,,,,,,,,,,,,,,,
"1852472","b1eac1ae85c3d1977630666fdbd4647fce7c6e8c2c6cf7262474a3ea402b3d6d54dbe8e057d27924f445d754fa7a6d0caa55609153db58911322e3200138eb54","2024-06-28T16:40:00.000","1","BICYCLE",,,,,,,,,,,,,,,,,,,,,,,,,,,,,,,,,,,,,,,,,,,,,,,,,,,,,,,,,,,,,,,,,,
"1852473","b1eac1ae85c3d1977630666fdbd4647fce7c6e8c2c6cf7262474a3ea402b3d6d54dbe8e057d27924f445d754fa7a6d0caa55609153db58911322e3200138eb54","2024-06-28T16:40:00.000","2","DRIVER","1","1764749",,"UNKNOWN","OTHER (EXPLAIN IN NARRATIVE)","IL",,"NONE","MOPED OR MOTORIZED BICYCLE","PERSONAL","W","STRAIGHT AHEAD",,,"2",,,,,"Y",,,,,,,,,,"Y","Y",,"FRONT",,,,,,,,,,,,,,,,,,,,,,,,,,,,,,,,,
"1852457","486608e3441663d487cd9e3f96514a7d783d5b75ea66a032941703cba7c8d7d122f0966693f60a332d7e80238717c33cd587f257a0757097efb61072fc4f791f","2024-06-28T16:39:00.000","1","DRIVER",,"1764664",,"SUBARU","FORESTER","IL","2013","NONE","SPORT UTILITY VEHICLE (SUV)","PERSONAL","E","TURNING LEFT","Y",,"1",,"AAA TOWING SERVICE","3756 N PULASKI (GRACE AUTO)",,"Y",,,,,,,,,,"Y","Y",,"FRONT",,,,,,,,,,,,,,,,,,,,,,,,,,,,,,,,,
"1852458","486608e3441663d487cd9e3f96514a7d783d5b75ea66a032941703cba7c8d7d122f0966693f60a332d7e80238717c33cd587f257a0757097efb61072fc4f791f","2024-06-28T16:39:00.000","2","DRIVER",,"1764668",,"CHEVROLET","CRUZE","IL","2014","NONE","PASSENGER","PERSONAL","N","STRAIGHT AHEAD",,,"1",,,,,,,,,,,,,"Y","Y",,,,"SIDE-LEFT",,,,,,,,,,,,,,,,,,,,,,,,,,,,,,,,,
"1852453","16e7676c7621029112c92e8ab21577dbfdfd20a0137644c8e619ed32159b401e646162ced588f43440927ca876625ab2b5eae51e4395bfba9dc7caf76c0d01fd","2024-06-28T16:35:00.000","1","DRIVER",,"1764638",,"FORD","ECONOLINE E350","IL","2000","NONE","VAN/MINI-VAN","PERSONAL","S","CHANGING LANES",,,"1",,,,,"Y",,,,,,,,,,,,,"FRONT-RIGHT-CORNER",,,,,,,,,,,,,,,,,,,,,,,,,,,,,,,,,
"1852454","16e7676c7621029112c92e8ab21577dbfdfd20a0137644c8e619ed32159b401e646162ced588f43440927ca876625ab2b5eae51e4395bfba9dc7caf76c0d01fd","2024-06-28T16:35:00.000","2","DRIVER",,"1764646",,"AUDI","A6","IL","2016","NONE","PASSENGER","PERSONAL","S","SLOW/STOP IN TRAFFIC",,,"1",,,,,,,,,,,"Y",,,,,,,"SIDE-LEFT-REAR",,,,,,,,,,,,,,,,,,,,,,,,,,,,,,,,,
"1852416","c842b20c9954135746659e8c4c7597f2d58af99c67da436fc90394776a51990a631bc8c1089d5c8ce0c6d2cd8ae27a5c798ffdeaf478f9c51167bfa486aacf71","2024-06-28T16:34:00.000","1","DRIVER",,"1764625",,"UNKNOWN","OTHER (EXPLAIN IN NARRATIVE)","IL",,"UNKNOWN","PICKUP","UNKNOWN/NA","W","STRAIGHT AHEAD",,,"1",,,,,,,,,,,,,,,"N",,,"UNKNOWN",,,,,,,,,,,,,,,,,,,,,,,,,,,,,,,,,
"1852417","c842b20c9954135746659e8c4c7597f2d58af99c67da436fc90394776a51990a631bc8c1089d5c8ce0c6d2cd8ae27a5c798ffdeaf478f9c51167bfa486aacf71","2024-06-28T16:34:00.000","2","DRIVER",,"1764663",,"ELDER TRAILER & BODY","ELDER TRAILER & BODY","IL","2013","NONE","BUS OVER 15 PASS.","OTHER","W","STRAIGHT AHEAD",,,"1",,,,,,,,,,,,,,,"Y",,,"SIDE-LEFT",,,,,,,,,,,,,,,,,,,,,,,,,,,,,,,,,
"1852468","500ad29e125cf7595eca4de8f333aebfc781301411f411bb3b3896104393357458a9e850b1c00de3147ce2543e29cbb9ef15b62ca41ba12719760236a28086c1","2024-06-28T16:32:00.000","1","DRIVER",,"1764670",,"UNKNOWN","OTHER (EXPLAIN IN NARRATIVE)",,,"UNKNOWN","SPORT UTILITY VEHICLE (SUV)","UNKNOWN/NA","S","PASSING/OVERTAKING",,,"1",,,,,"Y","Y",,,,,,,,,,,,"SIDE-RIGHT-FRONT",,,,,,,,,,,,,,,,,,,,,,,,,,,,,,,,,
"1852469","500ad29e125cf7595eca4de8f333aebfc781301411f411bb3b3896104393357458a9e850b1c00de3147ce2543e29cbb9ef15b62ca41ba12719760236a28086c1","2024-06-28T16:32:00.000","2","DRIVER","1","1764678",,"NISSAN","PATHFINDER","IL","2011","NONE","SPORT UTILITY VEHICLE (SUV)","PERSONAL","S","STRAIGHT AHEAD",,,"2",,,,,,,,,,,"Y","Y","Y",,,,,"SIDE-LEFT",,,,,,,,,,,,,,,,,,,,,,,,,,,,,,,,,
"1852455","09ade155c5e430e20ccb6beb21fb89dc56697e734c0dbbc9a1bec4a9e92ed5e6d5eb18d18ad943a9aeca578d65b1629580f41108fd9558032ce63d3ceb118a20","2024-06-28T16:30:00.000","1","DRIVER",,"1764652",,"INFINITI","FX35","IL","2009","NONE","PASSENGER","PERSONAL","W","PASSING/OVERTAKING",,,"1",,,,,,,,,,,,,,,,,"Y","FRONT",,,,,,,,,,,,,,,,,,,,,,,,,,,,,,,,,
"1852456","09ade155c5e430e20ccb6beb21fb89dc56697e734c0dbbc9a1bec4a9e92ed5e6d5eb18d18ad943a9aeca578d65b1629580f41108fd9558032ce63d3ceb118a20","2024-06-28T16:30:00.000","2","DRIVER",,"1764672",,"NISSAN","ALTIMA","IL","2016","BRAKES","PASSENGER","PERSONAL","W","SLOW/STOP IN TRAFFIC",,,"1",,,,,,,,,,"Y",,,,,,,,"REAR",,,,,,,,,,,,,,,,,,,,,,,,,,,,,,,,,
"1852418","978cf30e14efcc4179894a7084d2c9ad34405797c65b891b6d008f624d96ffe00f9f8069e5aca6688ef34d844dd7709a21e9dbc060ef93cf131713b7fa84258c","2024-06-28T16:30:00.000","1","DRIVER",,"1764636",,"HYUNDAI","TUCSON","IL","2018","NONE","PASSENGER","PERSONAL","E","STRAIGHT AHEAD",,,"1",,,,,,,,,,,,"Y","Y","Y",,,,"SIDE-LEFT",,,,,,,,,,,,,,,,,,,,,,,,,,,,,,,,,
"1852419","978cf30e14efcc4179894a7084d2c9ad34405797c65b891b6d008f624d96ffe00f9f8069e5aca6688ef34d844dd7709a21e9dbc060ef93cf131713b7fa84258c","2024-06-28T16:30:00.000","2","DRIVER",,"1764651",,"TOYOTA","COROLLA","IL","2011","NONE","PASSENGER","PERSONAL","S","TURNING LEFT",,,"1",,,,,"Y",,,,,,,,,,"Y","Y",,"FRONT",,,,,,,,,,,,,,,,,,,,,,,,,,,,,,,,,
"1852660","adaf7ef2ba3bcb5e1701f3a179c23a98e408f91ae3bba88850bfa30fcaf028992651dc9806b38646087a2d9b3c952985fd98b848c7ff5662f4c68d09a61631f7","2024-06-28T16:30:00.000","1","DRIVER",,"1764882",,"TOYOTA","CAMRY","SC","2016","UNKNOWN","PASSENGER","PERSONAL","S","STRAIGHT AHEAD",,,"1",,,,,,,,,,,,,,,"Y","Y",,"FRONT-LEFT-CORNER",,,,,,,,,,,,,,,,,,,,,,,,,,,,,,,,,
"1852661","adaf7ef2ba3bcb5e1701f3a179c23a98e408f91ae3bba88850bfa30fcaf028992651dc9806b38646087a2d9b3c952985fd98b848c7ff5662f4c68d09a61631f7","2024-06-28T16:30:00.000","2","DRIVERLESS",,"1764890",,"TOYOTA","C-HR","IL","2008","NONE","PASSENGER","PERSONAL","S","SLOW/STOP IN TRAFFIC",,,"0",,,,,,,,,"Y","Y",,,,,,,,"REAR-RIGHT-CORNER",,,,,,,,,,,,,,,,,,,,,,,,,,,,,,,,,
"1852426","75748b9fc441c1562f38391285d634eaeba8106066a45837dc809214d5c09a12f54fb660abeb8c4e0da83b68d03b4d5443405b8bfb1e316e57ab1f7cee1bc49f","2024-06-28T16:24:00.000","1","DRIVER","3","1764634",,"TOYOTA","RAV4","IL","2017","UNKNOWN","UNKNOWN/NA","UNKNOWN/NA","W","SLOW/STOP IN TRAFFIC",,,"4",,,,,,,,,,,,,,,,"Y",,"FRONT",,,,,,,,,,,,,,,,,,,,,,,,,,,,,,,,,
"1852427","75748b9fc441c1562f38391285d634eaeba8106066a45837dc809214d5c09a12f54fb660abeb8c4e0da83b68d03b4d5443405b8bfb1e316e57ab1f7cee1bc49f","2024-06-28T16:24:00.000","2","DRIVER",,"1764665",,"MAZDA","OTHER (EXPLAIN IN NARRATIVE)","IL","2014","UNKNOWN","UNKNOWN/NA","UNKNOWN/NA","W","UNKNOWN/NA",,,"1",,,,,,,,,,"Y",,,,,,,,"REAR",,,,,,,,,,,,,,,,,,,,,,,,,,,,,,,,,
"1852432","e5fbc834c6bbf34bf96a5d1c685f29bd0404fd625a60f6ba9101fb75af8b901d097b71acaab7174f1c6a12b6ce560f60578be55ce982d4bf12ff418a184dd49b","2024-06-28T16:23:00.000","1","DRIVER",,"1764631",,"TOYOTA","OTHER (EXPLAIN IN NARRATIVE)","IL","2001","UNKNOWN","UNKNOWN/NA","UNKNOWN/NA","W","STRAIGHT AHEAD",,,"1",,,,,,,,,,,,,,,,,"Y","UNKNOWN",,,,,,,,,,,,,,,,,,,,,,,,,,,,,,,,,
"1852433","e5fbc834c6bbf34bf96a5d1c685f29bd0404fd625a60f6ba9101fb75af8b901d097b71acaab7174f1c6a12b6ce560f60578be55ce982d4bf12ff418a184dd49b","2024-06-28T16:23:00.000","2","DRIVER",,"1764640",,"TOYOTA","CAMRY","IL","2014","UNKNOWN","PASSENGER","PERSONAL","W","STRAIGHT AHEAD",,,"1",,,,,"Y",,,,"Y","Y","Y",,,,"Y","Y",,"OTHER",,,,,,,,,,,,,,,,,,,,,,,,,,,,,,,,,
"1852434","e5fbc834c6bbf34bf96a5d1c685f29bd0404fd625a60f6ba9101fb75af8b901d097b71acaab7174f1c6a12b6ce560f60578be55ce982d4bf12ff418a184dd49b","2024-06-28T16:23:00.000","3","DRIVER","1","1764709",,"JEEP","JEEP","IL","2021","UNKNOWN","PASSENGER","UNKNOWN/NA","W","STRAIGHT AHEAD",,,"2",,,,,,,,,,,,,,,,,,"OTHER",,,,,,,,,,,,,,,,,,,,,,,,,,,,,,,,,
"1852511","e58eb9d9bbae1e9e671fc90e74820ec28268924764d3d6fc1cbacbaf9074f2d5da1afbedfd80cdf00825a19508ce0ae5f1014bbe01c683c6239873e5cc49a02f","2024-06-28T16:21:00.000","1","DRIVER",,"1764711",,"TOYOTA","CAMRY","IL","2011","UNKNOWN","AUTOCYCLE","TAXI/FOR HIRE","UNKNOWN","UNKNOWN/NA",,,"1",,,,,,,,,,,,,,,,,"Y","UNKNOWN",,,,,,,,,,,,,,,,,,,,,,,,,,,,,,,,,
"1852512","e58eb9d9bbae1e9e671fc90e74820ec28268924764d3d6fc1cbacbaf9074f2d5da1afbedfd80cdf00825a19508ce0ae5f1014bbe01c683c6239873e5cc49a02f","2024-06-28T16:21:00.000","2","DRIVER",,"1764722",,"HONDA","CR-V","IL","2018","NONE","PASSENGER","PERSONAL","UNKNOWN","STRAIGHT AHEAD",,,"1",,,,,,,,,"Y",,,,,,,,,"REAR-RIGHT-CORNER",,,,,,,,,,,,,,,,,,,,,,,,,,,,,,,,,
"1852466","8c291f2fb742522f6b30d8a783301011a98e04b4eb945fc597617d68b39d19ca1eb061df76f1d653f83890b4925cededb8d8ae88c51aadf2e91d7150a876691d","2024-06-28T16:20:00.000","1","DRIVER","1","1764676",,"JEEP","RENEGADE","IL","2015","NONE","PASSENGER","PERSONAL","E","STRAIGHT AHEAD",,,"2",,,,,"Y",,,,,,,,,,,,,"FRONT-RIGHT-CORNER",,,,,,,,,,,,,,,,,,,,,,,,,,,,,,,,,
"1852467","8c291f2fb742522f6b30d8a783301011a98e04b4eb945fc597617d68b39d19ca1eb061df76f1d653f83890b4925cededb8d8ae88c51aadf2e91d7150a876691d","2024-06-28T16:20:00.000","2","PARKED",,"1764685",,"MERCEDES-BENZ","E300","IL","2019","NONE","PASSENGER","PERSONAL","E","PARKED",,,"0",,,,,,,,,,,,,"Y",,,,,"SIDE-LEFT",,,,,,,,,,,,,,,,,,,,,,,,,,,,,,,,,