"crash_unit_id","crash_record_id","crash_date","unit_no","unit_type","num_passengers","vehicle_id","cmrc_veh_i","make","model","lic_plate_state","vehicle_year","vehicle_defect","vehicle_type","vehicle_use","travel_direction","maneuver","towed_i","fire_i","occupant_cnt","exceed_speed_limit_i","towed_by","towed_to","area_00_i","area_01_i","area_02_i","area_03_i","area_04_i","area_05_i","area_06_i","area_07_i","area_08_i","area_09_i","area_10_i","area_11_i","area_12_i","area_99_i","first_contact_point","cmv_id","usdot_no","ccmc_no","ilcc_no","commercial_src","gvwr","carrier_name","carrier_state","carrier_city","hazmat_placards_i","hazmat_name","un_no","hazmat_present_i","hazmat_report_i","hazmat_report_no","mcs_report_i","mcs_report_no","hazmat_vio_cause_crash_i","mcs_vio_cause_crash_i","idot_permit_no","wide_load_i","trailer1_width","trailer2_width","trailer1_length","trailer2_length","total_vehicle_length","axle_cnt","vehicle_config","cargo_body_type","load_type","hazmat_out_of_service_i","mcs_out_of_service_i","hazmat_class"
"1852911","743f5adace1252f635533f7aa9102fd60f3c78797af1c04d8e3487c9ad13fe5beda4df7b201ea37fad9bbf4353be05cc563d27d74a74a4c4d0cd2f4ec7d55f90","2024-06-28T16:10:00.000","1","DRIVER",,"1765118","Y","UNKNOWN","OTHER (EXPLAIN IN NARRATIVE)","FL",,"UNKNOWN","SINGLE UNIT TRUCK WITH TRAILER","UNKNOWN/NA","N","STRAIGHT AHEAD",,,"1",,,,,,,"N",,,,,,,,,,"Y","SIDE-RIGHT","19548","3147802",,,,"3","DEEP BLUE TRUCKING INC","FL","SORRENTO",,,,"U","N",,"N",,"N","N",,,,,,,,,,,,"N","N",
"1852912","743f5adace1252f635533f7aa9102fd60f3c78797af1c04d8e3487c9ad13fe5beda4df7b201ea37fad9bbf4353be05cc563d27d74a74a4c4d0cd2f4ec7d55f90","2024-06-28T16:10:00.000","2","PARKED","1","1765122",,"GENERAL MOTORS CORPORATION (GMC)","DENALI","IL","2021","UNKNOWN","SPORT UTILITY VEHICLE (SUV)","NOT IN USE","N","PARKED",,,"1",,,,,,,,,,,,,,"Y",,,,"SIDE-LEFT",,,,,,,,,,,,,,,,,,,,,,,,,,,,,,,,,
"1852407","525db27bc470c5e55cc9d03397996b08170f74482245297a90082c7e689d4ca601b53c3f7aedbc27d626a40755e012ff620a5c64e9972c23124e3e4efd42f50f","2024-06-28T16:05:00.000","1","DRIVER",,"1764610",,"NISSAN","VERSA","IL","2016","NONE","PASSENGER","PERSONAL","W","STRAIGHT AHEAD","Y",,"1",,"UNKNOWN","UNKNOWN",,,,,,,,,,,"Y","Y","Y",,"FRONT-LEFT-CORNER",,,,,,,,,,,,,,,,,,,,,,,,,,,,,,,,,
"1852408","525db27bc470c5e55cc9d03397996b08170f74482245297a90082c7e689d4ca601b53c3f7aedbc27d626a40755e012ff620a5c64e9972c23124e3e4efd42f50f","2024-06-28T16:05:00.000","2","PARKED","3","1764619",,"CHEVROLET","SUBURBAN","IL","1999","UNKNOWN","SPORT UTILITY VEHICLE (SUV)","NOT IN USE","UNKNOWN","PARKED",,,"3",,,,,,,,,,,,,,"Y","Y","Y",,"FRONT-LEFT-CORNER",,,,,,,,,,,,,,,,,,,,,,,,,,,,,,,,,
"1852422","ccd92f6fa09e0b56133254b6ef193d11ff18799d21efddf25005295706d234455dd0699001630223296ed47c75c0016439c81878c18a8d581edc8da7222a0635","2024-06-28T16:04:00.000","1","DRIVER",,"1764629",,"NOVA BUS","LFS","IL","2023","UNKNOWN","BUS OVER 15 PASS.","CTA","S","STRAIGHT AHEAD",,,"1",,,,,,,,,"Y",,,,,,,,,"SIDE-RIGHT-REAR",,,,,,,,,,,,,,,,,,,,,,,,,,,,,,,,,
"1852423","ccd92f6fa09e0b56133254b6ef193d11ff18799d21efddf25005295706d234455dd0699001630223296ed47c75c0016439c81878c18a8d581edc8da7222a0635","2024-06-28T16:04:00.000","2","PARKED",,"1764637",,"CHEVROLET","TRAVERSE","IL","2019","UNKNOWN","PASSENGER","NOT IN USE","S","PARKED",,,"0",,,,,,,,,,,,,,"Y","Y",,,"FRONT-LEFT-CORNER",,,,,,,,,,,,,,,,,,,,,,,,,,,,,,,,,
"1852401","308232a0c0e13e14fb66e8bf4bd71e00e04e2fb6b65bed0aa8ee2cb3f59fd39b831721f7cc8029e453341b410ec9f4bbcda68085fcad251d7418868ead730015","2024-06-28T16:00:00.000","1","DRIVER",,"1764618",,"HONDA","ODYSSEY","IL","2001","UNKNOWN","VAN/MINI-VAN","PERSONAL","S","PASSING/OVERTAKING","Y",,"1",,,,,,,,,,,,,,"Y","Y",,,"FRONT-LEFT-CORNER",,,,,,,,,,,,,,,,,,,,,,,,,,,,,,,,,
"1852402","308232a0c0e13e14fb66e8bf4bd71e00e04e2fb6b65bed0aa8ee2cb3f59fd39b831721f7cc8029e453341b410ec9f4bbcda68085fcad251d7418868ead730015","2024-06-28T16:00:00.000","2","DRIVER",,"1764633",,"NISSAN","ALTIMA","IL","2015","UNKNOWN","PASSENGER","PERSONAL","S","STRAIGHT AHEAD",,,"1",,,,,,,,,,,"N","Y",,,,,,"REAR-LEFT-CORNER",,,,,,,,,,,,,,,,,,,,,,,,,,,,,,,,,
"1852376","40b26b81724263bcd33e1229a3dc2c6acac367b649bb1e7e652a695f2d417dd36a58ca516dad7f00473a7aeaee38d74974c5202096b5ddffaad0f3c2fb833d21","2024-06-28T16:00:00.000","1","DRIVER",,"1764582",,"FORD","EDGE","IL","2012","NONE","SPORT UTILITY VEHICLE (SUV)","PERSONAL","S","STRAIGHT AHEAD",,,"1",,,,,"Y",,,,,,,,,,"Y","Y",,"FRONT",,,,,,,,,,,,,,,,,,,,,,,,,,,,,,,,,
"1852377","40b26b81724263bcd33e1229a3dc2c6acac367b649bb1e7e652a695f2d417dd36a58ca516dad7f00473a7aeaee38d74974c5202096b5ddffaad0f3c2fb833d21","2024-06-28T16:00:00.000","2","DRIVER",,"1764585",,"UNKNOWN","MOTORIZED","IL",,"UNKNOWN","UNKNOWN/NA","UNKNOWN/NA","E","STRAIGHT AHEAD",,,"1",,,,,,,,,,,"Y","Y","Y",,,,,"SIDE-LEFT-REAR",,,,,,,,,,,,,,,,,,,,,,,,,,,,,,,,,
"1852397","64966eff32cd32168166bb743a30aa6e239311552fca903f8dc66578454841158d035cc197d4a67f52bdba0cefa1738deb584cf50545f9b48d174ab7ef3ca444","2024-06-28T16:00:00.000","1","DRIVER","5","1764599",,"LEXUS","GX","WI","2015","NONE","SPORT UTILITY VEHICLE (SUV)","PERSONAL","E","CHANGING LANES",,,"6",,,,,"Y",,,,,,,,,,,,,"FRONT-RIGHT-CORNER",,,,,,,,,,,,,,,,,,,,,,,,,,,,,,,,,
"1852398","64966eff32cd32168166bb743a30aa6e239311552fca903f8dc66578454841158d035cc197d4a67f52bdba0cefa1738deb584cf50545f9b48d174ab7ef3ca444","2024-06-28T16:00:00.000","2","DRIVER",,"1764621",,"CHEVROLET","EQUINOX","IL","2015","NONE","SPORT UTILITY VEHICLE (SUV)","PERSONAL","E","STRAIGHT AHEAD",,,"1",,,,,,,,,,,,,"Y","Y",,,,"SIDE-LEFT",,,,,,,,,,,,,,,,,,,,,,,,,,,,,,,,,
"1852500","64f00f629876597b6adb67c2b976247a7fcff0719b3bb8cd27b85a7366580559cf568b42676d0b4e7e42075f05f5b569c4a60bdf6a6a4d9da2610d23b5f35243","2024-06-28T16:00:00.000","1","DRIVER",,"1764707",,"PONTIAC","GRAND PRIX","IL","2009","NONE","PASSENGER","PERSONAL","S","STRAIGHT AHEAD","Y",,"1",,"SS","POUND 2",,"Y",,,,,,,,,,"Y","Y",,"FRONT",,,,,,,,,,,,,,,,,,,,,,,,,,,,,,,,,
"1852501","64f00f629876597b6adb67c2b976247a7fcff0719b3bb8cd27b85a7366580559cf568b42676d0b4e7e42075f05f5b569c4a60bdf6a6a4d9da2610d23b5f35243","2024-06-28T16:00:00.000","2","DRIVER","1","1764721",,"LEXUS","ES","IL","2017","NONE","PASSENGER","PERSONAL","S","SLOW/STOP IN TRAFFIC",,,"2",,,,,,,,"Y","Y","Y","Y","Y",,,,,,"REAR",,,,,,,,,,,,,,,,,,,,,,,,,,,,,,,,,
"1852498","9d94f47b5a005fd0c09949f426709e8757b2a8390c451aed07d582d73e3c289958cdee6f96e84683d2bf26da68139bcf99da6d24b91cc3103d7b79bf85188452","2024-06-28T16:00:00.000","1","DRIVER",,"1764691",,"CHEVROLET","SILVERADO","IL",,"UNKNOWN","UNKNOWN/NA","UNKNOWN/NA","UNKNOWN","BACKING",,,"1",,,,,,,,,,,,,,,,,"Y","SIDE-LEFT",,,,,,,,,,,,,,,,,,,,,,,,,,,,,,,,,
"1852499","9d94f47b5a005fd0c09949f426709e8757b2a8390c451aed07d582d73e3c289958cdee6f96e84683d2bf26da68139bcf99da6d24b91cc3103d7b79bf85188452","2024-06-28T16:00:00.000","2","PARKED","1","1764702",,"CHEVROLET","TAHOE","IL","2019","NONE","PASSENGER","NOT IN USE","UNKNOWN","PARKED",,,"1",,,,,"Y","Y","Y","Y","Y",,,,,,,,,"SIDE-RIGHT",,,,,,,,,,,,,,,,,,,,,,,,,,,,,,,,,
"1852519","d28797f2b8fff398a9b819a92895877dce5dbbb63a2b595b664e08203e2f2fbfe63073e310824083f0c16825dd46ecb31bfccd84fb63a8f27fce8979fc6e3e5a","2024-06-28T16:00:00.000","1","DRIVER",,"1764718",,"MERCEDES-BENZ","OTHER (EXPLAIN IN NARRATIVE)","WI",,"UNKNOWN","SPORT UTILITY VEHICLE (SUV)","UNKNOWN/NA","S","LEAVING TRAFFIC LANE TO PARK",,,"1",,,,,,,,,,,,,,,,"Y",,"FRONT",,,,,,,,,,,,,,,,,,,,,,,,,,,,,,,,,
"1852520","d28797f2b8fff398a9b819a92895877dce5dbbb63a2b595b664e08203e2f2fbfe63073e310824083f0c16825dd46ecb31bfccd84fb63a8f27fce8979fc6e3e5a","2024-06-28T16:00:00.000","2","PARKED",,"1764723",,"CHEVROLET","IMPALA","IL","2014","NONE","PASSENGER","NOT IN USE","S","PARKED",,,"0",,,,,,,,,,"Y",,,,,,,,"REAR",,,,,,,,,,,,,,,,,,,,,,,,,,,,,,,,,
"1852549","96f7768877dd5dd387a4f960e6843026479e5c802ebf1877ff7dbf52b4d299f52a63f1da052675c67c70b5ebae0fc558bc0567debdcd1ab689b84992b91d9396","2024-06-28T15:57:00.000","1","DRIVER","3","1764774",,"NISSAN","ALTIMA","IL","2009","UNKNOWN","PASSENGER","PERSONAL","W","STRAIGHT AHEAD",,,"4",,,,,"Y",,,,,,,,,,"N","Y",,"FRONT-RIGHT-CORNER",,,,,,,,,,,,,,,,,,,,,,,,,,,,,,,,,
"1852550","96f7768877dd5dd387a4f960e6843026479e5c802ebf1877ff7dbf52b4d299f52a63f1da052675c67c70b5ebae0fc558bc0567debdcd1ab689b84992b91d9396","2024-06-28T15:57:00.000","2","DRIVER","1","1764796",,"NISSAN","MURANO","IL","2011","UNKNOWN","PASSENGER","PERSONAL","S","STRAIGHT AHEAD",,,"2",,,,,,,,,,,,,,,"Y","Y",,"FRONT-LEFT-CORNER",,,,,,,,,,,,,,,,,,,,,,,,,,,,,,,,,
"1852533","9f45d67d712ad6531f1cbba224fec1b5004ccf706d92588fe04684ab6db17b13f86c87864ce492b986da196ad134b2dd0de6e0257ce493c54d218302d79e5109","2024-06-28T15:56:00.000","1","DRIVER",,"1764734",,"BMW","X5","IL","2018","UNKNOWN","SPORT UTILITY VEHICLE (SUV)","PERSONAL","E","PASSING/OVERTAKING",,,"1",,,,,"N","Y",,,,,,,,,,,,"SIDE-RIGHT",,,,,,,,,,,,,,,,,,,,,,,,,,,,,,,,,
"1852534","9f45d67d712ad6531f1cbba224fec1b5004ccf706d92588fe04684ab6db17b13f86c87864ce492b986da196ad134b2dd0de6e0257ce493c54d218302d79e5109","2024-06-28T15:56:00.000","2","DRIVER","1","1764735",,"HONDA","HR-V","IL","2024","UNKNOWN","SPORT UTILITY VEHICLE (SUV)","PERSONAL","E","STRAIGHT AHEAD",,,"2",,,,,,,,,,,,,,"Y","Y",,,"FRONT-LEFT-CORNER",,,,,,,,,,,,,,,,,,,,,,,,,,,,,,,,,
"1852441","2c7862e1a2a0b552b46bfbe6f26f458ec5958ed4da9ed9b41914d38eb182fa9ef9a3a0b7e6f37ab0dcdcbbe97154923c2d4bf76a35de3ebd5999a2c8300f4657","2024-06-28T15:50:00.000","1","DRIVER",,"1764650",,"HYUNDAI","SONATA","IL","2018","UNKNOWN","PASSENGER","PERSONAL","N","STRAIGHT AHEAD",,,"1",,,,,,,,,,,,,,,"Y",,,"FRONT-LEFT-CORNER",,,,,,,,,,,,,,,,,,,,,,,,,,,,,,,,,
"1852442","2c7862e1a2a0b552b46bfbe6f26f458ec5958ed4da9ed9b41914d38eb182fa9ef9a3a0b7e6f37ab0dcdcbbe97154923c2d4bf76a35de3ebd5999a2c8300f4657","2024-06-28T15:50:00.000","2","DRIVER",,"1764662",,"VOLKSWAGEN","JETTA","IL","2019","UNKNOWN","PASSENGER","PERSONAL","S","TURNING LEFT",,,"1",,,,,,,"Y",,,,,,,,,,,"SIDE-RIGHT",,,,,,,,,,,,,,,,,,,,,,,,,,,,,,,,,
"1852443","2c7862e1a2a0b552b46bfbe6f26f458ec5958ed4da9ed9b41914d38eb182fa9ef9a3a0b7e6f37ab0dcdcbbe97154923c2d4bf76a35de3ebd5999a2c8300f4657","2024-06-28T15:50:00.000","3","DRIVER",,"1764677",,"HYUNDAI","ELANTRA","IL","2013","UNKNOWN","PASSENGER","PERSONAL","W","SLOW/STOP IN TRAFFIC",,,"1",,,,,"Y",,,,,,,,,,,,,"FRONT-LEFT-CORNER",,,,,,,,,,,,,,,,,,,,,,,,,,,,,,,,,
"1852444","2c7862e1a2a0b552b46bfbe6f26f458ec5958ed4da9ed9b41914d38eb182fa9ef9a3a0b7e6f37ab0dcdcbbe97154923c2d4bf76a35de3ebd5999a2c8300f4657","2024-06-28T15:50:00.000","4","DRIVER",,"1764698",,"TOYOTA","RAV4","IL","2025","UNKNOWN","SPORT UTILITY VEHICLE (SUV)","PERSONAL","W","SLOW/STOP IN TRAFFIC",,,"1",,,,,,,,,,,,,"Y",,,,,"SIDE-LEFT",,,,,,,,,,,,,,,,,,,,,,,,,,,,,,,,,
"1852521","f8eb6c234189768083677581a6ae0d765c9813e5ad8477e64f54a445fb1a3a24bafb763eaaedb66df5354c940f9ff7731e1e3dc153d2bac8ea29a95de928079a","2024-06-28T15:45:00.000","1","DRIVER",,"1764729",,"VOLKSWAGEN","OTHER (EXPLAIN IN NARRATIVE)","IL","2019","UNKNOWN","PASSENGER","PERSONAL","SE","TURNING LEFT",,,"1",,,,,,,,,,,,,,"Y","Y",,,"FRONT-LEFT-CORNER",,,,,,,,,,,,,,,,,,,,,,,,,,,,,,,,,
"1852522","f8eb6c234189768083677581a6ae0d765c9813e5ad8477e64f54a445fb1a3a24bafb763eaaedb66df5354c940f9ff7731e1e3dc153d2bac8ea29a95de928079a","2024-06-28T15:45:00.000","2","DRIVER",,"1764741",,"HYUNDAI","SONATA","IL","2018","NONE","PASSENGER","PERSONAL","N","STRAIGHT AHEAD",,,"1",,,,,,,,,,,,,,,"Y",,,"FRONT-LEFT-CORNER",,,,,,,,,,,,,,,,,,,,,,,,,,,,,,,,,
"1852523","f8eb6c234189768083677581a6ae0d765c9813e5ad8477e64f54a445fb1a3a24bafb763eaaedb66df5354c940f9ff7731e1e3dc153d2bac8ea29a95de928079a","2024-06-28T15:45:00.000","3","DRIVER",,"1764754",,"HYUNDAI","ELANTRA",,"2013","UNKNOWN","PASSENGER","UNKNOWN/NA","W","STRAIGHT AHEAD",,,"1",,,,,,,,,,,,,,,,,"Y","UNKNOWN",,,,,,,,,,,,,,,,,,,,,,,,,,,,,,,,,
"1852524","f8eb6c234189768083677581a6ae0d765c9813e5ad8477e64f54a445fb1a3a24bafb763eaaedb66df5354c940f9ff7731e1e3dc153d2bac8ea29a95de928079a","2024-06-28T15:45:00.000","4","DRIVER",,"1764761",,"TOYOTA","OTHER (EXPLAIN IN NARRATIVE)","IL","2021","UNKNOWN","PASSENGER","UNKNOWN/NA","UNKNOWN","UNKNOWN/NA",,,"1",,,,,,,,,,,,"Y","Y","Y",,,,"SIDE-LEFT",,,,,,,,,,,,,,,,,,,,,,,,,,,,,,,,,
"1852494","6bb703df0b4d3fb9496c92ca68768e1fa7ca955895d832d4c253b81c81f5ff0d2b65036d5a37be3d0c369aa0ad3985b77a59c78078bb127e6d6124f98f8c00d2","2024-06-28T15:43:00.000","1","DRIVER",,"1764710",,"CHEVROLET","MALIBU","IL","2016","UNKNOWN","PASSENGER","UNKNOWN/NA","W","STRAIGHT AHEAD",,,"1",,,,,,,,,,,,,,,,"Y",,"FRONT",,,,,,,,,,,,,,,,,,,,,,,,,,,,,,,,,
"1852495","6bb703df0b4d3fb9496c92ca68768e1fa7ca955895d832d4c253b81c81f5ff0d2b65036d5a37be3d0c369aa0ad3985b77a59c78078bb127e6d6124f98f8c00d2","2024-06-28T15:43:00.000","2","DRIVER",,"1764700",,"GENERAL MOTORS CORPORATION (GMC)","ACADIA","IL","2017","UNKNOWN","SPORT UTILITY VEHICLE (SUV)","PERSONAL","W","STRAIGHT AHEAD",,,"1",,,,,,,,,,"Y",,,,,,,,"REAR",,,,,,,,,,,,,,,,,,,,,,,,,,,,,,,,,
"1852482","77ed1094ba85d73ba5a521f315baca5d8f7dcb9876db93ee694a65d067e732f6c30618267a3313f6cd94992911839f05c00fe46d9b0b3f37347a4265771ab619","2024-06-28T15:41:00.000","1","DRIVER","1","1764689",,"NISSAN","QUEST","IL","2019","UNKNOWN","PASSENGER","PERSONAL","E","MERGING",,,"2",,,,,,,,,,,,,,"Y","Y","Y",,"FRONT-LEFT-CORNER",,,,,,,,,,,,,,,,,,,,,,,,,,,,,,,,,
"1852483","77ed1094ba85d73ba5a521f315baca5d8f7dcb9876db93ee694a65d067e732f6c30618267a3313f6cd94992911839f05c00fe46d9b0b3f37347a4265771ab619","2024-06-28T15:41:00.000","2","DRIVER",,"1764716",,"CHEVROLET","TRAIL BLAZER","IL","2005","UNKNOWN","PASSENGER","PERSONAL","E","STRAIGHT AHEAD",,,"1",,,,,,,,,"Y","Y","Y",,,,,,,"REAR",,,,,,,,,,,,,,,,,,,,,,,,,,,,,,,,,
"1852484","77ed1094ba85d73ba5a521f315baca5d8f7dcb9876db93ee694a65d067e732f6c30618267a3313f6cd94992911839f05c00fe46d9b0b3f37347a4265771ab619","2024-06-28T15:41:00.000","3","DRIVER",,"1764739",,"JEEP","WRANGLER","IL","2015","UNKNOWN","PASSENGER","PERSONAL","E","STRAIGHT AHEAD",,,"1",,,,,,,,,,,,,,"Y","Y","Y",,"FRONT-LEFT-CORNER",,,,,,,,,,,,,,,,,,,,,,,,,,,,,,,,,
"1852374","254578311aff493c9bae1eee4cd466993d55731c989f8335f361df27b677e94373a56dc7e33cc6d47eeb8e0411343465c6e45ea1555e2ff2f80e35882cce094b","2024-06-28T15:35:00.000","1","DRIVER",,"1764578",,"MITSUBISHI","OUTLANDER","IL","2018","UNKNOWN","SPORT UTILITY VEHICLE (SUV)","UNKNOWN/NA","S","STRAIGHT AHEAD",,,"1",,,,,,"Y",,,,,,,,,,,,"SIDE-RIGHT",,,,,,,,,,,,,,,,,,,,,,,,,,,,,,,,,
"1852375","254578311aff493c9bae1eee4cd466993d55731c989f8335f361df27b677e94373a56dc7e33cc6d47eeb8e0411343465c6e45ea1555e2ff2f80e35882cce094b","2024-06-28T15:35:00.000","2","DRIVER","1","1764584",,"CHEVROLET","TRAVERSE","IL","2016","UNKNOWN","SPORT UTILITY VEHICLE (SUV)","PERSONAL","S","STRAIGHT AHEAD",,,"2",,,,,,,,,,,,"Y","Y","Y",,,,"SIDE-LEFT-REAR",,,,,,,,,,,,,,,,,,,,,,,,,,,,,,,,,
"1852369","de3ec4f7fda1fcf0dcca254e5bc14bcf96226e681d0dd422e99c01dddcdc6774b8eb80ac96de01cddb748e9356b002024d69a6df1eecd9df5bca8b05146e3ea3","2024-06-28T15:35:00.000","1","DRIVER",,"1764601",,"UNKNOWN","OTHER (EXPLAIN IN NARRATIVE)","IL",,"UNKNOWN","SPORT UTILITY VEHICLE (SUV)","UNKNOWN/NA","S","OTHER",,,"1",,,,,,,,,,,,,,,,,"Y","FRONT",,,,,,,,,,,,,,,,,,,,,,,,,,,,,,,,,
"1852370","de3ec4f7fda1fcf0dcca254e5bc14bcf96226e681d0dd422e99c01dddcdc6774b8eb80ac96de01cddb748e9356b002024d69a6df1eecd9df5bca8b05146e3ea3","2024-06-28T15:35:00.000","2","DRIVER",,"1764595",,"GENERAL MOTORS CORPORATION (GMC)","ACADIA","IL","2016","NONE","SPORT UTILITY VEHICLE (SUV)","PERSONAL","S","SLOW/STOP IN TRAFFIC",,,"1",,,,,,,,,"Y","Y","Y",,,,,,,"REAR",,,,,,,,,,,,,,,,,,,,,,,,,,,,,,,,,
"1852371","de3ec4f7fda1fcf0dcca254e5bc14bcf96226e681d0dd422e99c01dddcdc6774b8eb80ac96de01cddb748e9356b002024d69a6df1eecd9df5bca8b05146e3ea3","2024-06-28T15:35:00.000","3","DRIVER",,"1764573",,"TOYOTA","OTHER (EXPLAIN IN NARRATIVE)","IL","2012","NONE","PASSENGER","PERSONAL","S","SLOW/STOP IN TRAFFIC",,,"1",,,,,"Y",,,,,,,,,,"Y","Y",,"FRONT",,,,,,,,,,,,,,,,,,,,,,,,,,,,,,,,,
"1853068","cad8d03b750f150f48526627822a16453f009e9379ce09b12abad8463b82c7c751df21e2a17e1ee6d7b8a16bbb6076fba1a0e6c44d241596711d306bd574df0d","2024-06-28T15:33:00.000","1","DRIVER","1","1765250",,"NISSAN","MAXIMA","IL","2021","UNKNOWN","PASSENGER","PERSONAL","W","STRAIGHT AHEAD","Y",,"2",,"PRIVATE PARTY","UNK",,"Y","Y",,,,,,,,"Y","Y","Y",,"FRONT",,,,,,,,,,,,,,,,,,,,,,,,,,,,,,,,,
"1853069","cad8d03b750f150f48526627822a16453f009e9379ce09b12abad8463b82c7c751df21e2a17e1ee6d7b8a16bbb6076fba1a0e6c44d241596711d306bd574df0d","2024-06-28T15:33:00.000","2","DRIVER",,"1765251",,"ACURA","TLX","IL","2010","NONE","PASSENGER","PERSONAL","SE","STRAIGHT AHEAD","Y",,"1",,"PRIVATE PARTY","UNK",,"Y","Y",,,,,,,,"Y","Y","Y",,"FRONT",,,,,,,,,,,,,,,,,,,,,,,,,,,,,,,,,
"1852884","28b43fed990c16005cb4879e5395f9ff2729bb7dfe430629addd2df7b3454a01b9c05f58d857e719a27eafc339079dd6f5bfcc98963dcabff4aa7489dad4ae8e","2024-06-28T15:30:00.000","1","DRIVER",,"1765085",,"CHRYSLER","OTHER (EXPLAIN IN NARRATIVE)","IL","2009","UNKNOWN","VAN/MINI-VAN","OTHER","W","STRAIGHT AHEAD",,,"1",,,,,"Y",,,,,,,,,,"Y","Y",,"FRONT",,,,,,,,,,,,,,,,,,,,,,,,,,,,,,,,,
"1852885","28b43fed990c16005cb4879e5395f9ff2729bb7dfe430629addd2df7b3454a01b9c05f58d857e719a27eafc339079dd6f5bfcc98963dcabff4aa7489dad4ae8e","2024-06-28T15:30:00.000","2","PARKED",,"1765087",,"JEEP","COMPASS","IL","2023","NONE","PASSENGER","NOT IN USE","W","PARKED",,,"0",,,,,,,,,"Y","Y","Y",,,,,,,"REAR",,,,,,,,,,,,,,,,,,,,,,,,,,,,,,,,,
"1852445","e10d5c769b389a69feb55ccb07cb8722150e20acaceccc4a76a41fbb571494fffe76ba7170409efd7ef6a17698a6999ccc08cfac58bcada95216fa8ba8d31dba","2024-06-28T15:30:00.000","1","DRIVER","2","1764653",,"KIA","OTHER (EXPLAIN IN NARRATIVE)","IL","2016","UNKNOWN","PASSENGER","PERSONAL","W","STRAIGHT AHEAD",,,"3",,,,,"Y",,,,,,,,,,"Y","Y",,"FRONT-LEFT-CORNER",,,,,,,,,,,,,,,,,,,,,,,,,,,,,,,,,
"1852446","e10d5c769b389a69feb55ccb07cb8722150e20acaceccc4a76a41fbb571494fffe76ba7170409efd7ef6a17698a6999ccc08cfac58bcada95216fa8ba8d31dba","2024-06-28T15:30:00.000","2","DRIVER",,"1764679",,"CADILLAC","OTHER (EXPLAIN IN NARRATIVE)","IL","2009","UNKNOWN","PASSENGER","PERSONAL","W","STRAIGHT AHEAD",,,"1",,,,,"Y","Y",,"Y","Y",,,,,,,,,"FRONT-RIGHT-CORNER",,,,,,,,,,,,,,,,,,,,,,,,,,,,,,,,,
"1852507","9773eb41297f72a361f4d5376593f93d18944c0c365f83ed1eb880938cc99413972a4d3fa9a64c639c5210f15be8eb23d8fdc13b736dc03f84d9c7df26a52539","2024-06-28T15:20:00.000","1","PEDESTRIAN",,,,,,,,,,,,,,,,,,,,,,,,,,,,,,,,,,,,,,,,,,,,,,,,,,,,,,,,,,,,,,,,,,
"1852508","9773eb41297f72a361f4d5376593f93d18944c0c365f83ed1eb880938cc99413972a4d3fa9a64c639c5210f15be8eb23d8fdc13b736dc03f84d9c7df26a52539","2024-06-28T15:20:00.000","2","DRIVER",,"1764753",,"CHEVROLET","MALIBU","IL","2011","UNKNOWN","PASSENGER","PERSONAL","W","TURNING LEFT",,,"1",,,,,"Y","Y",,,,,,,,,,,,"FRONT-RIGHT-CORNER",,,,,,,,,,,,,,,,,,,,,,,,,,,,,,,,,
"1853086","d35525b3ead328f8c2a856cf902acebfcaf12fc939acae481e3879faa61d91fe8b83343f3329df2d1fab9017fbbb57f05033f25d0278e403c868f4b062dc901f","2024-06-28T15:20:00.000","1","DRIVER",,"1765276",,"CHEVROLET","MONTE CARLO","IL","2006","NONE","PASSENGER","PERSONAL","W","STRAIGHT AHEAD",,,"1",,,,,,,,,,,,,,,,,"Y","FRONT",,,,,,,,,,,,,,,,,,,,,,,,,,,,,,,,,
"1853087","d35525b3ead328f8c2a856cf902acebfcaf12fc939acae481e3879faa61d91fe8b83343f3329df2d1fab9017fbbb57f05033f25d0278e403c868f4b062dc901f","2024-06-28T15:20:00.000","2","DRIVER",,"1765285",,"FORD","ESCAPE","IL","2020","NONE","SPORT UTILITY VEHICLE (SUV)","PERSONAL","W","SLOW/STOP IN TRAFFIC",,,"1",,,,,,,,,,"Y",,,,,,,,"REAR",,,,,,,,,,,,,,,,,,,,,,,,,,,,,,,,,
"1852357","033590ccc92629128319025b9447922ba05b1912942810f1e19eb095092540499fe18448b6e13ec900a28c62555c6d52fc3f900b3f9081792ff589edd5c009c5","2024-06-28T15:15:00.000","1","DRIVER",,"1764566",,"CADILLAC","ESCALADE","IL",,"NONE","PASSENGER","TAXI/FOR HIRE","S","BACKING",,,"1",,,,,"Y","Y",,,,,,,,,,,,"FRONT-RIGHT-CORNER",,,,,,,,,,,,,,,,,,,,,,,,,,,,,,,,,
"1852358","033590ccc92629128319025b9447922ba05b1912942810f1e19eb095092540499fe18448b6e13ec900a28c62555c6d52fc3f900b3f9081792ff589edd5c009c5","2024-06-28T15:15:00.000","2","DRIVER",,"1764574",,"VOLVO","S90","IL",,"NONE","PASSENGER","TAXI/FOR HIRE","S","STRAIGHT AHEAD",,,"1",,,,,,,,,,,"Y","Y","Y",,,,,"SIDE-LEFT-REAR",,,,,,,,,,,,,,,,,,,,,,,,,,,,,,,,,