"crash_unit_id","crash_record_id","crash_date","unit_no","unit_type","num_passengers","vehicle_id","cmrc_veh_i","make","model","lic_plate_state","vehicle_year","vehicle_defect","vehicle_type","vehicle_use","travel_direction","maneuver","towed_i","fire_i","occupant_cnt","exceed_speed_limit_i","towed_by","towed_to","area_00_i","area_01_i","area_02_i","area_03_i","area_04_i","area_05_i","area_06_i","area_07_i","area_08_i","area_09_i","area_10_i","area_11_i","area_12_i","area_99_i","first_contact_point","cmv_id","usdot_no","ccmc_no","ilcc_no","commercial_src","gvwr","carrier_name","carrier_state","carrier_city","hazmat_placards_i","hazmat_name","un_no","hazmat_present_i","hazmat_report_i","hazmat_report_no","mcs_report_i","mcs_report_no","hazmat_vio_cause_crash_i","mcs_vio_cause_crash_i","idot_permit_no","wide_load_i","trailer1_width","trailer2_width","trailer1_length","trailer2_length","total_vehicle_length","axle_cnt","vehicle_config","cargo_body_type","load_type","hazmat_out_of_service_i","mcs_out_of_service_i","hazmat_class"
"1852428","2577f0092340dfab02964d1bdb22b587759cf16f4372c18909858e0d0eca168799c3f8c08a11206d4e2076789cb3bfbc57a7f803863e69c9c41f93e7420746b2","2024-06-28T15:15:00.000","1","DRIVER",,"1764632",,"TESLA","MODEL S","IL","2018","UNKNOWN","PASSENGER","PERSONAL","E","STRAIGHT AHEAD",,,"1",,,,,,"Y","Y","Y",,,,,,,,,,"TOTAL (ALL AREAS)",,,,,,,,,,,,,,,,,,,,,,,,,,,,,,,,,
"1852429","2577f0092340dfab02964d1bdb22b587759cf16f4372c18909858e0d0eca168799c3f8c08a11206d4e2076789cb3bfbc57a7f803863e69c9c41f93e7420746b2","2024-06-28T15:15:00.000","2","DRIVER","1","1764644",,"TOYOTA","COROLLA","IL","2009","UNKNOWN","PASSENGER","PERSONAL","UNKNOWN","BACKING","Y",,"2",,,,,,,,,,"Y",,,,,,,,"REAR",,,,,,,,,,,,,,,,,,,,,,,,,,,,,,,,,
"1852447","70f667fd50a93ed38fb424d2b722ee418b8f430e2663202f57b012381b0d75ad529e6d0979d5e424658033fb9ffdfdb0eb1c3885d7ca5c93686531e0415ff157","2024-06-28T15:15:00.000","1","DRIVER",,"1764649",,"NISSAN","ROGUE","IL","2020","NONE","PASSENGER","PERSONAL","W","STRAIGHT AHEAD","Y",,"1",,"PRIVATE TOW","UNKNOWN",,"Y",,,,,,,,,,"Y","Y",,"FRONT",,,,,,,,,,,,,,,,,,,,,,,,,,,,,,,,,
"1852448","70f667fd50a93ed38fb424d2b722ee418b8f430e2663202f57b012381b0d75ad529e6d0979d5e424658033fb9ffdfdb0eb1c3885d7ca5c93686531e0415ff157","2024-06-28T15:15:00.000","2","DRIVER",,"1764666",,"HONDA","ACCORD","IL","2012","NONE","PASSENGER","OTHER","S","STRAIGHT AHEAD",,,"1",,,,,,,,,,,,"Y","Y","Y","Y",,,"SIDE-LEFT",,,,,,,,,,,,,,,,,,,,,,,,,,,,,,,,,
"1852405","ba9052789e1e2affc4d5b283a10c2ab52cd0f45a0e32072dab56de9d1f2c34cacfebc1fa4d14551096530167293ac93a220ccd33c88965f9756dd1aa752a62fd","2024-06-28T15:14:00.000","1","DRIVER",,"1764605",,"LINCOLN","MKZ","IL","2019","UNKNOWN","PASSENGER","PERSONAL","N","PASSING/OVERTAKING",,,"1",,,,,,,,,,,,,"Y","Y","Y",,,"FRONT-LEFT-CORNER",,,,,,,,,,,,,,,,,,,,,,,,,,,,,,,,,
"1852406","ba9052789e1e2affc4d5b283a10c2ab52cd0f45a0e32072dab56de9d1f2c34cacfebc1fa4d14551096530167293ac93a220ccd33c88965f9756dd1aa752a62fd","2024-06-28T15:14:00.000","2","DRIVER",,"1764622",,"VOLVO","TRUCK","IN","2013","UNKNOWN","TRACTOR W/ SEMI-TRAILER","COMMERCIAL - MULTI-UNIT","N","STRAIGHT AHEAD",,,"1",,,,"Y",,,,,,,,,,,,,,"REAR-RIGHT-CORNER",,,,,,,,,,,,,,,,,,,,,,,,,,,,,,,,,
"1852439","e98e0afb248b9ba6306d1f8528f94ff0325fe5f46beec1655aa7d39326738caab8d89d92b5e1cf37c4879b0e828ff7c20a5ce8253fccd18f95e8169f57f2fa26","2024-06-28T15:13:00.000","1","DRIVER",,"1764648",,"TOYOTA","4RUNNER","IL","2002","UNKNOWN","SPORT UTILITY VEHICLE (SUV)","PERSONAL","S","STRAIGHT AHEAD",,,"1",,,,,"Y","Y",,,,,,,,,,,"Y","FRONT-RIGHT-CORNER",,,,,,,,,,,,,,,,,,,,,,,,,,,,,,,,,
"1852440","e98e0afb248b9ba6306d1f8528f94ff0325fe5f46beec1655aa7d39326738caab8d89d92b5e1cf37c4879b0e828ff7c20a5ce8253fccd18f95e8169f57f2fa26","2024-06-28T15:13:00.000","2","BICYCLE",,,,,,,,,,,,,,,,,,,,,,,,,,,,,,,,,,,,,,,,,,,,,,,,,,,,,,,,,,,,,,,,,,
"1852355","007f96eab82f5bb3196d14c47996a594f3336fc50ac73e81210f228fda2d1996fab680d47eb2d59a605d04d23acc887e77d19ae1f1dc20dd455a59f35bd27ae1","2024-06-28T15:00:00.000","1","DRIVER",,"1764586",,"CHEVROLET","S10","IL","2003","NONE","PASSENGER","NOT IN USE","E","STRAIGHT AHEAD",,,"1",,,,,"Y",,,,,,,,,,,,,"FRONT-RIGHT-CORNER",,,,,,,,,,,,,,,,,,,,,,,,,,,,,,,,,
"1852356","007f96eab82f5bb3196d14c47996a594f3336fc50ac73e81210f228fda2d1996fab680d47eb2d59a605d04d23acc887e77d19ae1f1dc20dd455a59f35bd27ae1","2024-06-28T15:00:00.000","2","PARKED",,"1764594",,"CHEVROLET","TRAX","IL","2019","NONE","PASSENGER","NOT IN USE","E","PARKED",,,"0",,,,,,,,,,,"Y",,,,,,,"REAR-LEFT-CORNER",,,,,,,,,,,,,,,,,,,,,,,,,,,,,,,,,
"1852337","1134dcf879e195df046f00ec91cbfa367f73fddff4817d27988f5c707d309a400d915478f2eb4ab7ef5b941bd23aa99d3ce4854394983cf4d865036370ee1c56","2024-06-28T15:00:00.000","1","DRIVER",,"1764554",,"TOYOTA","CAMRY","IL","2006","NONE","PASSENGER","PERSONAL","E","TURNING RIGHT",,,"1",,,,,,,"Y","Y",,,,,,,,,,"REAR-RIGHT-CORNER",,,,,,,,,,,,,,,,,,,,,,,,,,,,,,,,,
"1852338","1134dcf879e195df046f00ec91cbfa367f73fddff4817d27988f5c707d309a400d915478f2eb4ab7ef5b941bd23aa99d3ce4854394983cf4d865036370ee1c56","2024-06-28T15:00:00.000","2","DRIVER",,"1764561",,"LEXUS","ES300","IL","1998","NONE","PASSENGER","PERSONAL","E","STRAIGHT AHEAD",,,"1",,,,,,,,,,,,,,"Y","Y",,,"FRONT-LEFT-CORNER",,,,,,,,,,,,,,,,,,,,,,,,,,,,,,,,,
"1852502","2d4965347abe92668e940b8b0016be7ab6555cdf20589e02a5a7674caf805269254ce8260828b03494d9ba5c59a7cb0e153f400dc50452fed37b88e75bdcd96e","2024-06-28T15:00:00.000","1","DRIVER","2","1764708",,"CHEVROLET","MALIBU","IL","2017","NONE","PASSENGER","PERSONAL","E","STRAIGHT AHEAD",,,"3",,,,,,,,,,,,,,,,,,"FRONT-LEFT-CORNER",,,,,,,,,,,,,,,,,,,,,,,,,,,,,,,,,
"1852503","2d4965347abe92668e940b8b0016be7ab6555cdf20589e02a5a7674caf805269254ce8260828b03494d9ba5c59a7cb0e153f400dc50452fed37b88e75bdcd96e","2024-06-28T15:00:00.000","2","DRIVER",,"1764724",,"GENERAL MOTORS CORPORATION (GMC)","YUKON","IL","2000","NONE","PASSENGER","PERSONAL","E","STRAIGHT AHEAD",,,"1",,,,,,,,,"Y",,,,,,,,,"REAR-RIGHT-CORNER",,,,,,,,,,,,,,,,,,,,,,,,,,,,,,,,,
"1852353","9c9e1ffdb8416c73b96d4ba5b63fd36e36b029b5e230897ec5d81670d6f113eba449bfc8d4abff4c06a1af6439ee6ab3c99e2b349e0ddf568b0fffb1ce5b769f","2024-06-28T15:00:00.000","1","DRIVER",,"1764576",,"TOYOTA","CAMRY","IL","2015","NONE","PICKUP","PERSONAL","N","UNKNOWN/NA",,,"1",,,,,,,,,,,,,,,"Y",,,"FRONT-LEFT-CORNER",,,,,,,,,,,,,,,,,,,,,,,,,,,,,,,,,
"1852354","9c9e1ffdb8416c73b96d4ba5b63fd36e36b029b5e230897ec5d81670d6f113eba449bfc8d4abff4c06a1af6439ee6ab3c99e2b349e0ddf568b0fffb1ce5b769f","2024-06-28T15:00:00.000","2","DRIVER",,"1764609",,"TOYOTA","CAMRY","IL","2007","NONE","PASSENGER","PERSONAL","N","STRAIGHT AHEAD",,,"1",,,,,"Y","Y",,,,,,,,,,,,"SIDE-RIGHT",,,,,,,,,,,,,,,,,,,,,,,,,,,,,,,,,
"1852361","e404a8f60049e38d6b8ec816c423d380de4e7f4b72c878fd09aa707494f86152faa1a36575eb30ee8cb997766cbd3c99564269495d8efd2fb826b67ea80f49cb","2024-06-28T15:00:00.000","1","DRIVER",,"1764577",,"PETERBILT MOTORS COMPANY (DIVISION OF PACCAR, INC.)","PETERBILT MOTORS CO., DIVISION PACCAR, INC.","IL","2003","UNKNOWN","TRACTOR W/ SEMI-TRAILER","UNKNOWN/NA","NW","TURNING RIGHT",,,"1",,,,,,,,,,,,,,,,,"Y","SIDE-RIGHT",,,,,,,,,,,,,,,,,,,,,,,,,,,,,,,,,
"1852362","e404a8f60049e38d6b8ec816c423d380de4e7f4b72c878fd09aa707494f86152faa1a36575eb30ee8cb997766cbd3c99564269495d8efd2fb826b67ea80f49cb","2024-06-28T15:00:00.000","2","DRIVER","1","1764583",,"UNKNOWN","OTHER (EXPLAIN IN NARRATIVE)","IL","2022","UNKNOWN","OTHER","OTHER","W","OTHER",,,"2",,,,,,,,,,,,,,,"Y",,,"SIDE-LEFT-FRONT",,,,,,,,,,,,,,,,,,,,,,,,,,,,,,,,,
"1852359","f3ed8abcaa04832191fe5fa8d4fb0635644ed4c37ae32efa1164a9544b898d8968a5f98db48b5a72cec8262a888a6516ed459f5e6a6e58a5244c4690012d87c1","2024-06-28T15:00:00.000","1","DRIVER",,"1764572",,"NISSAN","SENTRA","IL","2024","UNKNOWN","PASSENGER","PERSONAL","W","STRAIGHT AHEAD",,,"1",,,,,,,,,,,"Y","Y",,,,,,"REAR-LEFT-CORNER",,,,,,,,,,,,,,,,,,,,,,,,,,,,,,,,,
"1852360","f3ed8abcaa04832191fe5fa8d4fb0635644ed4c37ae32efa1164a9544b898d8968a5f98db48b5a72cec8262a888a6516ed459f5e6a6e58a5244c4690012d87c1","2024-06-28T15:00:00.000","2","DRIVER",,"1764575",,"BUICK","OTHER (EXPLAIN IN NARRATIVE)","IL","2017","UNKNOWN","PASSENGER","PERSONAL","W","STRAIGHT AHEAD",,,"1",,,,,"Y","Y",,,,,,,,,,,,"FRONT-RIGHT-CORNER",,,,,,,,,,,,,,,,,,,,,,,,,,,,,,,,,
"1853147","e52f9569dff1e14b1ddf21090fd61515caa2e9b8750a22f017b6e7ab9c3a6022aa8dd104556cc8c973bbd617c11fea75f86e97383757a683adaf3f2d51bd2cf2","2024-06-28T14:58:00.000","2","DRIVER",,"1765333",,"HONDA","CR-V","IL","2016","NONE","SPORT UTILITY VEHICLE (SUV)","PERSONAL","W","STRAIGHT AHEAD","Y",,"1",,"insurance",,,,,"Y","Y","Y",,,,,,,,,"SIDE-RIGHT-REAR",,,,,,,,,,,,,,,,,,,,,,,,,,,,,,,,,
"1853148","e52f9569dff1e14b1ddf21090fd61515caa2e9b8750a22f017b6e7ab9c3a6022aa8dd104556cc8c973bbd617c11fea75f86e97383757a683adaf3f2d51bd2cf2","2024-06-28T14:58:00.000","1","DRIVER","1","1765334",,"HONDA","CR-V","IL","2019","NONE","SPORT UTILITY VEHICLE (SUV)","PERSONAL","S","STRAIGHT AHEAD",,,"2",,,,,"Y",,,,,,,,,,"Y","Y",,"FRONT",,,,,,,,,,,,,,,,,,,,,,,,,,,,,,,,,
"1852378","04067e14d9a5634275ed40c547430bb50144187219954762e0c63c7f9c065c4a49629f6645c065b689489bf92da5e274e0dd81f79ba302a60dfb89eaa73f3a20","2024-06-28T14:45:00.000","1","DRIVER",,"1764600",,"FORD","FOCUS","IL","2006","UNKNOWN","PASSENGER","UNKNOWN/NA","W","STRAIGHT AHEAD",,,"1",,,,,,,,,,,,,,,,,"Y","FRONT",,,,,,,,,,,,,,,,,,,,,,,,,,,,,,,,,
"1852379","04067e14d9a5634275ed40c547430bb50144187219954762e0c63c7f9c065c4a49629f6645c065b689489bf92da5e274e0dd81f79ba302a60dfb89eaa73f3a20","2024-06-28T14:45:00.000","2","NON-MOTOR VEHICLE",,,,,,,,,,,,,,,,,,,,,,,,,,,,,,,,,,,,,,,,,,,,,,,,,,,,,,,,,,,,,,,,,,
"1852325","b0b9d91735b112b5806cae3520d25a4447ec39a048460824612e046547feb64ebaad791f28405ee9b2a06f65d696db495e0ccfce05e094a25f2fa8d2bac273ec","2024-06-28T14:45:00.000","1","DRIVER",,"1764534",,"MERCURY","SABLE","IL","2002","NONE","PASSENGER","PERSONAL","S","CHANGING LANES",,,"1",,,,,,,,,,,,,,,"Y",,,"FRONT-LEFT-CORNER",,,,,,,,,,,,,,,,,,,,,,,,,,,,,,,,,
"1852326","b0b9d91735b112b5806cae3520d25a4447ec39a048460824612e046547feb64ebaad791f28405ee9b2a06f65d696db495e0ccfce05e094a25f2fa8d2bac273ec","2024-06-28T14:45:00.000","2","DRIVER",,"1764543",,"BUICK","OTHER (EXPLAIN IN NARRATIVE)","IL","2024","NONE","PASSENGER","PERSONAL","S","STRAIGHT AHEAD",,,"1",,,,,,,,,,,,"Y","Y","Y",,,,"SIDE-LEFT",,,,,,,,,,,,,,,,,,,,,,,,,,,,,,,,,
"1852608","c2c8224879d1599cf18fbe1bbca77fadaf7c9d13af893e01f291307c9ecbbfbbba0b74257b192bb86c0d50750ef3a0bcca69bd59659bedb408ecf88d7d74d4cc","2024-06-28T14:45:00.000","1","DRIVER",,"1764815",,"SUBARU","OUTBACK","WI","2018","UNKNOWN","SPORT UTILITY VEHICLE (SUV)","PERSONAL","N","BACKING",,,"1",,,,,,,,"Y","Y","Y","Y","Y",,,,,,"REAR",,,,,,,,,,,,,,,,,,,,,,,,,,,,,,,,,
"1852609","c2c8224879d1599cf18fbe1bbca77fadaf7c9d13af893e01f291307c9ecbbfbbba0b74257b192bb86c0d50750ef3a0bcca69bd59659bedb408ecf88d7d74d4cc","2024-06-28T14:45:00.000","2","PARKED",,"1764821",,"HONDA","CR-V","IL","2012","NONE","SPORT UTILITY VEHICLE (SUV)","PERSONAL","W","PARKED",,,"0",,,,,"Y","Y","Y","Y","Y",,,,,,,,,"SIDE-RIGHT",,,,,,,,,,,,,,,,,,,,,,,,,,,,,,,,,
"1853041","3b1ef946654209e6af953993543982ce427bd68bcfe161acccc1c29f08dd8736a5aec98c06aa27954c223d4b1329d08c4dedf7c90b4124293a8085a025ba507f","2024-06-28T14:30:00.000","1","DRIVER",,"1765232",,"ACURA","RLX","IL","2012","NONE","PASSENGER","PERSONAL","E","TURNING LEFT",,,"1",,,,,"Y",,,,,,,,,,,,,"FRONT-RIGHT-CORNER",,,,,,,,,,,,,,,,,,,,,,,,,,,,,,,,,
"1853042","3b1ef946654209e6af953993543982ce427bd68bcfe161acccc1c29f08dd8736a5aec98c06aa27954c223d4b1329d08c4dedf7c90b4124293a8085a025ba507f","2024-06-28T14:30:00.000","2","DRIVER",,"1765235",,"HONDA","ACCORD","IL","2011","NONE","PASSENGER","PERSONAL","N","STRAIGHT AHEAD",,,"1",,,,,,,,,,,,"Y","Y",,,,,"SIDE-LEFT",,,,,,,,,,,,,,,,,,,,,,,,,,,,,,,,,
"1852331","4a33b57db868d74624c94826970e7a947c20dca2e30f9e30a5b9d3e37a7f152b9f9fe2720adbdda3028342a9091dc3ca6017be6e29dc69f8b1d5f880ed98967f","2024-06-28T14:30:00.000","1","DRIVER",,"1764545",,"FORD","F250",,"2008","UNKNOWN","PICKUP","PERSONAL","S","STRAIGHT AHEAD",,,"1",,,,,,,,,,,,,,,,"Y",,"FRONT",,,,,,,,,,,,,,,,,,,,,,,,,,,,,,,,,
"1852332","4a33b57db868d74624c94826970e7a947c20dca2e30f9e30a5b9d3e37a7f152b9f9fe2720adbdda3028342a9091dc3ca6017be6e29dc69f8b1d5f880ed98967f","2024-06-28T14:30:00.000","2","DRIVER",,"1764547",,"LEXUS","CT200H","IL","2015","NONE","PASSENGER","PERSONAL","S","STRAIGHT AHEAD",,,"1",,,,,,,,,,"Y",,,,,,,,"REAR",,,,,,,,,,,,,,,,,,,,,,,,,,,,,,,,,
"1852363","a80ff8145a1c7ec814c0f8ab6c86ccd1ca0ac44a52408005e4ef482fb5f297cbd6ca357af8447b4cd445babaeb17fb1c8c3e025ab0cbfe96baf742ffbd015ea6","2024-06-28T14:30:00.000","1","DRIVER",,"1764580",,"FORD","TRANSIT","IL","2022","NONE","VAN/MINI-VAN","OTHER","W","STRAIGHT AHEAD",,,"1",,,,,"Y",,,,,,,,,,"Y","Y",,"FRONT",,,,,,,,,,,,,,,,,,,,,,,,,,,,,,,,,
"1852364","a80ff8145a1c7ec814c0f8ab6c86ccd1ca0ac44a52408005e4ef482fb5f297cbd6ca357af8447b4cd445babaeb17fb1c8c3e025ab0cbfe96baf742ffbd015ea6","2024-06-28T14:30:00.000","2","DRIVER","1","1764590",,"FORD","TRANSIT","IL","2010","NONE","VAN/MINI-VAN","PERSONAL","W","STRAIGHT AHEAD",,,"2",,,,,"Y",,,,"Y","Y","Y",,,,"Y","Y",,"REAR",,,,,,,,,,,,,,,,,,,,,,,,,,,,,,,,,
"1852365","a80ff8145a1c7ec814c0f8ab6c86ccd1ca0ac44a52408005e4ef482fb5f297cbd6ca357af8447b4cd445babaeb17fb1c8c3e025ab0cbfe96baf742ffbd015ea6","2024-06-28T14:30:00.000","3","DRIVER",,"1764592",,"UNKNOWN","OTHER (EXPLAIN IN NARRATIVE)","IL",,"NONE","UNKNOWN/NA","UNKNOWN/NA","W","UNKNOWN/NA",,,"1",,,,,,,,,,,,,,,"N","N","Y","FRONT",,,,,,,,,,,,,,,,,,,,,,,,,,,,,,,,,
"1852320","c5764354da9b52057b66da7a9890e61383e6d2f82b7bf64673e8921b5370070262f2aef6787c5e93a75221575122e5c0a7236d32cfffbd56343a0f638020b5de","2024-06-28T14:30:00.000","1","DRIVER",,"1764528",,"UNKNOWN","MOTORIZED",,,"UNKNOWN","PASSENGER","UNKNOWN/NA","UNKNOWN","UNKNOWN/NA",,,"1",,,,,,,,,,,,,,,,,,"UNKNOWN",,,,,,,,,,,,,,,,,,,,,,,,,,,,,,,,,
"1852321","c5764354da9b52057b66da7a9890e61383e6d2f82b7bf64673e8921b5370070262f2aef6787c5e93a75221575122e5c0a7236d32cfffbd56343a0f638020b5de","2024-06-28T14:30:00.000","2","PARKED",,"1764532",,"TOYOTA","HIGHLANDER","IL","2023","NONE","PASSENGER","PERSONAL","N","PARKED",,,"0",,,,,,,,,,,,,,"Y","Y","Y",,"FRONT-LEFT-CORNER",,,,,,,,,,,,,,,,,,,,,,,,,,,,,,,,,
"1852300","d4f2f772ec936493078c845600c8e81a13ae1c4bc05d7abd19aaa7772da25aa4c3f9aa91dc697293ca05cd665d17cbb5fae01f456308aeb2802a25b2283ceb2d","2024-06-28T14:30:00.000","1","DRIVER",,"1764523",,"MAZDA","MAZDA3","IL","2010","UNKNOWN","PASSENGER","UNKNOWN/NA","S","STRAIGHT AHEAD",,,"1",,,,,"Y",,,,,,,,,,,,,"FRONT-RIGHT-CORNER",,,,,,,,,,,,,,,,,,,,,,,,,,,,,,,,,
"1852301","d4f2f772ec936493078c845600c8e81a13ae1c4bc05d7abd19aaa7772da25aa4c3f9aa91dc697293ca05cd665d17cbb5fae01f456308aeb2802a25b2283ceb2d","2024-06-28T14:30:00.000","2","DRIVER",,"1764531",,"BUICK","CENTURY","IL","2005","UNKNOWN","PASSENGER","UNKNOWN/NA","S","SLOW/STOP IN TRAFFIC",,,"1",,,,,,,,,,,"Y",,,,,,,"REAR-LEFT-CORNER",,,,,,,,,,,,,,,,,,,,,,,,,,,,,,,,,
"1852366","44f90217636ab09817f09d6a4e14eb622d5ee3bf4f6b4ce2503fec65d2f29872c9202ee63e8f6fcf2f62eaf0897ffe66ee57cdd58a13f83a6b6b342f41a4dbcf","2024-06-28T14:27:00.000","1","DRIVER","2","1764570",,"UNKNOWN","MOTORIZED",,,"UNKNOWN","PASSENGER","PERSONAL","N","CHANGING LANES",,,"3",,,,,,,,,,,,,,,,,"Y","UNKNOWN",,,,,,,,,,,,,,,,,,,,,,,,,,,,,,,,,
"1852367","44f90217636ab09817f09d6a4e14eb622d5ee3bf4f6b4ce2503fec65d2f29872c9202ee63e8f6fcf2f62eaf0897ffe66ee57cdd58a13f83a6b6b342f41a4dbcf","2024-06-28T14:27:00.000","2","DRIVER",,"1764593",,"CHEVROLET","EQUINOX","IN",,"UNKNOWN","SPORT UTILITY VEHICLE (SUV)","PERSONAL","N","OTHER",,,"1",,,,,,,,,,,,,,,,,"Y","UNKNOWN",,,,,,,,,,,,,,,,,,,,,,,,,,,,,,,,,
"1852368","44f90217636ab09817f09d6a4e14eb622d5ee3bf4f6b4ce2503fec65d2f29872c9202ee63e8f6fcf2f62eaf0897ffe66ee57cdd58a13f83a6b6b342f41a4dbcf","2024-06-28T14:27:00.000","3","DRIVER",,"1764604",,"TOYOTA","CAMRY","IL","2011","NONE","PASSENGER","PERSONAL","N","STRAIGHT AHEAD",,,"1",,,,,,,,,,,,,"Y","Y","Y",,,"UNKNOWN",,,,,,,,,,,,,,,,,,,,,,,,,,,,,,,,,
"1852335","ff77e8c5abe956ed14514d0d99435050a833ad2383f1b9a4f1c25d0d0c3ace5fed6bd8529c13883585022e5649104ab07ea8e6fd1d3e6dca695f2b2ea3105065","2024-06-28T14:27:00.000","1","DRIVER",,"1764553",,"TOYOTA","OTHER (EXPLAIN IN NARRATIVE)","IL","2014","UNKNOWN","UNKNOWN/NA","UNKNOWN/NA","E","CHANGING LANES",,,"1",,,,,,,,,,,,,,,,,"Y","SIDE-LEFT",,,,,,,,,,,,,,,,,,,,,,,,,,,,,,,,,
"1852336","ff77e8c5abe956ed14514d0d99435050a833ad2383f1b9a4f1c25d0d0c3ace5fed6bd8529c13883585022e5649104ab07ea8e6fd1d3e6dca695f2b2ea3105065","2024-06-28T14:27:00.000","2","DRIVER",,"1764560",,"CHEVROLET","TRAVERSE","IL","2017","NONE","SPORT UTILITY VEHICLE (SUV)","PERSONAL","E","SLOW/STOP IN TRAFFIC",,,"1",,,,"Y",,,,,,,,,,,,,,"SIDE-RIGHT",,,,,,,,,,,,,,,,,,,,,,,,,,,,,,,,,
"1852386","54db8671806f961692137fc42655b46e46d51a454cfbbdba13830a45c3a1367351d3e33b98a22fc0ff9894f9052b49d8962d400173163b5e05ce9dc7b742503f","2024-06-28T14:24:00.000","1","DRIVER",,"1764591",,"CHEVROLET","IMPALA","IL","2020","NONE","PASSENGER","PERSONAL","N","CHANGING LANES",,,"1",,,,,"N","Y",,,,,,,,,,,,"SIDE-RIGHT-FRONT",,,,,,,,,,,,,,,,,,,,,,,,,,,,,,,,,
"1852387","54db8671806f961692137fc42655b46e46d51a454cfbbdba13830a45c3a1367351d3e33b98a22fc0ff9894f9052b49d8962d400173163b5e05ce9dc7b742503f","2024-06-28T14:24:00.000","2","PARKED","1","1764611",,"CHEVROLET","SUBURBAN","IL","2010","NONE","SPORT UTILITY VEHICLE (SUV)","PERSONAL","N","PARKED",,,"1",,,,,,,,,,,"Y","Y",,,,,,"SIDE-LEFT-REAR",,,,,,,,,,,,,,,,,,,,,,,,,,,,,,,,,
"1852282","0a00ff03dac7b6071e9bc44743f11071895fcb7ebe57fda2385195b520c629e2991eceb28762eb9f40c18c953276a2dc3c0b97ae378e27428ca5e16a2a6b2d0c","2024-06-28T14:20:00.000","1","DRIVER",,"1764495",,"CHEVROLET","OTHER (EXPLAIN IN NARRATIVE)","IL","2017","NONE","PASSENGER","PERSONAL","E","CHANGING LANES",,,"1",,,,,"Y","Y","Y",,,,,,,,,,,"SIDE-RIGHT",,,,,,,,,,,,,,,,,,,,,,,,,,,,,,,,,
"1852283","0a00ff03dac7b6071e9bc44743f11071895fcb7ebe57fda2385195b520c629e2991eceb28762eb9f40c18c953276a2dc3c0b97ae378e27428ca5e16a2a6b2d0c","2024-06-28T14:20:00.000","2","DRIVER",,"1764499",,"TOYOTA","CONSTRUCTION EQUIPMENT","IL","2014","NONE","PASSENGER","PERSONAL","E","STRAIGHT AHEAD",,,"1",,,,,,,,,,,,,"Y","Y","Y",,,"SIDE-LEFT",,,,,,,,,,,,,,,,,,,,,,,,,,,,,,,,,
"1852277","0d4593f63d390fa99d3f7e2df6251dfbe9c82042bbc2fb69cd96731d2ab6442243e5f6260d7919e4e27571d2b39fe758aef9611314ce387752ee292a9636f377","2024-06-28T14:20:00.000","1","DRIVER",,"1764491",,"FORD","FUSION","IL","2009","UNKNOWN","PASSENGER","PERSONAL","W","ENTERING TRAFFIC LANE FROM PARKING",,,"1",,,,,,,,,,,,,,,"Y","Y",,"FRONT-LEFT-CORNER",,,,,,,,,,,,,,,,,,,,,,,,,,,,,,,,,
"1852278","0d4593f63d390fa99d3f7e2df6251dfbe9c82042bbc2fb69cd96731d2ab6442243e5f6260d7919e4e27571d2b39fe758aef9611314ce387752ee292a9636f377","2024-06-28T14:20:00.000","2","DRIVER",,"1764503",,"JEEP","PATRIOT","IL","2017","NONE","SPORT UTILITY VEHICLE (SUV)","PERSONAL","W","STRAIGHT AHEAD",,,"1",,,,,"Y",,,,,,,,,,,"Y",,"FRONT-RIGHT-CORNER",,,,,,,,,,,,,,,,,,,,,,,,,,,,,,,,,
"1852555","5de9adc604348650b7a346915b4e828b3c661c11eba23880a22747446073dab5dfcf6bb705c1fd85c6475d994322868caecc9764a863a422cc2eda7a23112b21","2024-06-28T14:20:00.000","1","DRIVER",,"1764788",,"TOYOTA","CAMRY","IL","2017","UNKNOWN","PASSENGER","PERSONAL","W","STRAIGHT AHEAD","Y",,"1",,"UNKNOWN","UNKNOWN",,"Y",,,,,,,,,,"Y","Y",,"FRONT",,,,,,,,,,,,,,,,,,,,,,,,,,,,,,,,,
"1852556","5de9adc604348650b7a346915b4e828b3c661c11eba23880a22747446073dab5dfcf6bb705c1fd85c6475d994322868caecc9764a863a422cc2eda7a23112b21","2024-06-28T14:20:00.000","2","DRIVER",,"1764794",,"FORD","EDGE","IL","2015","UNKNOWN","PASSENGER","PERSONAL","E","TURNING LEFT",,,"1",,,,,"Y","Y",,,,,,,,,,"Y",,"FRONT-RIGHT-CORNER",,,,,,,,,,,,,,,,,,,,,,,,,,,,,,,,,
"1852557","5de9adc604348650b7a346915b4e828b3c661c11eba23880a22747446073dab5dfcf6bb705c1fd85c6475d994322868caecc9764a863a422cc2eda7a23112b21","2024-06-28T14:20:00.000","3","PARKED",,"1764801",,"NISSAN","ROGUE","IL","2017","UNKNOWN","PASSENGER","NOT IN USE","W","PARKED","Y",,"0",,"PRIVATE TOW","UNKNOWN",,,,"N","Y","Y","Y","N",,,,,,,"REAR-RIGHT-CORNER",,,,,,,,,,,,,,,,,,,,,,,,,,,,,,,,,