"crash_unit_id","crash_record_id","crash_date","unit_no","unit_type","num_passengers","vehicle_id","cmrc_veh_i","make","model","lic_plate_state","vehicle_year","vehicle_defect","vehicle_type","vehicle_use","travel_direction","maneuver","towed_i","fire_i","occupant_cnt","exceed_speed_limit_i","towed_by","towed_to","area_00_i","area_01_i","area_02_i","area_03_i","area_04_i","area_05_i","area_06_i","area_07_i","area_08_i","area_09_i","area_10_i","area_11_i","area_12_i","area_99_i","first_contact_point","cmv_id","usdot_no","ccmc_no","ilcc_no","commercial_src","gvwr","carrier_name","carrier_state","carrier_city","hazmat_placards_i","hazmat_name","un_no","hazmat_present_i","hazmat_report_i","hazmat_report_no","mcs_report_i","mcs_report_no","hazmat_vio_cause_crash_i","mcs_vio_cause_crash_i","idot_permit_no","wide_load_i","trailer1_width","trailer2_width","trailer1_length","trailer2_length","total_vehicle_length","axle_cnt","vehicle_config","cargo_body_type","load_type","hazmat_out_of_service_i","mcs_out_of_service_i","hazmat_class"
"1852273","f66bc152d6580241aeba7ddccd372ca2ac9da50b2cf9459ce21f18db8f5013c5a85ae30563e9e1cea393ab40ae21ce384fed7fbb47ccb44f4fe8329186cd9107","2024-06-28T14:15:00.000","1","DRIVER",,"1764500",,"FORD","OTHER (EXPLAIN IN NARRATIVE)","IL","2019","NONE","VAN/MINI-VAN","CONSTRUCTION/MAINTENANCE","E","STRAIGHT AHEAD",,,"1",,,,,"Y",,,,,,,,,,"Y","Y",,"FRONT",,,,,,,,,,,,,,,,,,,,,,,,,,,,,,,,,
"1852274","f66bc152d6580241aeba7ddccd372ca2ac9da50b2cf9459ce21f18db8f5013c5a85ae30563e9e1cea393ab40ae21ce384fed7fbb47ccb44f4fe8329186cd9107","2024-06-28T14:15:00.000","2","DRIVER",,"1764506",,"KIA","SORENTO","IL","2019","NONE","PASSENGER","PERSONAL","E","SLOW/STOP IN TRAFFIC",,,"1",,,,,,,,,"Y","Y","Y",,,,,,,"REAR",,,,,,,,,,,,,,,,,,,,,,,,,,,,,,,,,
"1852545","4e86610b5438e57943ef819b1a07543cdbca230f6fd3744dc4c167979c33b171a26f2e5b788c8705eca4e0282349ac4767bdd069131144df9f5d8a127d3b164f","2024-06-28T14:12:00.000","1","DRIVER",,"1764755",,"CHEVROLET","EQUINOX","IL","2011","UNKNOWN","PASSENGER","PERSONAL","E","PASSING/OVERTAKING",,,"1",,,,,"Y",,,,,,,,,,"Y","Y",,"FRONT",,,,,,,,,,,,,,,,,,,,,,,,,,,,,,,,,
"1852546","4e86610b5438e57943ef819b1a07543cdbca230f6fd3744dc4c167979c33b171a26f2e5b788c8705eca4e0282349ac4767bdd069131144df9f5d8a127d3b164f","2024-06-28T14:12:00.000","2","DRIVER","2","1764767",,"LEXUS","ES350","IL",,"NONE","PASSENGER","PERSONAL","W","TURNING LEFT","Y",,"3",,"TRIPLE AAA","953 E 86TH ST",,,,,,,,,,"Y","Y","Y",,,"SIDE-LEFT-FRONT",,,,,,,,,,,,,,,,,,,,,,,,,,,,,,,,,
"1852315","b2aa7573f8dae975e6779737df09ae1cd9de5fdfbb6111e49b3e9ac616d360a967e2e055b271eebc33e380a07299c6e332cf55c14869e84c8f94b34d964b7dbb","2024-06-28T14:11:00.000","1","DRIVER",,"1765092",,"NISSAN","MAXIMA","IL","2017","NONE","PASSENGER","PERSONAL","E","STRAIGHT AHEAD",,,"1",,,,,,,,,,,,"Y","Y","Y","N",,,"SIDE-LEFT",,,,,,,,,,,,,,,,,,,,,,,,,,,,,,,,,
"1852324","b2aa7573f8dae975e6779737df09ae1cd9de5fdfbb6111e49b3e9ac616d360a967e2e055b271eebc33e380a07299c6e332cf55c14869e84c8f94b34d964b7dbb","2024-06-28T14:11:00.000","2","DRIVER",,,,,,,,,,,,,,,,,,,,,,,,,,,,,,,,,,,,,,,,,,,,,,,,,,,,,,,,,,,,,,,,,,
"1852898","b2aa7573f8dae975e6779737df09ae1cd9de5fdfbb6111e49b3e9ac616d360a967e2e055b271eebc33e380a07299c6e332cf55c14869e84c8f94b34d964b7dbb","2024-06-28T14:11:00.000","2","DRIVER",,"1765097","Y","VOLVO","TRUCK","IN","2009","NONE","TRACTOR W/ SEMI-TRAILER","COMMERCIAL - SINGLE UNIT","E","TURNING RIGHT",,,"1",,,,,"Y","Y",,,,,,,,,,,,"SIDE-RIGHT-FRONT","19546","03811","187875",,"DRIVER","2","EVANS DELIVERY COMPANY","PA","SCHUYLKILL HAVEN",,,,"N","U",,"U",,"N","U",,,,,,,,,"TRACTOR/SEMI-TRAILER","VAN/ENCLOSED BOX","OTHER","N","N","MISCELLANEOUS"
"1852403","1052be8ba95c20119cafb44f69db7e9f6da942509a306de5be185a36783ca3aeae93cd94672c68aa5b1834c4158e4ac033d09e081458b43df677228cd8e281c6","2024-06-28T14:10:00.000","1","DRIVER",,"1764612",,"JEEP","WRANGLER","IL","2019","UNKNOWN","PASSENGER","PERSONAL","E","STRAIGHT AHEAD",,,"1",,,,,,,,,,,,,,,,,"Y","UNKNOWN",,,,,,,,,,,,,,,,,,,,,,,,,,,,,,,,,
"1852404","1052be8ba95c20119cafb44f69db7e9f6da942509a306de5be185a36783ca3aeae93cd94672c68aa5b1834c4158e4ac033d09e081458b43df677228cd8e281c6","2024-06-28T14:10:00.000","2","DRIVER",,"1764624",,"NISSAN","SENTRA","IL","2015","UNKNOWN","PASSENGER","PERSONAL","E","STRAIGHT AHEAD",,,"1",,,,,,,,,"Y","Y",,,,,,,,"UNKNOWN",,,,,,,,,,,,,,,,,,,,,,,,,,,,,,,,,
"1852351","e03cdffd274042c03f9b291fc751ef9f658624bc8ad2b006acf54f4915b00c4d47424c03727a75ec36bb61bdc4a7f1e74a4e8163d579cc1cee5a983381d66967","2024-06-28T14:08:00.000","1","DRIVER",,"1764559",,"HYUNDAI","SANTA FE","IL","2008","UNKNOWN","PASSENGER","PERSONAL","NW","TURNING LEFT",,,"1",,,,"Y",,,,,,,,,,,,,,"UNKNOWN",,,,,,,,,,,,,,,,,,,,,,,,,,,,,,,,,
"1852352","e03cdffd274042c03f9b291fc751ef9f658624bc8ad2b006acf54f4915b00c4d47424c03727a75ec36bb61bdc4a7f1e74a4e8163d579cc1cee5a983381d66967","2024-06-28T14:08:00.000","2","BICYCLE",,,,,,,,,,,,,,,,,,,,,,,,,,,,,,,,,,,,,,,,,,,,,,,,,,,,,,,,,,,,,,,,,,
"1853060","3f30ea9bb85a09607a9e6510ff2a3a2fa837bee6e9d10364d402e75622b583837736140affeaab12333bfa8eca895f47ea24edd09161fad33939cd9064ff81c8","2024-06-28T14:02:00.000","1","DRIVER",,"1765246",,"FORD","TRANSIT","IL","2015","NONE","VAN/MINI-VAN","PERSONAL","W","BACKING",,,"1",,,,"Y",,,,,,,,,,,,,,"REAR-RIGHT-CORNER",,,,,,,,,,,,,,,,,,,,,,,,,,,,,,,,,
"1853061","3f30ea9bb85a09607a9e6510ff2a3a2fa837bee6e9d10364d402e75622b583837736140affeaab12333bfa8eca895f47ea24edd09161fad33939cd9064ff81c8","2024-06-28T14:02:00.000","2","DRIVER",,"1765256",,"NISSAN","ALTIMA","FL","2021","NONE","PASSENGER","RIDESHARE SERVICE","SE","SLOW/STOP IN TRAFFIC",,,"1",,,,,,,,,,,,,,,"Y",,,"SIDE-LEFT-FRONT",,,,,,,,,,,,,,,,,,,,,,,,,,,,,,,,,
"1852288","64335207fb09e6d9b773c88fa5826af512bfbbfc74cf1e96ef1a47b08698fda9181d444bca5982e9a7333cce24a89be56301f1651b80dd06d6d382e4a6c31d01","2024-06-28T14:00:00.000","1","DRIVER",,"1764502",,"FORD","F150","IL","2021","NONE","PICKUP","PERSONAL","E","PASSING/OVERTAKING",,,"1",,,,,,,,,,,"Y","Y",,,,,,"REAR-LEFT-CORNER",,,,,,,,,,,,,,,,,,,,,,,,,,,,,,,,,
"1852289","64335207fb09e6d9b773c88fa5826af512bfbbfc74cf1e96ef1a47b08698fda9181d444bca5982e9a7333cce24a89be56301f1651b80dd06d6d382e4a6c31d01","2024-06-28T14:00:00.000","2","DRIVER",,"1764505",,"FORD","F150","IN","2022","NONE","PICKUP","OTHER","E","STRAIGHT AHEAD",,,"1",,,,,"Y",,,,,,,,,,,,,"FRONT-RIGHT-CORNER",,,,,,,,,,,,,,,,,,,,,,,,,,,,,,,,,
"1853274","d3a4d35b6408c63ad0259893f433056c22a6f3b18bd5ebecaed45b9376633966d2e28aa3ce5f6f0f401327ff241e1739ae74eb5ad6059c4a4e8f54b533d58461","2024-06-28T14:00:00.000","1","BICYCLE",,,,,,,,,,,,,,,,,,,,,,,,,,,,,,,,,,,,,,,,,,,,,,,,,,,,,,,,,,,,,,,,,,
"1853275","d3a4d35b6408c63ad0259893f433056c22a6f3b18bd5ebecaed45b9376633966d2e28aa3ce5f6f0f401327ff241e1739ae74eb5ad6059c4a4e8f54b533d58461","2024-06-28T14:00:00.000","2","DRIVER",,"1765460",,"KIA","FORTE","IL","2021","NONE","PASSENGER","PERSONAL","E","STRAIGHT AHEAD",,,"1",,,,,,,"Y","Y","Y",,,,,,,,,"SIDE-RIGHT-REAR",,,,,,,,,,,,,,,,,,,,,,,,,,,,,,,,,
"1852492","f061a94a4d37137a414c4b36798f65a72857c58df673e2b18417a88a163e872436103d27218dec0072832f18a2e34c1d3912490b786656c94c61d855ba538fa9","2024-06-28T14:00:00.000","1","DRIVER",,"1764693",,"TOYOTA","BZ4X","IL","2002","NONE","PASSENGER","PERSONAL","W","BACKING",,,"1",,,,,,,,,,,,,,,,,"Y","SIDE-RIGHT",,,,,,,,,,,,,,,,,,,,,,,,,,,,,,,,,
"1852493","f061a94a4d37137a414c4b36798f65a72857c58df673e2b18417a88a163e872436103d27218dec0072832f18a2e34c1d3912490b786656c94c61d855ba538fa9","2024-06-28T14:00:00.000","2","PARKED",,"1764704",,"TOYOTA","COROLLA","IL","2009","NONE","PASSENGER","PERSONAL","E","PARKED",,,"0",,,,,,,,,"Y",,,,,,,,,"REAR-RIGHT-CORNER",,,,,,,,,,,,,,,,,,,,,,,,,,,,,,,,,
"1852316","04fd29e3774c5560602bd4f3b31975978d5da6f02f0247814c7acbc51eba70f93fb3a1ae4da3a9a3eb54bfa849a9cc21454fe5bf9010ba73b44289e87d98659d","2024-06-28T13:55:00.000","1","DRIVER",,"1764538",,"NISSAN","QUEST","IL","2015","UNKNOWN","VAN/MINI-VAN","UNKNOWN/NA","N","OTHER",,,"1",,,,,,,,,,,,,,,"Y",,,"FRONT-LEFT-CORNER",,,,,,,,,,,,,,,,,,,,,,,,,,,,,,,,,
"1852317","04fd29e3774c5560602bd4f3b31975978d5da6f02f0247814c7acbc51eba70f93fb3a1ae4da3a9a3eb54bfa849a9cc21454fe5bf9010ba73b44289e87d98659d","2024-06-28T13:55:00.000","2","DRIVER","1","1764544",,"TOYOTA","COROLLA","IL","2009","NONE","PASSENGER","PERSONAL","S","STRAIGHT AHEAD",,,"2",,,,,,,,,,,"Y",,,,,,,"SIDE-RIGHT-REAR",,,,,,,,,,,,,,,,,,,,,,,,,,,,,,,,,
"1852290","885d4eac3e36e99f1beb01582bba64bd65cc36a9d890f3ac10507e455d7c1d60a18995e82672014129fefbfcdddc016342c314bf6dfe811083fb44fe3a18b455","2024-06-28T13:50:00.000","1","DRIVER",,"1764517",,"CHEVROLET","TRAIL BLAZER","IL","2005","UNKNOWN","SPORT UTILITY VEHICLE (SUV)","PERSONAL","W","STRAIGHT AHEAD",,,"1",,,,,,,,,,,,,,,,"Y",,"FRONT",,,,,,,,,,,,,,,,,,,,,,,,,,,,,,,,,
"1852291","885d4eac3e36e99f1beb01582bba64bd65cc36a9d890f3ac10507e455d7c1d60a18995e82672014129fefbfcdddc016342c314bf6dfe811083fb44fe3a18b455","2024-06-28T13:50:00.000","2","DRIVER",,"1764548",,"HONDA","CIVIC","IL","2018","UNKNOWN","PASSENGER","PERSONAL","W","STRAIGHT AHEAD",,,"1",,,,,,,,,,"Y",,,,,,,,"REAR",,,,,,,,,,,,,,,,,,,,,,,,,,,,,,,,,
"1852286","ba7c03751598b5a901b9a3c054b889d38933525e1c6572844e38d820c6c3237924f55ebe44eb84c8d14969d3bd71664df7f021afbd10bdd198480196bbeb8a28","2024-06-28T13:45:00.000","1","DRIVER",,"1764493",,"DODGE","DURANGO","IL","2015","NONE","PASSENGER","PERSONAL","W","SKIDDING/CONTROL LOSS","Y",,"1",,"private",,,,,,,,,,,,,,"Y",,"FRONT",,,,,,,,,,,,,,,,,,,,,,,,,,,,,,,,,
"1852287","ba7c03751598b5a901b9a3c054b889d38933525e1c6572844e38d820c6c3237924f55ebe44eb84c8d14969d3bd71664df7f021afbd10bdd198480196bbeb8a28","2024-06-28T13:45:00.000","2","DRIVER","1","1764498",,"CHEVROLET","TAHOE","IL","2011","NONE","PASSENGER","PERSONAL","E","STRAIGHT AHEAD","Y",,"2",,"private",,,,,,,,,,,,,,"Y",,"FRONT",,,,,,,,,,,,,,,,,,,,,,,,,,,,,,,,,
"1852284","a138eac891545c08fc6cd41174fdfc05c937420b56bfa62fc465a6faad80c6a13bac10f06bfa794b1f389388187326dd8257ae21576427fcd7c6733d2c41f311","2024-06-28T13:42:00.000","1","DRIVER",,"1764494",,"FORD","RANGER","IL","2008","UNKNOWN","PICKUP","UNKNOWN/NA","S","UNKNOWN/NA","Y",,"1",,"STREETS AND SANITATION","701 N SACRAMENTO",,"Y","Y","Y","Y","Y",,"Y","Y","Y","Y","Y",,,"UNKNOWN",,,,,,,,,,,,,,,,,,,,,,,,,,,,,,,,,
"1852285","a138eac891545c08fc6cd41174fdfc05c937420b56bfa62fc465a6faad80c6a13bac10f06bfa794b1f389388187326dd8257ae21576427fcd7c6733d2c41f311","2024-06-28T13:42:00.000","2","PARKED",,"1764497",,"CHEVROLET","SILVERADO","IL","2022","NONE","PICKUP","NOT IN USE","N","PARKED",,,"0",,,,,,,,,,,"Y","Y","Y","Y","Y",,,"UNKNOWN",,,,,,,,,,,,,,,,,,,,,,,,,,,,,,,,,
"1852384","3bca1bc16338c6bb262d3fd40cede12ffb68c1ced7362b9f5b3bb1aedb4d8dc4d216840a729fe48d98934dcfcc6c741b5b56dc5e6b0b6eb99e544ad7fff120a1","2024-06-28T13:40:00.000","1","DRIVER",,"1764587",,"VOLKSWAGEN","GTI","IL","2018","UNKNOWN","OTHER","PERSONAL","S","MERGING",,,"1",,,,,"Y","Y",,,,,,,,,,,,"FRONT-RIGHT-CORNER",,,,,,,,,,,,,,,,,,,,,,,,,,,,,,,,,
"1852385","3bca1bc16338c6bb262d3fd40cede12ffb68c1ced7362b9f5b3bb1aedb4d8dc4d216840a729fe48d98934dcfcc6c741b5b56dc5e6b0b6eb99e544ad7fff120a1","2024-06-28T13:40:00.000","2","DRIVER",,"1764598",,"TOYOTA","RAV4","IL","2021","UNKNOWN","SPORT UTILITY VEHICLE (SUV)","PERSONAL","S","STRAIGHT AHEAD",,,"1",,,,,,,,,,,"Y","Y","Y","Y","Y",,,"SIDE-LEFT",,,,,,,,,,,,,,,,,,,,,,,,,,,,,,,,,
"1852281","7be96c2123be4eb60aa2c8da1e6ef6a8fb41e3bd5f93050f825583e4ec5fdcaabd6aa4ff460f4eb443b84b8064373f64b3b2165124a8c9dbbaf38d257b507bb9","2024-06-28T13:33:00.000","1","DRIVER","1","1764492",,"FORD","OTHER (EXPLAIN IN NARRATIVE)","IL","2020","NONE","BUS UP TO 15 PASS.","OTHER","N","LEAVING TRAFFIC LANE TO PARK",,,"2",,,,,,"Y",,,,,,,,,,,,"SIDE-RIGHT-FRONT",,,,,,,,,,,,,,,,,,,,,,,,,,,,,,,,,
"1852264","9c0a6464b20db0e6e2c7ababcae878ac002818e2fc8ffea131dddf3fd9df749f6ba06fc124628ee5cd323b75b78a1fd6038186bab94cca90fb29a39b1b6a4109","2024-06-28T13:30:00.000","1","DRIVER",,"1764479",,"INFINITI","FX35","IL","2011","NONE","SPORT UTILITY VEHICLE (SUV)","PERSONAL","E","OTHER",,,"1",,,,,"Y",,,,,,,,,,,,,"SIDE-RIGHT-FRONT",,,,,,,,,,,,,,,,,,,,,,,,,,,,,,,,,
"1852265","d8a162273c6ddd2265e152c643bb595d60bc85386cdf6a7de5bef4280b3b081c955021b5592b0db6743702d2f3d26c16850ded1185a671e225f0895b59a4d9b7","2024-06-28T13:30:00.000","1","DRIVER",,"1764485",,"MITSUBISHI","LANCER","IL","2011","NONE","PASSENGER","PERSONAL","W","STRAIGHT AHEAD",,,"1",,,,,"Y",,,,,,,,,,"Y","Y",,"FRONT",,,,,,,,,,,,,,,,,,,,,,,,,,,,,,,,,
"1852266","d8a162273c6ddd2265e152c643bb595d60bc85386cdf6a7de5bef4280b3b081c955021b5592b0db6743702d2f3d26c16850ded1185a671e225f0895b59a4d9b7","2024-06-28T13:30:00.000","2","DRIVER",,"1764501",,"CHEVROLET","MALIBU","IL","2015","NONE","PASSENGER","PERSONAL","W","STRAIGHT AHEAD",,,"1",,,,,,,,,"Y","Y","Y",,,,,,,"REAR",,,,,,,,,,,,,,,,,,,,,,,,,,,,,,,,,
"1852349","d994ba9f66fc69fc5e6b89427716d8561b021569371cf3f84d9dfb05ca12cf4db63f7bb64a949a5821927252a815b341681def2a0904fcb45c85978796617ee6","2024-06-28T13:30:00.000","1","DRIVER",,"1764682",,"NISSAN","MURANO","IL","2015","UNKNOWN","SPORT UTILITY VEHICLE (SUV)","PERSONAL","S","STRAIGHT AHEAD",,,"1",,,,,,,,,,,,,,,,,,"FRONT",,,,,,,,,,,,,,,,,,,,,,,,,,,,,,,,,
"1852350","d994ba9f66fc69fc5e6b89427716d8561b021569371cf3f84d9dfb05ca12cf4db63f7bb64a949a5821927252a815b341681def2a0904fcb45c85978796617ee6","2024-06-28T13:30:00.000","2","DRIVER",,"1764731",,"HONDA","CIVIC","IL","2019","UNKNOWN","PASSENGER","PERSONAL","S","SLOW/STOP IN TRAFFIC",,,"1",,,,,,,,,,,,,,,,,,"REAR",,,,,,,,,,,,,,,,,,,,,,,,,,,,,,,,,
"1852313","3c81872c65ec5e3eac356398a5ad944d1cf39d73f269929610faa5d3604bbf717e3c0f9b60a5ec9fb4500f73584fa43f2e03c98b89aea1076d4b0156a7bb84a3","2024-06-28T13:23:00.000","1","DRIVER",,"1764529",,"UNKNOWN","OTHER (EXPLAIN IN NARRATIVE)","IL","2013","UNKNOWN","TRUCK - SINGLE UNIT","CONSTRUCTION/MAINTENANCE","S","STRAIGHT AHEAD",,,"1",,,,"Y",,,,,,,,,,,,,,"SIDE-LEFT",,,,,,,,,,,,,,,,,,,,,,,,,,,,,,,,,
"1852314","3c81872c65ec5e3eac356398a5ad944d1cf39d73f269929610faa5d3604bbf717e3c0f9b60a5ec9fb4500f73584fa43f2e03c98b89aea1076d4b0156a7bb84a3","2024-06-28T13:23:00.000","2","DRIVER",,"1764541",,"HONDA","CR-V","IL","2023","UNKNOWN","SPORT UTILITY VEHICLE (SUV)","PERSONAL","S","STRAIGHT AHEAD",,,"1",,,,,"Y","Y",,,,,,,,,,,,"SIDE-RIGHT",,,,,,,,,,,,,,,,,,,,,,,,,,,,,,,,,
"1852292","5415e9584c51e26ac09254ad59ae7d545a7feabf6f9e59bc53d6fde36e2c1ec6fc3414af0b9391328944140b8149dfdecebba64e4f09ea5bf8587d7f3363440e","2024-06-28T13:20:00.000","1","DRIVER","1","1764524",,"BUICK","LACROSSE","IL","2008","UNKNOWN","PASSENGER","PERSONAL","W","PASSING/OVERTAKING",,,"2",,,,,"Y","Y","Y",,,,,,,,,,,"FRONT-RIGHT-CORNER",,,,,,,,,,,,,,,,,,,,,,,,,,,,,,,,,
"1852293","5415e9584c51e26ac09254ad59ae7d545a7feabf6f9e59bc53d6fde36e2c1ec6fc3414af0b9391328944140b8149dfdecebba64e4f09ea5bf8587d7f3363440e","2024-06-28T13:20:00.000","2","DRIVER","1","1764508",,"JEEP","COMPASS","IL","2013","UNKNOWN","PASSENGER","PERSONAL","W","STRAIGHT AHEAD",,,"2",,,,,,,,,,,"Y","Y","Y","Y","Y",,,"SIDE-LEFT",,,,,,,,,,,,,,,,,,,,,,,,,,,,,,,,,
"1852344","c0db10bd6c97b906808143249bf836de34c37d68595a2e334d0ac7f12ba72ce253542c02434d68e8ece1b55cc4d38c3e6bccbddd9b661bc7b9d29d56ee3e08ee","2024-06-28T13:20:00.000","1","DRIVER",,"1764556",,"FORD","EDGE","IL","2017","UNKNOWN","PASSENGER","PERSONAL","W","TURNING LEFT","Y",,"1",,"PRIVATE TOW",,,"Y","Y",,,,,,,,"Y","Y","Y",,"FRONT",,,,,,,,,,,,,,,,,,,,,,,,,,,,,,,,,
"1852345","c0db10bd6c97b906808143249bf836de34c37d68595a2e334d0ac7f12ba72ce253542c02434d68e8ece1b55cc4d38c3e6bccbddd9b661bc7b9d29d56ee3e08ee","2024-06-28T13:20:00.000","2","DRIVER","1","1764569",,"KIA","TELLURIDE","TN","2022","UNKNOWN","PASSENGER","PERSONAL","S","STRAIGHT AHEAD","Y",,"2",,"CPD","CPD TOW LOT",,"N",,,,,,,,"Y","Y","Y","Y",,"FRONT-LEFT-CORNER",,,,,,,,,,,,,,,,,,,,,,,,,,,,,,,,,
"1852346","c0db10bd6c97b906808143249bf836de34c37d68595a2e334d0ac7f12ba72ce253542c02434d68e8ece1b55cc4d38c3e6bccbddd9b661bc7b9d29d56ee3e08ee","2024-06-28T13:20:00.000","3","DRIVER",,"1764579",,"JEEP","RENEGADE","IL","2015","UNKNOWN","PASSENGER","PERSONAL","E","SLOW/STOP IN TRAFFIC","Y",,"1",,"PRIVATE TOW",,,,,,,,,,,"Y","Y","Y",,,"FRONT-LEFT-CORNER",,,,,,,,,,,,,,,,,,,,,,,,,,,,,,,,,
"1852302","1c37f157554053866e11a6c00651d342e0ff43cafdd09856b00fcca9fce898969172b3ab74f56d58e527e511ad5f5d3582259211d7096d5afdab1e560559e766","2024-06-28T13:19:00.000","1","DRIVER",,"1764527",,"DODGE","JOURNEY","IL","2018","UNKNOWN","SPORT UTILITY VEHICLE (SUV)","UNKNOWN/NA","S","STRAIGHT AHEAD",,,"1",,,,,,,,,,,,,,,,"Y",,"FRONT",,,,,,,,,,,,,,,,,,,,,,,,,,,,,,,,,
"1852303","1c37f157554053866e11a6c00651d342e0ff43cafdd09856b00fcca9fce898969172b3ab74f56d58e527e511ad5f5d3582259211d7096d5afdab1e560559e766","2024-06-28T13:19:00.000","2","DRIVER",,"1764521",,"FORD","ESCAPE","IL","2013","UNKNOWN","SPORT UTILITY VEHICLE (SUV)","PERSONAL","S","STRAIGHT AHEAD",,,"1",,,,,,,,,"Y","Y",,,,,,,,"REAR",,,,,,,,,,,,,,,,,,,,,,,,,,,,,,,,,
"1852268","bf6a5413ccf0289064749c2c1edbee7815295f6825e1a70c1c04b74450b56eb385b9f2ef2b93aee672cf578131a8533b93e6017691305e742c343989d0817efa","2024-06-28T13:10:00.000","1","DRIVER","2","1764484",,"FORD","FUSION","IL","2014","NONE","PASSENGER","PERSONAL","E","STRAIGHT AHEAD","Y",,"3",,"private",,,"Y",,,,,,,,,"Y","Y","Y",,"FRONT",,,,,,,,,,,,,,,,,,,,,,,,,,,,,,,,,
"1852269","bf6a5413ccf0289064749c2c1edbee7815295f6825e1a70c1c04b74450b56eb385b9f2ef2b93aee672cf578131a8533b93e6017691305e742c343989d0817efa","2024-06-28T13:10:00.000","2","DRIVER",,"1764496",,"HONDA","CR-V","IL","2013","NONE","PASSENGER","PERSONAL","E","SLOW/STOP IN TRAFFIC",,,"1",,,,,,,,,"Y","Y","Y",,,,,,,"REAR",,,,,,,,,,,,,,,,,,,,,,,,,,,,,,,,,
"1852248","d6c69830247e2413c706e06e02645b1b641f5be928ffbac862af8f34f468565bbbd9550b48a8348f25f16e164430013c46e9f45351c11ff65f3ac0c271e021d5","2024-06-28T13:10:00.000","1","DRIVER",,"1764462",,"CHEVROLET","MALIBU","MI","2008","NONE","PASSENGER","PERSONAL","E","STRAIGHT AHEAD",,,"1",,,,,,,,,,,,,,,,"Y",,"FRONT",,,,,,,,,,,,,,,,,,,,,,,,,,,,,,,,,
"1852249","d6c69830247e2413c706e06e02645b1b641f5be928ffbac862af8f34f468565bbbd9550b48a8348f25f16e164430013c46e9f45351c11ff65f3ac0c271e021d5","2024-06-28T13:10:00.000","2","DRIVER",,"1764465",,"HONDA","FIT","IL","2019","NONE","PASSENGER","RIDESHARE SERVICE","E","STRAIGHT AHEAD",,,"1",,,,,,,,,,"Y",,,,,,,,"REAR",,,,,,,,,,,,,,,,,,,,,,,,,,,,,,,,,
"1852239","35d1fdf4bbef9238aa350e42095161391439921ca7928cff49f5ca0a11f5063f198f53ab59579d6228af7830533fafcba0b093e55634f5c7c9d325055febe55e","2024-06-28T13:00:00.000","1","DRIVER",,"1764456",,"HONDA","ACCORD","IL","2004","NONE","PASSENGER","PERSONAL","N","STRAIGHT AHEAD",,,"1",,,,,"Y",,,,,,,,,,"Y","Y",,"FRONT",,,,,,,,,,,,,,,,,,,,,,,,,,,,,,,,,
"1852240","35d1fdf4bbef9238aa350e42095161391439921ca7928cff49f5ca0a11f5063f198f53ab59579d6228af7830533fafcba0b093e55634f5c7c9d325055febe55e","2024-06-28T13:00:00.000","2","DRIVER",,"1764473",,"GENERAL MOTORS CORPORATION (GMC)","DENALI","IL","2011","NONE","SPORT UTILITY VEHICLE (SUV)","PERSONAL","N","STRAIGHT AHEAD",,,"1",,,,,,,,,,"Y",,,,,,,,"REAR",,,,,,,,,,,,,,,,,,,,,,,,,,,,,,,,,
"1852399","a2c9e2af74aebaf8f82af789c4fb1f792496fa5e9cc24125f83b065fc5c0439cd01cd665aa20d6685f517d5c21bde7533ff06c72d287f7e1c97a42cdd7d18c2e","2024-06-28T13:00:00.000","1","DRIVER",,"1764602",,"NISSAN","SENTRA","IL","2017","UNKNOWN","PASSENGER","PERSONAL","N","PASSING/OVERTAKING",,,"1",,,,,,,,,,,"Y","N",,,,,,"REAR-LEFT-CORNER",,,,,,,,,,,,,,,,,,,,,,,,,,,,,,,,,
"1852400","a2c9e2af74aebaf8f82af789c4fb1f792496fa5e9cc24125f83b065fc5c0439cd01cd665aa20d6685f517d5c21bde7533ff06c72d287f7e1c97a42cdd7d18c2e","2024-06-28T13:00:00.000","2","DRIVER","5","1764626",,"HONDA","PILOT","MI","2018","UNKNOWN","PASSENGER","PERSONAL","N","STRAIGHT AHEAD",,,"6",,,,,"Y",,,,,,,,,,,"Y",,"FRONT-RIGHT-CORNER",,,,,,,,,,,,,,,,,,,,,,,,,,,,,,,,,
"1852244","b88e8f33f2bc381a2ec8eb627ebf0da629e5af6159d6a4548dd789cd07fb22cd6e230fca082c60be015f4e1da5c1f9f9127bf1e39c289e54e3b214c07260bb20","2024-06-28T13:00:00.000","1","DRIVER",,"1764466",,"FORD","EXPLORER","IL","2023","NONE","SPORT UTILITY VEHICLE (SUV)","POLICE","E","SKIDDING/CONTROL LOSS",,,"1",,,,,,,,,,,,,,,,"Y",,"FRONT",,,,,,,,,,,,,,,,,,,,,,,,,,,,,,,,,