"crash_unit_id","crash_record_id","crash_date","unit_no","unit_type","num_passengers","vehicle_id","cmrc_veh_i","make","model","lic_plate_state","vehicle_year","vehicle_defect","vehicle_type","vehicle_use","travel_direction","maneuver","towed_i","fire_i","occupant_cnt","exceed_speed_limit_i","towed_by","towed_to","area_00_i","area_01_i","area_02_i","area_03_i","area_04_i","area_05_i","area_06_i","area_07_i","area_08_i","area_09_i","area_10_i","area_11_i","area_12_i","area_99_i","first_contact_point","cmv_id","usdot_no","ccmc_no","ilcc_no","commercial_src","gvwr","carrier_name","carrier_state","carrier_city","hazmat_placards_i","hazmat_name","un_no","hazmat_present_i","hazmat_report_i","hazmat_report_no","mcs_report_i","mcs_report_no","hazmat_vio_cause_crash_i","mcs_vio_cause_crash_i","idot_permit_no","wide_load_i","trailer1_width","trailer2_width","trailer1_length","trailer2_length","total_vehicle_length","axle_cnt","vehicle_config","cargo_body_type","load_type","hazmat_out_of_service_i","mcs_out_of_service_i","hazmat_class"
"1852245","b88e8f33f2bc381a2ec8eb627ebf0da629e5af6159d6a4548dd789cd07fb22cd6e230fca082c60be015f4e1da5c1f9f9127bf1e39c289e54e3b214c07260bb20","2024-06-28T13:00:00.000","2","DRIVER",,"1764480",,"FORD","BRONCO / BRONCO II","IL","2021","NONE","SPORT UTILITY VEHICLE (SUV)","PERSONAL","E","SLOW/STOP IN TRAFFIC",,,"1",,,,,,,,,,"Y",,,,,,,,"REAR",,,,,,,,,,,,,,,,,,,,,,,,,,,,,,,,,
"1852309","f5e2dfe86fc004c3e8d46d60243a02df52f718d44051cc8dfb85e08f54c555c49bf4199568ff90a7534d7e2dc70b5728e7b1f5e775cacf77f0a95bbc7b4e7953","2024-06-28T13:00:00.000","1","DRIVER",,"1764525",,"CHEVROLET","OTHER (EXPLAIN IN NARRATIVE)","IL","1988","UNKNOWN","PICKUP","PERSONAL","W","ENTER FROM DRIVE/ALLEY",,,"1",,,,"Y",,,,,,,,,,,,"Y",,"FRONT",,,,,,,,,,,,,,,,,,,,,,,,,,,,,,,,,
"1852310","f5e2dfe86fc004c3e8d46d60243a02df52f718d44051cc8dfb85e08f54c555c49bf4199568ff90a7534d7e2dc70b5728e7b1f5e775cacf77f0a95bbc7b4e7953","2024-06-28T13:00:00.000","2","DRIVER","2","1764530",,"AUDI","Q5","MO","2018","UNKNOWN","SPORT UTILITY VEHICLE (SUV)","PERSONAL","N","STRAIGHT AHEAD",,,"3",,,,,,"Y","Y","Y",,,,,,,,,,"SIDE-RIGHT",,,,,,,,,,,,,,,,,,,,,,,,,,,,,,,,,
"1852220","78cd9d277a1248e7fb90f09af1b2eb07881d5050ee98e6987fc459ffdb5b911fc029961c76732338690fc6887830708e0cdb64db4a9d61cf421e6720bd3fba41","2024-06-28T12:58:00.000","1","DRIVER",,"1764442",,"TOYOTA","HIGHLANDER","IL","2010","UNKNOWN","SPORT UTILITY VEHICLE (SUV)","PERSONAL","S","MERGING",,,"1",,,,,,,,,,,,,"Y","Y",,,,"SIDE-LEFT",,,,,,,,,,,,,,,,,,,,,,,,,,,,,,,,,
"1852221","78cd9d277a1248e7fb90f09af1b2eb07881d5050ee98e6987fc459ffdb5b911fc029961c76732338690fc6887830708e0cdb64db4a9d61cf421e6720bd3fba41","2024-06-28T12:58:00.000","2","DRIVER",,"1764450",,"NISSAN","MURANO","IL","2015","NONE","SPORT UTILITY VEHICLE (SUV)","PERSONAL","W","STRAIGHT AHEAD",,,"1",,,,,"Y",,,,,,,,,,"Y","Y",,"FRONT",,,,,,,,,,,,,,,,,,,,,,,,,,,,,,,,,
"1852231","b4db060cf6ba4b44d63b3cd829b0d0d1050ee7a61056a65482be8df73ccc8fac9924814600be3f829460efd2da591e96aa9614362684457298a41c2356ec0694","2024-06-28T12:49:00.000","1","DRIVER",,"1764455",,"CHEVROLET","IMPALA","IL","2007","BRAKES","PASSENGER","PERSONAL","N","STRAIGHT AHEAD","Y",,"1",,"OWNER","RESIDENCE",,"Y",,,,,,,,,,"Y","Y",,"FRONT",,,,,,,,,,,,,,,,,,,,,,,,,,,,,,,,,
"1852232","b4db060cf6ba4b44d63b3cd829b0d0d1050ee7a61056a65482be8df73ccc8fac9924814600be3f829460efd2da591e96aa9614362684457298a41c2356ec0694","2024-06-28T12:49:00.000","2","DRIVER",,"1764467",,"FORD","EXPEDITION","IL","2020","NONE","SPORT UTILITY VEHICLE (SUV)","PERSONAL","N","SLOW/STOP IN TRAFFIC",,,"1",,,,,,,,,"Y","Y","Y",,,,,,,"REAR",,,,,,,,,,,,,,,,,,,,,,,,,,,,,,,,,
"1852222","b39826b72c02ee16bcffe7aad8694f81a5917200d827b06730b048d38005deabe3f926469b5e63ab00cc9ec4254cebdeb2f4115f1c5246b113d941eb9ccbfdfa","2024-06-28T12:45:00.000","1","DRIVER",,"1764435",,"CHEVROLET","CRUZE","IL","2005","UNKNOWN","PASSENGER","PERSONAL","N","U-TURN",,,"1",,,,,,,,,,,,,,,,,"Y","UNKNOWN",,,,,,,,,,,,,,,,,,,,,,,,,,,,,,,,,
"1852223","b39826b72c02ee16bcffe7aad8694f81a5917200d827b06730b048d38005deabe3f926469b5e63ab00cc9ec4254cebdeb2f4115f1c5246b113d941eb9ccbfdfa","2024-06-28T12:45:00.000","2","DRIVER","1","1764451",,"DODGE","CARAVAN","IL","2015","NONE","PASSENGER","PERSONAL","S","OTHER","Y",,"2",,"PRIVATE TOW","PRIVATE PROPERTY",,,"Y",,,,,,,"Y","Y","Y","Y",,"FRONT-LEFT-CORNER",,,,,,,,,,,,,,,,,,,,,,,,,,,,,,,,,
"1852224","b39826b72c02ee16bcffe7aad8694f81a5917200d827b06730b048d38005deabe3f926469b5e63ab00cc9ec4254cebdeb2f4115f1c5246b113d941eb9ccbfdfa","2024-06-28T12:45:00.000","3","PARKED",,"1764463",,"KIA","SPORTAGE","IL","2016","NONE","PASSENGER","PERSONAL","S","PARKED",,,"0",,,,,,,,,,,,,"Y","Y","Y",,,"FRONT-LEFT-CORNER",,,,,,,,,,,,,,,,,,,,,,,,,,,,,,,,,
"1852216","741f4f02509d967aac6806e695235eb081d0aa11a00a8bef18a7e95dd53f973daab5437d60d7a7b4587b698da275d08a66b4aa412fdb47603c6946a9f9eafaa2","2024-06-28T12:40:00.000","1","DRIVER",,"1764433",,"CHEVROLET","BLAZER","IL","1994","NONE","PASSENGER","PERSONAL","W","STRAIGHT AHEAD","Y",,"1",,"CITY POUND",,,"Y",,,,,,,,,,"Y","Y",,"FRONT-RIGHT-CORNER",,,,,,,,,,,,,,,,,,,,,,,,,,,,,,,,,
"1852217","741f4f02509d967aac6806e695235eb081d0aa11a00a8bef18a7e95dd53f973daab5437d60d7a7b4587b698da275d08a66b4aa412fdb47603c6946a9f9eafaa2","2024-06-28T12:40:00.000","2","PARKED",,"1764438",,"FORD","ESCAPE","IL","2008","NONE","PASSENGER","NOT IN USE","W","PARKED",,,"0",,,,,,,,,,,,"Y","Y","Y",,,,"SIDE-LEFT",,,,,,,,,,,,,,,,,,,,,,,,,,,,,,,,,
"1852254","111f31a2d25cac734c252eb1c83f8c0fe93f7f6cd491c646d513a1d3d222cc9fe215c65e93f59cdbe1fd780c151a09f989e4e4e9936fcd5c94cbb1b0b57a7a4a","2024-06-28T12:38:00.000","1","DRIVER",,"1764472",,"CHEVROLET","EQUINOX","IL","2019","UNKNOWN","PASSENGER","PERSONAL","NE","CHANGING LANES","Y",,"1",,"UNK","UNK",,"Y","Y",,,,,,,,,,,,"FRONT-RIGHT-CORNER",,,,,,,,,,,,,,,,,,,,,,,,,,,,,,,,,
"1852255","111f31a2d25cac734c252eb1c83f8c0fe93f7f6cd491c646d513a1d3d222cc9fe215c65e93f59cdbe1fd780c151a09f989e4e4e9936fcd5c94cbb1b0b57a7a4a","2024-06-28T12:38:00.000","2","DRIVER","1","1764476",,"VOLKSWAGEN","BEETLE","AL","2018","UNKNOWN","PASSENGER","PERSONAL","E","STRAIGHT AHEAD",,,"2",,,,,"Y",,,,,,,,,,"Y",,,"UNKNOWN",,,,,,,,,,,,,,,,,,,,,,,,,,,,,,,,,
"1852256","111f31a2d25cac734c252eb1c83f8c0fe93f7f6cd491c646d513a1d3d222cc9fe215c65e93f59cdbe1fd780c151a09f989e4e4e9936fcd5c94cbb1b0b57a7a4a","2024-06-28T12:38:00.000","3","DRIVER","4","1764487",,"TOYOTA","AVALON","IL","2014","UNKNOWN","PASSENGER","PERSONAL","E","STRAIGHT AHEAD",,,"5",,,,,,,,,,"Y","Y",,,,,,,"REAR-LEFT-CORNER",,,,,,,,,,,,,,,,,,,,,,,,,,,,,,,,,
"1852246","472ca2d5dd57801563c0ecb2be1114f41b2460bac17b72de39537a4b1f0a907d1318e8b202f8377f17620ea33c22f7dabf390d6ebfc6c4a4b360c29b01dd4516","2024-06-28T12:30:00.000","1","DRIVER",,"1764464",,"TOYOTA","OTHER (EXPLAIN IN NARRATIVE)","IL","2006","UNKNOWN","PASSENGER","AMBULANCE","N","STRAIGHT AHEAD",,,"1",,,,,,,,,,,,,,,,"Y",,"FRONT",,,,,,,,,,,,,,,,,,,,,,,,,,,,,,,,,
"1852247","472ca2d5dd57801563c0ecb2be1114f41b2460bac17b72de39537a4b1f0a907d1318e8b202f8377f17620ea33c22f7dabf390d6ebfc6c4a4b360c29b01dd4516","2024-06-28T12:30:00.000","2","DRIVER",,"1764470",,"JEEP","CHEROKEE","CO","2015","NONE","SPORT UTILITY VEHICLE (SUV)","PERSONAL","N","SLOW/STOP IN TRAFFIC",,,"1",,,,,,,,,,"Y",,,,,,,,"REAR",,,,,,,,,,,,,,,,,,,,,,,,,,,,,,,,,
"1852924","1300341fa1fde49eb88f4b34f81162866520036a2ed7e4bc4e5b7899eeb8fa55849e0f0f2994ec129cd8da2bab3f9f4d7fbb0b18fc1141b0ea2509e761b029a9","2024-06-28T12:26:00.000","1","DRIVER",,"1765124","Y","CHEVROLET","OTHER (EXPLAIN IN NARRATIVE)","IL","2023","UNKNOWN","OTHER","COMMERCIAL - SINGLE UNIT","UNKNOWN","UNKNOWN/NA",,,"1",,,,,,,,,,,,,,,,,"Y","SIDE-LEFT","19551",,,,,,"MOORE LANDSCAPES LLC","FL","BUNNELL",,,,,,,,,,,,,,,,,,,,,,,,
"1852925","1300341fa1fde49eb88f4b34f81162866520036a2ed7e4bc4e5b7899eeb8fa55849e0f0f2994ec129cd8da2bab3f9f4d7fbb0b18fc1141b0ea2509e761b029a9","2024-06-28T12:26:00.000","2","DRIVER","2","1765138",,"TOYOTA","HIGHLANDER","IL","2022","NONE","SPORT UTILITY VEHICLE (SUV)","UNKNOWN/NA","UNKNOWN","SLOW/STOP IN TRAFFIC",,,"3",,,,,"Y","Y","Y",,,,,,,,,,,"SIDE-RIGHT",,,,,,,,,,,,,,,,,,,,,,,,,,,,,,,,,
"1852237","f71a8df08f2f62d510d3bad1a8748c8407019b49c0cc2a97037c939df97cc2abe02fb979ab9bff8e55cf09867d16c1567480a2bd0964e4de279148fc6360e0ec","2024-06-28T12:24:00.000","1","DRIVER","1","1764461",,"TOYOTA","CAMRY","IL","2012","UNKNOWN","PASSENGER","PERSONAL","S","MERGING",,,"2",,,,,,,,,,,,,,,"Y",,,"FRONT-LEFT-CORNER",,,,,,,,,,,,,,,,,,,,,,,,,,,,,,,,,
"1852238","f71a8df08f2f62d510d3bad1a8748c8407019b49c0cc2a97037c939df97cc2abe02fb979ab9bff8e55cf09867d16c1567480a2bd0964e4de279148fc6360e0ec","2024-06-28T12:24:00.000","2","DRIVER","2","1764475",,"CHEVROLET","MALIBU","WI","2011","UNKNOWN","PASSENGER","PERSONAL","S","STRAIGHT AHEAD",,,"3",,,,,,,,"Y","Y",,,,,,,,,"REAR-RIGHT-CORNER",,,,,,,,,,,,,,,,,,,,,,,,,,,,,,,,,
"1852298","4fbf30a1a88ec3a95800249d40311dc30128a751ba0d2ed1476b34ea666f82d5b18d8515866581980f9e9fcca3c20e4227d430db25c630714d79df584a6895c3","2024-06-28T12:20:00.000","1","DRIVER",,"1764509",,"UNKNOWN","OTHER (EXPLAIN IN NARRATIVE)","IL",,"NONE","PASSENGER","PERSONAL","N","STRAIGHT AHEAD",,,"1",,,,,,,,,,,,,,,,,"Y","FRONT-LEFT-CORNER",,,,,,,,,,,,,,,,,,,,,,,,,,,,,,,,,
"1852299","4fbf30a1a88ec3a95800249d40311dc30128a751ba0d2ed1476b34ea666f82d5b18d8515866581980f9e9fcca3c20e4227d430db25c630714d79df584a6895c3","2024-06-28T12:20:00.000","2","DRIVER",,"1764518",,"FORD","F150","IL","2009","NONE","PICKUP","PERSONAL","N","STRAIGHT AHEAD",,,"1",,,,,,"Y","Y",,,,,,,,,,,"SIDE-RIGHT-FRONT",,,,,,,,,,,,,,,,,,,,,,,,,,,,,,,,,
"1852203","0f040b501761042b23eca22577b5e841d1ab2a6d2375ce66dcb960def4541c968f30363b02dfc67fb930d87c2b6decec3c339062a9336856a6a85c3383d84446","2024-06-28T12:16:00.000","1","DRIVER",,"1764429",,"FORD","F150","IL","2020","NONE","PICKUP","PERSONAL","N","TURNING LEFT","N",,"1",,,,,"Y",,,,,,,,,,"Y","Y",,"FRONT",,,,,,,,,,,,,,,,,,,,,,,,,,,,,,,,,
"1852204","0f040b501761042b23eca22577b5e841d1ab2a6d2375ce66dcb960def4541c968f30363b02dfc67fb930d87c2b6decec3c339062a9336856a6a85c3383d84446","2024-06-28T12:16:00.000","2","DRIVER",,"1764436",,"FORD","FUSION","IL","2013","NONE","PASSENGER","PERSONAL","S","STRAIGHT AHEAD",,,"1",,,,,"Y",,,,,,,"Y","Y","Y","Y","Y",,"FRONT-LEFT-CORNER",,,,,,,,,,,,,,,,,,,,,,,,,,,,,,,,,
"1852184","548901c10ec42c98984f0040b5d9644d2ffe3b3a739907e44d27a78a4a8d6d5931c2b80322e1c0863dcec1e8ce2d2c4deee354f87110ac29b769a43a0307b280","2024-06-28T12:15:00.000","2","DRIVER",,"1764410",,"HONDA","CR-V","IL","2018","NONE","SPORT UTILITY VEHICLE (SUV)","PERSONAL","W","STRAIGHT AHEAD",,,"1",,,,,"Y",,,,,,,,,,,,,"FRONT-RIGHT-CORNER",,,,,,,,,,,,,,,,,,,,,,,,,,,,,,,,,
"1852185","548901c10ec42c98984f0040b5d9644d2ffe3b3a739907e44d27a78a4a8d6d5931c2b80322e1c0863dcec1e8ce2d2c4deee354f87110ac29b769a43a0307b280","2024-06-28T12:15:00.000","1","PARKED","5","1764415",,"JEEP","CHEROKEE",,"2014","UNKNOWN","SPORT UTILITY VEHICLE (SUV)","UNKNOWN/NA","W","PARKED",,,"5",,,,,,,,,,,,"Y","Y","N",,,,"SIDE-LEFT-REAR",,,,,,,,,,,,,,,,,,,,,,,,,,,,,,,,,
"1852279","578ff282e55c2b0414dfc4f2199ca3987845925a9c44d0352e46389439a4e70eb3c32154cddc9ffa805927217b983da35cc451d1abba874024a1ce26a8ef91c5","2024-06-28T12:15:00.000","1","DRIVER",,"1764507",,"GENERAL MOTORS CORPORATION (GMC)","ACADIA","IL","2023","UNKNOWN","PASSENGER","PERSONAL","S","STRAIGHT AHEAD",,,"1",,,,"Y",,,,,,,,,,,,,,"FRONT",,,,,,,,,,,,,,,,,,,,,,,,,,,,,,,,,
"1852280","578ff282e55c2b0414dfc4f2199ca3987845925a9c44d0352e46389439a4e70eb3c32154cddc9ffa805927217b983da35cc451d1abba874024a1ce26a8ef91c5","2024-06-28T12:15:00.000","2","DRIVER","1","1764537",,"VOLVO","XC90","WI","2023","UNKNOWN","PASSENGER","PERSONAL","S","STRAIGHT AHEAD",,,"2",,,,,,,,,,"Y","Y",,,,,,,"REAR",,,,,,,,,,,,,,,,,,,,,,,,,,,,,,,,,
"1852207","5a32c4a9905d67c466d25e6612070ee61d4963401d011d830afe2e1a3146827de0b9c4c10bb1ca1870f4033ae43b1c48db80830ee96ec8c5509126d623cdb07c","2024-06-28T12:15:00.000","1","DRIVER",,"1764430",,"ACURA","ILX","IL","2016","NONE","PASSENGER","PERSONAL","W","TURNING RIGHT",,,"1",,,,,,,,,,,,,"Y","Y",,,,"TOP",,,,,,,,,,,,,,,,,,,,,,,,,,,,,,,,,
"1852208","5a32c4a9905d67c466d25e6612070ee61d4963401d011d830afe2e1a3146827de0b9c4c10bb1ca1870f4033ae43b1c48db80830ee96ec8c5509126d623cdb07c","2024-06-28T12:15:00.000","2","DRIVER",,"1764439",,"FREIGHTLINER CORPORATION","OTHER (EXPLAIN IN NARRATIVE)","IL","2014","NONE","TRUCK - SINGLE UNIT","COMMERCIAL - SINGLE UNIT","W","LEAVING TRAFFIC LANE TO PARK",,,"1",,,,,,,,,,,"Y",,,,,,,"SIDE-LEFT-REAR",,,,,,,,,,,,,,,,,,,,,,,,,,,,,,,,,
"1852437","a0e46e02551afe48321d2b1c620ef56340670ef9c9383610c30648d7c061adaaee64f08f27ceda4d7929afc26aa68e549c83e06f666f6517b44f428f6888c57e","2024-06-28T12:15:00.000","1","DRIVER",,"1764661","Y","FREIGHTLINER CORPORATION","FREIGHTLINER CORP.","IN","2016","NONE","TRACTOR W/ SEMI-TRAILER","COMMERCIAL - SINGLE UNIT","E","TURNING LEFT",,,"1",,,,"Y",,,,,,,,,,,,,"N","OTHER","19542","492919",,,"SIDE OF TRUCK",,"DJURIC TRUCKING","IN","HAMMOND",,,,,,,,,,,,,,,,,,,"TRACTOR/SEMI-TRAILER","VAN/ENCLOSED BOX","OTHER",,,
"1852438","a0e46e02551afe48321d2b1c620ef56340670ef9c9383610c30648d7c061adaaee64f08f27ceda4d7929afc26aa68e549c83e06f666f6517b44f428f6888c57e","2024-06-28T12:15:00.000","2","DRIVER",,"1764641",,"FORD","MUSTANG MACH-E","IL","2024","NONE","SPORT UTILITY VEHICLE (SUV)","PERSONAL","E","TURNING LEFT","Y",,"1",,"private tow",,,"Y","Y",,,,,,,,,,,,"FRONT-RIGHT-CORNER",,,,,,,,,,,,,,,,,,,,,,,,,,,,,,,,,
"1852435","f8a12fd296bdd618920352759f1c092242af5594c18e92513eb4c012c419ab38a4c80ceb4f4951127af991f61d653740e3e70f9305acf03d82e29342231aecb8","2024-06-28T12:15:00.000","1","DRIVER",,"1764639",,"DODGE","RAM 2500 VAN","IL","2003","NONE","VAN/MINI-VAN","OTHER","W","STRAIGHT AHEAD",,,"1",,,,"Y",,,,,,,,,,,,"N",,"FRONT",,,,,,,,,,,,,,,,,,,,,,,,,,,,,,,,,
"1852436","f8a12fd296bdd618920352759f1c092242af5594c18e92513eb4c012c419ab38a4c80ceb4f4951127af991f61d653740e3e70f9305acf03d82e29342231aecb8","2024-06-28T12:15:00.000","2","DRIVER",,"1764654",,"LEXUS","IS250","IL","2013","NONE","PASSENGER","PERSONAL","W","SLOW/STOP IN TRAFFIC",,,"1",,,,,,,,,,"Y",,,,,,,,"REAR",,,,,,,,,,,,,,,,,,,,,,,,,,,,,,,,,
"1852242","9b082438ab7c0625fed1ca40798b5cb2fb4ba06730ac5580bc42442ea3c715d27fb294a196ecafde50522bb2c03f4da85bbabd6a261cda4379dd55ca93cbfb19","2024-06-28T12:10:00.000","1","DRIVER",,"1764550",,"SUBARU","CROSSTREK","IL","2015","UNKNOWN","SPORT UTILITY VEHICLE (SUV)","PERSONAL","S","U-TURN",,,"1",,,,,"Y","Y",,,,,,,,,,,,"FRONT-RIGHT-CORNER",,,,,,,,,,,,,,,,,,,,,,,,,,,,,,,,,
"1852243","9b082438ab7c0625fed1ca40798b5cb2fb4ba06730ac5580bc42442ea3c715d27fb294a196ecafde50522bb2c03f4da85bbabd6a261cda4379dd55ca93cbfb19","2024-06-28T12:10:00.000","2","DRIVER",,"1764552",,"TOYOTA","CAMRY","IL","2024","UNKNOWN","PASSENGER","PERSONAL","N","STRAIGHT AHEAD",,,"1",,,,,,,,,,,"Y","Y",,,,,,"REAR-LEFT-CORNER",,,,,,,,,,,,,,,,,,,,,,,,,,,,,,,,,
"1852209","9d76c38c9a9af148a9bc507e53185d70fa31030b9c5d536b199e45b94ec6fe6f213433899a0254ca341f8111c2e8f4aebc83da4ad0a2a4ed367558b78cba7fd9","2024-06-28T12:10:00.000","1","DRIVER",,"1764434",,"JEEP","GRAND CHEROKEE",,,"BRAKES","SPORT UTILITY VEHICLE (SUV)","UNKNOWN/NA","N","STRAIGHT AHEAD",,,"1",,,,,,,,,,,,,,,,"Y",,"FRONT",,,,,,,,,,,,,,,,,,,,,,,,,,,,,,,,,
"1852210","9d76c38c9a9af148a9bc507e53185d70fa31030b9c5d536b199e45b94ec6fe6f213433899a0254ca341f8111c2e8f4aebc83da4ad0a2a4ed367558b78cba7fd9","2024-06-28T12:10:00.000","2","DRIVER","1","1764444",,"HONDA","CR-V","IL","2003","UNKNOWN","PASSENGER","PERSONAL","N","STRAIGHT AHEAD",,,"2",,,,,,,,"Y","Y","Y",,,,,,,,"REAR-RIGHT-CORNER",,,,,,,,,,,,,,,,,,,,,,,,,,,,,,,,,
"1852211","9d76c38c9a9af148a9bc507e53185d70fa31030b9c5d536b199e45b94ec6fe6f213433899a0254ca341f8111c2e8f4aebc83da4ad0a2a4ed367558b78cba7fd9","2024-06-28T12:10:00.000","3","PARKED",,"1764448",,"FORD","OTHER (EXPLAIN IN NARRATIVE)","IL","2020","NONE","SPORT UTILITY VEHICLE (SUV)","PERSONAL","N","PARKED",,,"0",,,,,,,,,,,,"Y",,,,,,"SIDE-LEFT-REAR",,,,,,,,,,,,,,,,,,,,,,,,,,,,,,,,,
"1852322","51a390a8cb75429bc9727729d3d23a0491d172d0e7d870a061d4137ea24a4031b9b58a60a2c05c7127d0b6dd9c7c8a3417c8194ae01d9d45b7c83e2070153a83","2024-06-28T12:05:00.000","1","DRIVER","1","1764533",,"SUBARU","CROSSTREK","IL","2015","UNKNOWN","PASSENGER","PERSONAL","S","U-TURN",,,"2",,,,,"N",,,,,,,,,,,"Y",,"FRONT",,,,,,,,,,,,,,,,,,,,,,,,,,,,,,,,,
"1852323","51a390a8cb75429bc9727729d3d23a0491d172d0e7d870a061d4137ea24a4031b9b58a60a2c05c7127d0b6dd9c7c8a3417c8194ae01d9d45b7c83e2070153a83","2024-06-28T12:05:00.000","2","DRIVER",,"1764549",,"TOYOTA","CAMRY","IL","2024","UNKNOWN","PASSENGER","PERSONAL","N","STRAIGHT AHEAD",,,"1",,,,,,,,,,,,"Y",,,,,,"REAR-LEFT-CORNER",,,,,,,,,,,,,,,,,,,,,,,,,,,,,,,,,
"1852186","573169291d25cb712c84f703c0efb942e53003d9111c9870b1cf71ba8faca6e48f7145aa2541673b2afd17672ee5bd985c330a4c9cc385a05f1838ce40dfa3bd","2024-06-28T12:04:00.000","1","DRIVER",,"1764412",,"FORD","ECONOLINE E150","IL","2013","NONE","VAN/MINI-VAN","PERSONAL","W","TURNING LEFT",,,"1",,,,,"Y","Y",,,,,,,,,,"Y",,"FRONT-RIGHT-CORNER",,,,,,,,,,,,,,,,,,,,,,,,,,,,,,,,,
"1852187","573169291d25cb712c84f703c0efb942e53003d9111c9870b1cf71ba8faca6e48f7145aa2541673b2afd17672ee5bd985c330a4c9cc385a05f1838ce40dfa3bd","2024-06-28T12:04:00.000","2","DRIVER",,"1764555",,"AUDI","Q8","IL","2019","NONE","PASSENGER","PERSONAL","W","STRAIGHT AHEAD",,,"1",,,,,,,,,,,,,,,,,,"FRONT",,,,,,,,,,,,,,,,,,,,,,,,,,,,,,,,,
"1852218","b490c54d8cfda341b1f946ecbd7886b983e983179ec9a747697cfbac9c40de0d816e3f8039e9f244bb9932650bd7931132128833bb321fd72fa2ae3e226152d4","2024-06-28T12:02:00.000","1","DRIVER",,"1764440",,"TOYOTA","HIGHLANDER","IL","2022","OTHER","PASSENGER","PERSONAL","S","ENTERING TRAFFIC LANE FROM PARKING",,,"1",,,,,,,,,,,,,,"N","N","N",,"FRONT-LEFT-CORNER",,,,,,,,,,,,,,,,,,,,,,,,,,,,,,,,,
"1852219","b490c54d8cfda341b1f946ecbd7886b983e983179ec9a747697cfbac9c40de0d816e3f8039e9f244bb9932650bd7931132128833bb321fd72fa2ae3e226152d4","2024-06-28T12:02:00.000","2","DRIVER",,"1764457",,"TOYOTA","CAMRY","FL","2022","UNKNOWN","PASSENGER","PERSONAL","N","ENTERING TRAFFIC LANE FROM PARKING",,,"1",,,,,,,,,,"Y","Y","Y",,,,,,"REAR-LEFT-CORNER",,,,,,,,,,,,,,,,,,,,,,,,,,,,,,,,,
"1852827","2f93cd095b03f2d20446929289b06c6671439aac770be2da09414abdc9a2c3efc3908f5d812dce9686acdfa806cc2c6f1cf7cae6b0c66c104674f8244dc68947","2024-06-28T12:00:00.000","1","DRIVER",,"1765033",,"HONDA","ACCORD","IL","2006","UNKNOWN","PASSENGER","PERSONAL","N","STRAIGHT AHEAD",,,"1",,,,,,,,,,,,,,,,"Y",,"FRONT",,,,,,,,,,,,,,,,,,,,,,,,,,,,,,,,,
"1852828","2f93cd095b03f2d20446929289b06c6671439aac770be2da09414abdc9a2c3efc3908f5d812dce9686acdfa806cc2c6f1cf7cae6b0c66c104674f8244dc68947","2024-06-28T12:00:00.000","2","DRIVER",,"1765040",,"TOYOTA","OTHER (EXPLAIN IN NARRATIVE)",,"2007","UNKNOWN","PASSENGER","PERSONAL","N","STRAIGHT AHEAD",,,"1",,,,,,,,,,"Y",,,,,,,,"REAR",,,,,,,,,,,,,,,,,,,,,,,,,,,,,,,,,
"1852190","635e0fba11ffd37fc3374f55489b52fc97c8906ec6094086047c6259572f3246edb93260d2bd8947b675d7ad7e1f36409341ec5cfe7c994e38bd64f1ccce0899","2024-06-28T12:00:00.000","1","DRIVER","1","1764418",,"TOYOTA","COROLLA","IL","1997","UNKNOWN","PASSENGER","PERSONAL","E","STRAIGHT AHEAD",,,"2",,,,,"Y",,,,,,,,,,"Y","Y",,"FRONT",,,,,,,,,,,,,,,,,,,,,,,,,,,,,,,,,
"1852191","635e0fba11ffd37fc3374f55489b52fc97c8906ec6094086047c6259572f3246edb93260d2bd8947b675d7ad7e1f36409341ec5cfe7c994e38bd64f1ccce0899","2024-06-28T12:00:00.000","2","DRIVER",,"1764424",,"FORD","EDGE","WI","2024","NONE","SPORT UTILITY VEHICLE (SUV)","PERSONAL","E","SLOW/STOP IN TRAFFIC",,,"1",,,,,,,,,"Y","Y","Y",,,,,,,"REAR",,,,,,,,,,,,,,,,,,,,,,,,,,,,,,,,,
"1852979","820fc97dd07558a12fbbc21032f1a56bb6d47653e0ca9f21db0c7b3673a4cff2efb047bb5002f185a1e3da4b638ff78a8ba28b1afa80797cd711f99ef6ccd419","2024-06-28T12:00:00.000","1","DRIVER",,"1765174",,"TOYOTA","OTHER (EXPLAIN IN NARRATIVE)",,,"UNKNOWN","PASSENGER","RIDESHARE SERVICE","W","STRAIGHT AHEAD",,,"1",,,,"Y",,,,,,,,,,,,,,"SIDE-RIGHT-REAR",,,,,,,,,,,,,,,,,,,,,,,,,,,,,,,,,
"1852987","820fc97dd07558a12fbbc21032f1a56bb6d47653e0ca9f21db0c7b3673a4cff2efb047bb5002f185a1e3da4b638ff78a8ba28b1afa80797cd711f99ef6ccd419","2024-06-28T12:00:00.000","2","PEDESTRIAN",,,,,,,,,,,,,,,,,,,,,,,,,,,,,,,,,,,,,,,,,,,,,,,,,,,,,,,,,,,,,,,,,,