"crash_unit_id","crash_record_id","crash_date","unit_no","unit_type","num_passengers","vehicle_id","cmrc_veh_i","make","model","lic_plate_state","vehicle_year","vehicle_defect","vehicle_type","vehicle_use","travel_direction","maneuver","towed_i","fire_i","occupant_cnt","exceed_speed_limit_i","towed_by","towed_to","area_00_i","area_01_i","area_02_i","area_03_i","area_04_i","area_05_i","area_06_i","area_07_i","area_08_i","area_09_i","area_10_i","area_11_i","area_12_i","area_99_i","first_contact_point","cmv_id","usdot_no","ccmc_no","ilcc_no","commercial_src","gvwr","carrier_name","carrier_state","carrier_city","hazmat_placards_i","hazmat_name","un_no","hazmat_present_i","hazmat_report_i","hazmat_report_no","mcs_report_i","mcs_report_no","hazmat_vio_cause_crash_i","mcs_vio_cause_crash_i","idot_permit_no","wide_load_i","trailer1_width","trailer2_width","trailer1_length","trailer2_length","total_vehicle_length","axle_cnt","vehicle_config","cargo_body_type","load_type","hazmat_out_of_service_i","mcs_out_of_service_i","hazmat_class"
"1852233","a2f30bed5c3961aa6d52e10a00029a6d11ab4afd79ce11f6e602e5d9835fff0ee9bf9851e3a85bf35e74dfd129b6c434f9aee4c13ee6eb26df304ad7c16d081b","2024-06-28T12:00:00.000","1","DRIVER",,"1764458",,"CHEVROLET","TRAX","IL","2021","UNKNOWN","PASSENGER","PERSONAL","S","STRAIGHT AHEAD","Y",,"1",,,,,"Y",,,,,,,,,,"Y","Y",,"FRONT",,,,,,,,,,,,,,,,,,,,,,,,,,,,,,,,,
"1852234","a2f30bed5c3961aa6d52e10a00029a6d11ab4afd79ce11f6e602e5d9835fff0ee9bf9851e3a85bf35e74dfd129b6c434f9aee4c13ee6eb26df304ad7c16d081b","2024-06-28T12:00:00.000","2","DRIVER","1","1764471",,"ACURA","TLX","IL","2012","NONE","PASSENGER","PERSONAL","W","STRAIGHT AHEAD","Y",,"2",,,,,"Y","Y","Y",,,,,,,,,,,"SIDE-RIGHT-FRONT",,,,,,,,,,,,,,,,,,,,,,,,,,,,,,,,,
"1852176","f1941a024668b22fbd2c5a5103ee0b1b6cd398972a174e95a8cca5d7c5c649e5df8ad7d4c5b7aa34545f211ae8c83bde84bd84d738c3115a61fa00d183a96b61","2024-06-28T11:55:00.000","1","DRIVER",,"1764402",,"TESLA","OTHER (EXPLAIN IN NARRATIVE)","IL","2019","UNKNOWN","PASSENGER","PERSONAL","W","STRAIGHT AHEAD",,,"1",,,,,,,,,,,,,,,,"Y",,"FRONT",,,,,,,,,,,,,,,,,,,,,,,,,,,,,,,,,
"1852177","f1941a024668b22fbd2c5a5103ee0b1b6cd398972a174e95a8cca5d7c5c649e5df8ad7d4c5b7aa34545f211ae8c83bde84bd84d738c3115a61fa00d183a96b61","2024-06-28T11:55:00.000","2","DRIVER","1","1764407",,"DODGE","CHALLENGER","IL","2017","NONE","PASSENGER","PERSONAL","W","SLOW/STOP IN TRAFFIC",,,"2",,,,,,,,,,"Y",,,,,,,,"REAR",,,,,,,,,,,,,,,,,,,,,,,,,,,,,,,,,
"1852194","2bd5aefb1902a9a41640c080178a8c8d01688f76409ee4f90f1739d06cf35cb79494eda204a806e04944adac532492ecfd391806631a7764d4997a193c83e089","2024-06-28T11:50:00.000","1","DRIVER",,"1764445",,"CHEVROLET","OTHER (EXPLAIN IN NARRATIVE)","IL","2020","NONE","PASSENGER","OTHER","E","STRAIGHT AHEAD",,,"1",,,,"Y",,,,,,,,,,,,,,"FRONT",,,,,,,,,,,,,,,,,,,,,,,,,,,,,,,,,
"1852195","2bd5aefb1902a9a41640c080178a8c8d01688f76409ee4f90f1739d06cf35cb79494eda204a806e04944adac532492ecfd391806631a7764d4997a193c83e089","2024-06-28T11:50:00.000","2","DRIVER",,"1764423",,"KIA","SORENTO","IL","2022","NONE","SPORT UTILITY VEHICLE (SUV)","PERSONAL","E","SLOW/STOP IN TRAFFIC",,,"1",,,,,,,,,"Y","Y","Y",,,,,,,"REAR",,,,,,,,,,,,,,,,,,,,,,,,,,,,,,,,,
"1852214","3aee0302c48cddd30a1cda49755cc5579dd0edb2ebf19306d6eaa49955845cf1196609c25a8aed7e90d2695814291ceab340eff5b1c983d5f32428cf5694a4c6","2024-06-28T11:50:00.000","1","DRIVER",,"1764441",,"FORD","EXPLORER","IL","2005","NONE","PICKUP","PERSONAL","S","BACKING",,,"1",,,,,,,,,"Y",,,,,,,,,"REAR-RIGHT-CORNER",,,,,,,,,,,,,,,,,,,,,,,,,,,,,,,,,
"1852215","3aee0302c48cddd30a1cda49755cc5579dd0edb2ebf19306d6eaa49955845cf1196609c25a8aed7e90d2695814291ceab340eff5b1c983d5f32428cf5694a4c6","2024-06-28T11:50:00.000","2","DRIVER",,"1764432",,"CHEVROLET","IMPALA","IL","2009","NONE","PASSENGER","PERSONAL","S","STRAIGHT AHEAD",,,"1",,,,,,,,,,,,,,,"Y",,,"FRONT-LEFT-CORNER",,,,,,,,,,,,,,,,,,,,,,,,,,,,,,,,,
"1852157","111670ddc00cc4936199017050e65ddcd2426ad5b1341b999ec392366c0e2242e7afe2f4f82a674adcf5116b67e37362aa70d08775a4ded9667a0ec5923abc7c","2024-06-28T11:45:00.000","1","DRIVER",,"1764386",,"TOYOTA","CAMRY","IL","2001","NONE","PASSENGER","PERSONAL","N","STRAIGHT AHEAD","Y",,"1",,"PRIVATE","UNKNOWN",,,,,,,,,,,"Y","Y",,,"FRONT-LEFT-CORNER",,,,,,,,,,,,,,,,,,,,,,,,,,,,,,,,,
"1852158","111670ddc00cc4936199017050e65ddcd2426ad5b1341b999ec392366c0e2242e7afe2f4f82a674adcf5116b67e37362aa70d08775a4ded9667a0ec5923abc7c","2024-06-28T11:45:00.000","2","DRIVER","1","1764390",,"AUDI","A8","IL","2014","NONE","PASSENGER","PERSONAL","E","STRAIGHT AHEAD",,,"2",,,,,"Y",,,,,,,,,,"Y","Y",,"FRONT",,,,,,,,,,,,,,,,,,,,,,,,,,,,,,,,,
"1852235","1c6108d804937ba8519034efbd64bc32c59131e5d88b6daf6f2607e15c88be3974a772767bcc55a8cf768d5ccf6cfd19a5f720517f78545d3419468810f044b6","2024-06-28T11:45:00.000","1","DRIVER",,"1764452",,"HONDA","ACCORD","IL",,"UNKNOWN","PASSENGER","PERSONAL","W","STARTING IN TRAFFIC",,,"1",,,,,,,,,,"Y",,,,,,,,"REAR",,,,,,,,,,,,,,,,,,,,,,,,,,,,,,,,,
"1852236","1c6108d804937ba8519034efbd64bc32c59131e5d88b6daf6f2607e15c88be3974a772767bcc55a8cf768d5ccf6cfd19a5f720517f78545d3419468810f044b6","2024-06-28T11:45:00.000","2","DRIVER","1","1764460",,"TOYOTA","RAV4","IL","2019","NONE","SPORT UTILITY VEHICLE (SUV)","PERSONAL","N","SLOW/STOP IN TRAFFIC",,,"2",,,,,,,,,,,"Y","Y",,,,,,"REAR-LEFT-CORNER",,,,,,,,,,,,,,,,,,,,,,,,,,,,,,,,,
"1852169","0409140b2a8053a682ebe7a216ebbb6ac8fdf9c4120a1b674886e8504af479a7ef2e3a79925704ce77e4e389b546736d0bd1f0a4bd917fa1638f2ea32718809b","2024-06-28T11:40:00.000","1","DRIVER",,"1764398",,"ISUZU","TRUCK","IL","2011","UNKNOWN","TRUCK - SINGLE UNIT","UNKNOWN/NA","W","STRAIGHT AHEAD",,,"1",,,,,,,,,,,,,,,,,"Y","FRONT",,,,,,,,,,,,,,,,,,,,,,,,,,,,,,,,,
"1852170","0409140b2a8053a682ebe7a216ebbb6ac8fdf9c4120a1b674886e8504af479a7ef2e3a79925704ce77e4e389b546736d0bd1f0a4bd917fa1638f2ea32718809b","2024-06-28T11:40:00.000","2","DRIVER",,"1764405",,"HONDA","ACCORD","IL","2016","UNKNOWN","PASSENGER","PERSONAL","W","STRAIGHT AHEAD",,,"1",,,,,,,,,"Y",,,,,,,,,"REAR-RIGHT-CORNER",,,,,,,,,,,,,,,,,,,,,,,,,,,,,,,,,
"1852171","0409140b2a8053a682ebe7a216ebbb6ac8fdf9c4120a1b674886e8504af479a7ef2e3a79925704ce77e4e389b546736d0bd1f0a4bd917fa1638f2ea32718809b","2024-06-28T11:40:00.000","3","DRIVER",,"1764414",,"NISSAN","ROGUE","FL",,"UNKNOWN","SPORT UTILITY VEHICLE (SUV)","PERSONAL","W","STRAIGHT AHEAD",,,"1",,,,,,,,,,,,,,,"Y",,,"FRONT-LEFT-CORNER",,,,,,,,,,,,,,,,,,,,,,,,,,,,,,,,,
"1852154","ba94677264174f3fb178b707e3f4739d77090abf6acbdd8c2ada851751b0f5fde593028b2542b450a4b8dd297696642c0b875bc5d443398269215f7229c197be","2024-06-28T11:40:00.000","1","DRIVER",,"1764383",,"CHEVROLET","EQUINOX","IL","2020","UNKNOWN","PASSENGER","STATE OWNED","S","STRAIGHT AHEAD",,,"1",,,,,,,,,,,,,,,"Y","Y",,"FRONT",,,,,,,,,,,,,,,,,,,,,,,,,,,,,,,,,
"1852155","ba94677264174f3fb178b707e3f4739d77090abf6acbdd8c2ada851751b0f5fde593028b2542b450a4b8dd297696642c0b875bc5d443398269215f7229c197be","2024-06-28T11:40:00.000","2","DRIVER","1","1764387",,"PONTIAC","VIBE",,"2004","UNKNOWN","PASSENGER","PERSONAL","S","SLOW/STOP IN TRAFFIC",,,"2",,,,,,,,,,"Y","Y",,,,,,,"REAR",,,,,,,,,,,,,,,,,,,,,,,,,,,,,,,,,
"1852165","5009dd689d7e63228f5e502ed0992dfd9b1b63e6d9ff3f8db64f60e44fd13ab0c3c8d340bd3a6b8e90c37b91b202862ed3f6d2f2e6b5fbab0c29fb436d906191","2024-06-28T11:30:00.000","1","DRIVER",,"1764388",,"UNKNOWN","OTHER (EXPLAIN IN NARRATIVE)",,,"UNKNOWN","PASSENGER","UNKNOWN/NA","UNKNOWN","STRAIGHT AHEAD",,,"1",,,,,,,,,,,,,,,,,"Y","UNKNOWN",,,,,,,,,,,,,,,,,,,,,,,,,,,,,,,,,
"1852166","5009dd689d7e63228f5e502ed0992dfd9b1b63e6d9ff3f8db64f60e44fd13ab0c3c8d340bd3a6b8e90c37b91b202862ed3f6d2f2e6b5fbab0c29fb436d906191","2024-06-28T11:30:00.000","2","DRIVER",,"1764393",,"LINCOLN","MKX","IL","2017","UNKNOWN","PASSENGER","PERSONAL","UNKNOWN","STRAIGHT AHEAD",,,"1",,,,,,,,,"Y","Y","Y",,,,,,,"REAR",,,,,,,,,,,,,,,,,,,,,,,,,,,,,,,,,
"1852167","54f868225257eb59f5e73e69177822e91c8c7ec1e5111c0df5394bd1cff7c2aa7397d780db1bff568cd9112bda1060bea98685e0f90b6476bd590af4e9fd9afd","2024-06-28T11:30:00.000","1","DRIVER",,"1764394",,"JEEP","GRAND CHEROKEE","IL","2015","UNKNOWN","PASSENGER","PERSONAL","S","STRAIGHT AHEAD",,,"1",,,,,"Y",,,,,,,,,,"Y","Y",,"FRONT",,,,,,,,,,,,,,,,,,,,,,,,,,,,,,,,,
"1852168","54f868225257eb59f5e73e69177822e91c8c7ec1e5111c0df5394bd1cff7c2aa7397d780db1bff568cd9112bda1060bea98685e0f90b6476bd590af4e9fd9afd","2024-06-28T11:30:00.000","2","DRIVER",,"1764403",,"KIA","STINGER","IL","2022","UNKNOWN","PASSENGER","PERSONAL","SE","STRAIGHT AHEAD",,,"1",,,,,,,,,,,,,,"Y","Y","N",,"FRONT-LEFT-CORNER",,,,,,,,,,,,,,,,,,,,,,,,,,,,,,,,,
"1852257","8b6aa2b4534384d701437c272102c3c801b38cfcf1ea3060464b7d10fbbc9a0acb69c776e98a5e4f85eb36cc48f3be741c12d131b3ab59ba8e613830885d18fe","2024-06-28T11:29:00.000","1","DRIVER",,"1764478",,"BUICK","LESABRE","IL","2004","BRAKES","PASSENGER","PERSONAL","N","STRAIGHT AHEAD","Y",,"1",,"PRIVATE TOW","OWNERS HOME",,"Y",,,,,,,,,,"Y","Y",,"FRONT",,,,,,,,,,,,,,,,,,,,,,,,,,,,,,,,,
"1852258","8b6aa2b4534384d701437c272102c3c801b38cfcf1ea3060464b7d10fbbc9a0acb69c776e98a5e4f85eb36cc48f3be741c12d131b3ab59ba8e613830885d18fe","2024-06-28T11:29:00.000","2","DRIVER","2","1764481",,"INFINITI","QX50","IL","2020","NONE","PASSENGER","PERSONAL","N","STRAIGHT AHEAD",,,"3",,,,,,,,,,"Y",,,,,,,,"REAR",,,,,,,,,,,,,,,,,,,,,,,,,,,,,,,,,
"1852152","492505c41c879c13964081a4f0f226636f24d451a0c65baf40f53689fe0544eb63c4b2cb39db3429f0270362ba7b8c8f8d10f92688f9da41f0f7bf428156db35","2024-06-28T11:20:00.000","1","DRIVER",,"1764380",,"BMW","BMW","IL","2008","NONE","PASSENGER","PERSONAL","E","STRAIGHT AHEAD",,,"1",,,,,"Y","Y","Y","Y","Y",,,,,,,,,"SIDE-RIGHT",,,,,,,,,,,,,,,,,,,,,,,,,,,,,,,,,
"1852153","492505c41c879c13964081a4f0f226636f24d451a0c65baf40f53689fe0544eb63c4b2cb39db3429f0270362ba7b8c8f8d10f92688f9da41f0f7bf428156db35","2024-06-28T11:20:00.000","2","PARKED",,"1764384",,"CHEVROLET","TRAX","IL","2015","NONE","PASSENGER","PERSONAL","E","PARKED",,,"0",,,,,,,,,,,,,,"Y",,,,"SIDE-LEFT-FRONT",,,,,,,,,,,,,,,,,,,,,,,,,,,,,,,,,
"1852161","836e9be091035d8d6776674f55c119e812fea916811e0c04ee89eed99ff91efed7964a40c182ca2dd2689a28188921fa8eecaa58bb37ff42ed6f1c4c56b32e3d","2024-06-28T11:17:00.000","1","DRIVER",,"1764392",,"TOYOTA","OTHER (EXPLAIN IN NARRATIVE)","IL","2011","NONE","PICKUP","PERSONAL","W","STRAIGHT AHEAD",,,"1",,,,,,,,,,,,,,,,,"Y","FRONT",,,,,,,,,,,,,,,,,,,,,,,,,,,,,,,,,
"1852162","836e9be091035d8d6776674f55c119e812fea916811e0c04ee89eed99ff91efed7964a40c182ca2dd2689a28188921fa8eecaa58bb37ff42ed6f1c4c56b32e3d","2024-06-28T11:17:00.000","2","DRIVER",,"1764396",,"JEEP","GRAND CHEROKEE","IL","2013","NONE","PASSENGER","PERSONAL","W","STRAIGHT AHEAD",,,"1",,,,,,,,,"Y","Y","Y",,,,,,,"REAR",,,,,,,,,,,,,,,,,,,,,,,,,,,,,,,,,
"1852192","cbf382f26326974043dffbd9e6665357bb2fdb8e53cf62439aec0c5157377bcf8c0a1c5e0483d9debb9f17d0338be00ec2000512ea0369146cbf10e3a22cc46f","2024-06-28T11:15:00.000","1","DRIVER","3","1764422",,"NISSAN","ALTIMA","IL","2017","NONE","PASSENGER","TAXI/FOR HIRE","W","U-TURN",,,"4",,,,,"Y",,,,,,,,,,,,,"FRONT-RIGHT-CORNER",,,,,,,,,,,,,,,,,,,,,,,,,,,,,,,,,
"1852193","cbf382f26326974043dffbd9e6665357bb2fdb8e53cf62439aec0c5157377bcf8c0a1c5e0483d9debb9f17d0338be00ec2000512ea0369146cbf10e3a22cc46f","2024-06-28T11:15:00.000","2","DRIVER","1","1764447",,"TOYOTA","PRIUS","IL","2010","NONE","PASSENGER","TAXI/FOR HIRE","W","STRAIGHT AHEAD",,,"2",,,,,"Y",,,,,,,,,"Y","Y",,,"SIDE-LEFT",,,,,,,,,,,,,,,,,,,,,,,,,,,,,,,,,
"1852252","ad92b5c47eedb6d2284d1e3b8281279d1b8559fdd9d5c43a42bce662ca5a84fb7bd4e30f09c3e630ad458d64dc6748e54533f47a76a91440ab7ee889fff49437","2024-06-28T11:14:00.000","1","DRIVER",,"1765066",,"FORD","F150","IL","2005","NONE","PICKUP","PERSONAL","E","STRAIGHT AHEAD","Y",,"1",,"owners tow",,,,"Y","Y","Y",,,,,,,,,,"SIDE-RIGHT",,,,,,,,,,,,,,,,,,,,,,,,,,,,,,,,,
"1852253","ad92b5c47eedb6d2284d1e3b8281279d1b8559fdd9d5c43a42bce662ca5a84fb7bd4e30f09c3e630ad458d64dc6748e54533f47a76a91440ab7ee889fff49437","2024-06-28T11:14:00.000","2","DRIVER",,"1765067",,"TOYOTA","CAMRY","IL","2015","NONE","PASSENGER","NOT IN USE","N","STRAIGHT AHEAD",,,"1",,,,,,,,,,,,,,,"Y",,,"FRONT",,,,,,,,,,,,,,,,,,,,,,,,,,,,,,,,,
"1852148","b164bfc46dd062c535add24efd02aa7c90e4e5d7e55cf30d29d1c5d9d9da6c7ee65d2afebfc2ae2a89165b055d67215362ef7b1444ac43c0f71475ad80e32935","2024-06-28T11:10:00.000","1","DRIVER",,"1764375",,"VOLKSWAGEN","TIGUAN",,"2022","UNKNOWN","UNKNOWN/NA","OTHER","W","PASSING/OVERTAKING",,,"1",,,,,,,,,,,,,,,"Y","N",,"FRONT-LEFT-CORNER",,,,,,,,,,,,,,,,,,,,,,,,,,,,,,,,,
"1852149","b164bfc46dd062c535add24efd02aa7c90e4e5d7e55cf30d29d1c5d9d9da6c7ee65d2afebfc2ae2a89165b055d67215362ef7b1444ac43c0f71475ad80e32935","2024-06-28T11:10:00.000","2","DRIVER",,"1764385",,"BUICK","ENVISION","IL","2019","NONE","UNKNOWN/NA","PERSONAL","W","STRAIGHT AHEAD",,,"1",,,,,"Y","Y",,,,,,,,,,,,"FRONT-RIGHT-CORNER",,,,,,,,,,,,,,,,,,,,,,,,,,,,,,,,,
"1852178","f0ef7b5291f12b7152bc71b89a3a20d6035fe1c1b3df6f98f5d37bf5a55ab5511a1aeac91d10f029cac321921db59975a2f358291cbd03e9de0efdbeb50b091f","2024-06-28T11:07:00.000","1","DRIVER","2","1764409",,"HONDA","ACCORD","IL","2008","NONE","PASSENGER","PERSONAL","W","STRAIGHT AHEAD",,,"3",,,,,"Y",,,,,,,,,,"Y","Y",,"FRONT",,,,,,,,,,,,,,,,,,,,,,,,,,,,,,,,,
"1852179","f0ef7b5291f12b7152bc71b89a3a20d6035fe1c1b3df6f98f5d37bf5a55ab5511a1aeac91d10f029cac321921db59975a2f358291cbd03e9de0efdbeb50b091f","2024-06-28T11:07:00.000","2","NON-MOTOR VEHICLE",,,,,,,,,,,,,,,,,,,,,,,,,,,,,,,,,,,,,,,,,,,,,,,,,,,,,,,,,,,,,,,,,,
"1852489","884d4376308a4ee5387d6c7868602795e12a7f972cd6f643091839f9bc252e3a89be74e0a8030e00cfcfa3ccd1fd7e164dd8ce3a6f41e38f11dd6084eb69d901","2024-06-28T11:00:00.000","1","DRIVER",,"1764725",,"CHEVROLET","SUBURBAN","IL","2008","NONE","SPORT UTILITY VEHICLE (SUV)","NOT IN USE","S","BACKING",,,"1",,,,,,,,,"Y",,"Y","Y",,,,,,"SIDE-RIGHT-REAR",,,,,,,,,,,,,,,,,,,,,,,,,,,,,,,,,
"1852490","884d4376308a4ee5387d6c7868602795e12a7f972cd6f643091839f9bc252e3a89be74e0a8030e00cfcfa3ccd1fd7e164dd8ce3a6f41e38f11dd6084eb69d901","2024-06-28T11:00:00.000","2","DRIVER",,"1764840",,"MAZDA","CX-5","IL","2018","NONE","SPORT UTILITY VEHICLE (SUV)","PERSONAL","W","STRAIGHT AHEAD",,,"1",,,,,,,,,,,,,,,"Y","N",,"FRONT-LEFT-CORNER",,,,,,,,,,,,,,,,,,,,,,,,,,,,,,,,,
"1852144","a3aec18b0c73283109d054588854ab497dffbb5483edf4474a4df6a58295a97f9f38ec6e9b1a2df25b431fcc17f27b183c207c5c15dcc2f14e769dcaf07f01e6","2024-06-28T11:00:00.000","1","DRIVER",,"1764371",,"KIA","OPTIMA / K5","IL","2004","UNKNOWN","PASSENGER","PERSONAL","S","STRAIGHT AHEAD",,,"1",,,,,"Y",,,,,,,,,,"Y","Y",,"FRONT",,,,,,,,,,,,,,,,,,,,,,,,,,,,,,,,,
"1852145","a3aec18b0c73283109d054588854ab497dffbb5483edf4474a4df6a58295a97f9f38ec6e9b1a2df25b431fcc17f27b183c207c5c15dcc2f14e769dcaf07f01e6","2024-06-28T11:00:00.000","2","DRIVER",,"1764377",,"NISSAN","SENTRA","IL","2024","UNKNOWN","PASSENGER","PERSONAL","S","STRAIGHT AHEAD",,,"1",,,,,,,,,"Y","Y","Y",,,,,,,"REAR",,,,,,,,,,,,,,,,,,,,,,,,,,,,,,,,,
"1853132","d2b721347156e710e48d393b8fbfa10ee8d9df526e230ebc90d63108296d296752b7106d70b4e3403d790d3ca5b391dbf2de48caf8d0becd74f063b88c2b0489","2024-06-28T11:00:00.000","1","DRIVER",,"1765323",,"UNKNOWN","OTHER (EXPLAIN IN NARRATIVE)","XX",,"UNKNOWN","UNKNOWN/NA","UNKNOWN/NA","W","STRAIGHT AHEAD",,,"1",,,,,"Y",,,,,,,,,,"Y","Y",,"FRONT",,,,,,,,,,,,,,,,,,,,,,,,,,,,,,,,,
"1853133","d2b721347156e710e48d393b8fbfa10ee8d9df526e230ebc90d63108296d296752b7106d70b4e3403d790d3ca5b391dbf2de48caf8d0becd74f063b88c2b0489","2024-06-28T11:00:00.000","2","DRIVER",,"1765328",,"GENERAL MOTORS CORPORATION (GMC)","TERRAIN","IL","2011","UNKNOWN","SPORT UTILITY VEHICLE (SUV)","PERSONAL","N","STRAIGHT AHEAD",,,"1",,,,,,"Y","Y","Y",,,,,,,,,,"SIDE-RIGHT",,,,,,,,,,,,,,,,,,,,,,,,,,,,,,,,,
"1852172","2f32a18ec4ac9793fbd46c4b77dc84cf326bc8e497d32e9ad96751409eaab2e13cc39fd60d4a1d2c2c6cabd84af7e14ad5b1207cdf2e90f68e769367dc18d84b","2024-06-28T10:53:00.000","1","DRIVER",,"1764397",,"FORD","ESCAPE","WI","2015","NONE","PASSENGER","PERSONAL","S","STRAIGHT AHEAD",,,"1",,,,"Y",,,,,,,,,,,,,,"FRONT",,,,,,,,,,,,,,,,,,,,,,,,,,,,,,,,,
"1852173","2f32a18ec4ac9793fbd46c4b77dc84cf326bc8e497d32e9ad96751409eaab2e13cc39fd60d4a1d2c2c6cabd84af7e14ad5b1207cdf2e90f68e769367dc18d84b","2024-06-28T10:53:00.000","2","DRIVER",,"1764400",,"HYUNDAI","SANTA FE","IL","2022","NONE","SPORT UTILITY VEHICLE (SUV)","PERSONAL","S","SLOW/STOP IN TRAFFIC",,,"1",,,,,,,,,,"Y",,,,,,,,"REAR",,,,,,,,,,,,,,,,,,,,,,,,,,,,,,,,,
"1852180","6c9f34bc5895df4552f4efe33e85cd09f9595f6e19840b0ad7e43f8f9bbe81fcb118cb3263b90bf613cbbf6ddde7bb47fc6a05062fed2ea178a89b2eb9926d8b","2024-06-28T10:51:00.000","1","DRIVER","1","1764404",,"DODGE","RAM 1500 PU","IL","2000","NONE","PICKUP","PERSONAL","W","STRAIGHT AHEAD",,,"2",,,,,,,,,,,,,,,,"Y",,"FRONT",,,,,,,,,,,,,,,,,,,,,,,,,,,,,,,,,
"1852181","6c9f34bc5895df4552f4efe33e85cd09f9595f6e19840b0ad7e43f8f9bbe81fcb118cb3263b90bf613cbbf6ddde7bb47fc6a05062fed2ea178a89b2eb9926d8b","2024-06-28T10:51:00.000","2","DRIVER",,"1764417",,"CHEVROLET","EQUINOX","FL","2019","NONE","SPORT UTILITY VEHICLE (SUV)","PERSONAL","W","STRAIGHT AHEAD",,,"1",,,,,,,,,,"Y",,,,,,,,"REAR",,,,,,,,,,,,,,,,,,,,,,,,,,,,,,,,,
"1852137","b9d6dd7a4f1e42b1d2e8eb37b5009993fdf76e199880e581d800863c604f93b250ec65a9d0d44be9c2138ef09810967ba3443ced09e3aaca532c9c1827bc4ebc","2024-06-28T10:47:00.000","1","DRIVER",,"1764369",,"CHRYSLER","TOWN & COUNTRY","IL","2013","UNKNOWN","UNKNOWN/NA","UNKNOWN/NA","S","TURNING LEFT",,,"1",,,,,,,,,,,,,,,,,"Y","UNKNOWN",,,,,,,,,,,,,,,,,,,,,,,,,,,,,,,,,
"1852138","b9d6dd7a4f1e42b1d2e8eb37b5009993fdf76e199880e581d800863c604f93b250ec65a9d0d44be9c2138ef09810967ba3443ced09e3aaca532c9c1827bc4ebc","2024-06-28T10:47:00.000","2","DRIVER",,"1764373",,"TOYOTA","SIENNA","IL","2016","NONE","PASSENGER","PERSONAL","SE","TURNING LEFT",,,"1",,,,,,"Y","Y","Y","Y",,,,,,,,,"SIDE-RIGHT",,,,,,,,,,,,,,,,,,,,,,,,,,,,,,,,,
"1852126","596fe84bba71b08410dd2240bb2967f23da41f28639ce06bb96dab6c6ef742950ae647363aacb37174377671b18675e5a4e614efe062c2f9ed98e7b7a993c014","2024-06-28T10:35:00.000","1","DRIVER",,"1764352",,"DODGE","DAKOTA","IL","2001","OTHER","UNKNOWN/NA","UNKNOWN/NA","W","BACKING",,,"1",,,,,,,,,,,,,,,,,"Y","UNKNOWN",,,,,,,,,,,,,,,,,,,,,,,,,,,,,,,,,
"1852127","596fe84bba71b08410dd2240bb2967f23da41f28639ce06bb96dab6c6ef742950ae647363aacb37174377671b18675e5a4e614efe062c2f9ed98e7b7a993c014","2024-06-28T10:35:00.000","2","DRIVER",,"1764355",,"CADILLAC","DEVILLE","IL","2003","NONE","PASSENGER","PERSONAL","E","SLOW/STOP IN TRAFFIC",,,"1",,,,,,,,,,"Y","Y",,,,,,,"REAR",,,,,,,,,,,,,,,,,,,,,,,,,,,,,,,,,
"1852122","cdc4ac653fe1c3fe493886b0c56dfcaf98dcd7aa8d01ca512338a753999b4b5b81dc678922e3f0ba9f3540236e4abbdaf2979ac2a482129a24a030e7c6fdf7c0","2024-06-28T10:25:00.000","1","DRIVER",,"1764356",,"ISUZU","TRUCK","IL","2013","NONE","TRUCK - SINGLE UNIT","OTHER","S","STRAIGHT AHEAD",,,"1",,,,"Y",,,,,,,,,,,,,,"UNKNOWN",,,,,,,,,,,,,,,,,,,,,,,,,,,,,,,,,
"1852123","cdc4ac653fe1c3fe493886b0c56dfcaf98dcd7aa8d01ca512338a753999b4b5b81dc678922e3f0ba9f3540236e4abbdaf2979ac2a482129a24a030e7c6fdf7c0","2024-06-28T10:25:00.000","2","DRIVER",,"1764351",,"TOYOTA","COROLLA","IL","2017","NONE","PASSENGER","PERSONAL","S","STRAIGHT AHEAD",,,"1",,,,,,,,,,,"Y","Y",,,,,,"SIDE-LEFT-REAR",,,,,,,,,,,,,,,,,,,,,,,,,,,,,,,,,
"1852130","b296fd348008e40923b01eb7f6e9dc832e982ffe269838c5eb84e07db5b446f703a6341790132e38cb3fa90476ec97425ce57321c186f23c5a70e1ee2db0dc7d","2024-06-28T10:10:00.000","1","PEDESTRIAN",,,,,,,,,,,,,,,,,,,,,,,,,,,,,,,,,,,,,,,,,,,,,,,,,,,,,,,,,,,,,,,,,,
"1852136","b296fd348008e40923b01eb7f6e9dc832e982ffe269838c5eb84e07db5b446f703a6341790132e38cb3fa90476ec97425ce57321c186f23c5a70e1ee2db0dc7d","2024-06-28T10:10:00.000","2","DRIVER",,"1764366",,"FORD","F150","IL","2012","NONE","PICKUP","OTHER","S","SLOW/STOP IN TRAFFIC",,,"1",,,,"Y",,,,,,,,,,,,,,"UNKNOWN",,,,,,,,,,,,,,,,,,,,,,,,,,,,,,,,,
"1852104","afbeea6a43f3ec97c1be817a208be131c723d80cd0102feb6960fcc1b4687133ee1f824895a8eb85cf2cef89df06493af216853193914e74c768e5bdcee8d2bd","2024-06-28T10:05:00.000","1","DRIVER",,"1764338",,"UNKNOWN","MOTORIZED","IL",,"UNKNOWN","UNKNOWN/NA","UNKNOWN/NA","W","TURNING RIGHT",,,"1",,,,,,,,,,,,,,,,,"Y","FRONT",,,,,,,,,,,,,,,,,,,,,,,,,,,,,,,,,